DATE,TIME,LEAGUE,HOME TEAM,AWAY TEAM,HOME PER,DRAW PER,AWAY PER,1X PER,12 PER,X2 PER,OVER 1.5,UNDER 2.5,OVER 2.5,BTS,OTS,NAME,SOURCE_URL,SOURCE_DATE,SOURCE_TIME,TIMEZONE,HOME_AWAY_EXPLICIT
03/10/2026,23:00,,Brooklyn,Rhode Island,31,22,47,53,78,69,74,49,51,49,51,STA,https://www.statarea.com/predictions/date/2026-10-04/competition,2026-10-04,00:00,DYNAMIC_OFFSET:source-utc=+60m,1
03/10/2026,23:00,,Club Queretaro (w),Atletico San Luis (w),24,21,55,45,79,76,86,39,61,57,43,STA,https://www.statarea.com/predictions/date/2026-10-04/competition,2026-10-04,00:00,DYNAMIC_OFFSET:source-utc=+60m,1
03/10/2026,23:00,,Deportes Santa Cruz,San Marcos de Arica,34,34,32,68,66,66,95,42,58,55,45,STA,https://www.statarea.com/predictions/date/2026-10-04/competition,2026-10-04,00:00,DYNAMIC_OFFSET:source-utc=+60m,1
03/10/2026,23:00,,Inter Playa del Carmen,Deportiva Venados,28,40,32,68,60,72,78,47,53,58,42,STA,https://www.statarea.com/predictions/date/2026-10-04/competition,2026-10-04,00:00,DYNAMIC_OFFSET:source-utc=+60m,1
03/10/2026,23:00,,Lexington Sc,El Paso Locomotive,46,24,30,70,76,54,78,47,53,52,48,STA,https://www.statarea.com/predictions/date/2026-10-04/competition,2026-10-04,00:00,DYNAMIC_OFFSET:source-utc=+60m,1
03/10/2026,23:00,,Westchester Sc,Av Alta,51,24,25,75,76,49,81,36,64,59,41,STA,https://www.statarea.com/predictions/date/2026-10-04/competition,2026-10-04,00:00,DYNAMIC_OFFSET:source-utc=+60m,1
03/10/2026,23:30,,Sarasota Paradise,Charlotte Independence,35,33,32,68,67,65,93,33,67,73,27,STA,https://www.statarea.com/predictions/date/2026-10-04/competition,2026-10-04,00:30,DYNAMIC_OFFSET:source-utc=+60m,1
03/10/2026,23:30,,Tampa Bay Rowdies,Miami FC,65,23,12,88,77,35,87,43,57,48,52,STA,https://www.statarea.com/predictions/date/2026-10-04/competition,2026-10-04,00:30,DYNAMIC_OFFSET:source-utc=+60m,1
04/10/2026,00:00,,Argentina,Burkina Faso,78,12,10,90,88,22,91,24,76,28,72,STA,https://www.statarea.com/predictions/date/2026-10-04/competition,2026-10-04,01:00,DYNAMIC_OFFSET:source-utc=+60m,1
04/10/2026,00:00,,FC Tulsa,Sacramento Republic,40,31,29,71,69,60,63,66,34,39,61,STA,https://www.statarea.com/predictions/date/2026-10-04/competition,2026-10-04,01:00,DYNAMIC_OFFSET:source-utc=+60m,1
04/10/2026,01:00,,Atletico Morelia,Tlaxcala FC,61,29,10,90,71,39,84,40,60,55,45,STA,https://www.statarea.com/predictions/date/2026-10-04/competition,2026-10-04,02:00,DYNAMIC_OFFSET:source-utc=+60m,1
04/10/2026,01:00,,Cancun FC,Tapatio,58,26,16,84,74,42,88,37,63,66,34,STA,https://www.statarea.com/predictions/date/2026-10-04/competition,2026-10-04,02:00,DYNAMIC_OFFSET:source-utc=+60m,1
04/10/2026,01:00,,Colorado Switchbacks,Oakland Roots,53,24,23,77,76,47,75,45,55,55,45,STA,https://www.statarea.com/predictions/date/2026-10-04/competition,2026-10-04,02:00,DYNAMIC_OFFSET:source-utc=+60m,1
04/10/2026,01:00,,Piratas Veracruz,Alebrijes De Oaxaca,76,15,9,91,85,24,87,35,65,39,61,STA,https://www.statarea.com/predictions/date/2026-10-04/competition,2026-10-04,02:00,DYNAMIC_OFFSET:source-utc=+60m,1
04/10/2026,01:00,,Spokane Velocity,Portland Hearts Of Pine,57,26,17,83,74,43,92,31,69,71,29,STA,https://www.statarea.com/predictions/date/2026-10-04/competition,2026-10-04,02:00,DYNAMIC_OFFSET:source-utc=+60m,1
04/10/2026,02:00,,Orange County SC,Monterey Bay FC,52,26,22,78,74,48,82,44,56,59,41,STA,https://www.statarea.com/predictions/date/2026-10-04/competition,2026-10-04,03:00,DYNAMIC_OFFSET:source-utc=+60m,1
04/10/2026,02:00,,USA,Mexico,39,25,36,64,75,61,88,45,55,50,50,STA,https://www.statarea.com/predictions/date/2026-10-04/competition,2026-10-04,03:00,DYNAMIC_OFFSET:source-utc=+60m,1
04/10/2026,02:30,,Las Vegas Lights FC,San Antonio FC,31,35,34,66,65,69,78,50,50,60,40,STA,https://www.statarea.com/predictions/date/2026-10-04/competition,2026-10-04,03:30,DYNAMIC_OFFSET:source-utc=+60m,1
04/10/2026,03:10,,Necaxa (w),Cruz Azul (w),18,11,71,29,89,82,95,31,69,37,63,STA,https://www.statarea.com/predictions/date/2026-10-04/competition,2026-10-04,04:10,DYNAMIC_OFFSET:source-utc=+60m,1
04/10/2026,04:00,,Consadole Sapporo,Iwaki FC,41,30,29,71,70,59,89,36,64,64,36,STA,https://www.statarea.com/predictions/date/2026-10-04/competition,2026-10-04,05:00,DYNAMIC_OFFSET:source-utc=+60m,1
04/10/2026,04:00,,Vanraure Hachinohe,Yokohama FC,24,28,48,52,72,76,84,52,48,45,55,STA,https://www.statarea.com/predictions/date/2026-10-04/competition,2026-10-04,05:00,DYNAMIC_OFFSET:source-utc=+60m,1
04/10/2026,05:00,,Blaublitz Akita,Sagan Tosu,36,31,33,67,69,64,81,50,50,48,52,STA,https://www.statarea.com/predictions/date/2026-10-04/competition,2026-10-04,06:00,DYNAMIC_OFFSET:source-utc=+60m,1
04/10/2026,05:00,,Kamatamare Sanuki,Tochigi SC,31,30,39,61,70,69,76,42,58,55,45,STA,https://www.statarea.com/predictions/date/2026-10-04/competition,2026-10-04,06:00,DYNAMIC_OFFSET:source-utc=+60m,1
04/10/2026,05:00,,Mokpo City,Busan Transportation,26,32,42,58,68,74,78,49,51,66,34,STA,https://www.statarea.com/predictions/date/2026-10-04/competition,2026-10-04,06:00,DYNAMIC_OFFSET:source-utc=+60m,1
04/10/2026,06:00,,Vegalta Sendai,Jubilo Iwata,44,31,25,75,69,56,74,47,53,57,43,STA,https://www.statarea.com/predictions/date/2026-10-04/competition,2026-10-04,07:00,DYNAMIC_OFFSET:source-utc=+60m,1
04/10/2026,08:00,,Ural 2,Nosta,39,35,26,74,65,61,87,39,61,57,43,STA,https://www.statarea.com/predictions/date/2026-10-04/competition,2026-10-04,09:00,DYNAMIC_OFFSET:source-utc=+60m,1
04/10/2026,08:15,,Bohemians 1905 B,Pisek,42,33,25,75,67,58,90,30,70,67,33,STA,https://www.statarea.com/predictions/date/2026-10-04/competition,2026-10-04,09:15,DYNAMIC_OFFSET:source-utc=+60m,1
04/10/2026,08:15,,Unicov,Polanka Nad Odrou,63,25,12,88,75,37,94,36,64,70,30,STA,https://www.statarea.com/predictions/date/2026-10-04/competition,2026-10-04,09:15,DYNAMIC_OFFSET:source-utc=+60m,1
04/10/2026,08:30,,MFK Petrzalka,OFK Malzenice,68,22,10,90,78,32,89,36,64,58,42,STA,https://www.statarea.com/predictions/date/2026-10-04/competition,2026-10-04,09:30,DYNAMIC_OFFSET:source-utc=+60m,1
04/10/2026,09:00,,Deportiva Minera,La Nucia,36,33,31,69,67,64,61,63,37,34,66,STA,https://www.statarea.com/predictions/date/2026-10-04/competition,2026-10-04,10:00,DYNAMIC_OFFSET:source-utc=+60m,1
04/10/2026,09:00,,Kagoshima United,Fukushima United,62,23,15,85,77,38,78,40,60,61,39,STA,https://www.statarea.com/predictions/date/2026-10-04/competition,2026-10-04,10:00,DYNAMIC_OFFSET:source-utc=+60m,1
04/10/2026,10:00,,Athletic Club B,CD Extremadura,49,33,18,82,67,51,76,48,52,63,37,STA,https://www.statarea.com/predictions/date/2026-10-04/competition,2026-10-04,11:00,DYNAMIC_OFFSET:source-utc=+60m,1
04/10/2026,10:00,,Atletico Baleares,Poblense,51,26,23,77,74,49,68,55,45,44,56,STA,https://www.statarea.com/predictions/date/2026-10-04/competition,2026-10-04,11:00,DYNAMIC_OFFSET:source-utc=+60m,1
04/10/2026,10:00,,Atletico Sanluqueno,Cp Mijas-las Lagunas,38,34,28,72,66,62,60,60,40,46,54,STA,https://www.statarea.com/predictions/date/2026-10-04/competition,2026-10-04,11:00,DYNAMIC_OFFSET:source-utc=+60m,1
04/10/2026,10:00,,CF Intercity,Yeclano,40,32,28,72,68,60,70,61,39,48,52,STA,https://www.statarea.com/predictions/date/2026-10-04/competition,2026-10-04,11:00,DYNAMIC_OFFSET:source-utc=+60m,1
04/10/2026,10:00,,Croatia (u19),Turkey (u19),49,25,26,74,75,51,77,42,58,54,46,STA,https://www.statarea.com/predictions/date/2026-10-04/competition,2026-10-04,11:00,DYNAMIC_OFFSET:source-utc=+60m,1
04/10/2026,10:00,,FK Novosibirsk,Dinamo Bryansk,47,27,26,74,73,53,74,41,59,55,45,STA,https://www.statarea.com/predictions/date/2026-10-04/competition,2026-10-04,11:00,DYNAMIC_OFFSET:source-utc=+60m,1
04/10/2026,10:00,,Farense,Chaves,46,28,26,74,72,54,72,51,49,53,47,STA,https://www.statarea.com/predictions/date/2026-10-04/competition,2026-10-04,11:00,DYNAMIC_OFFSET:source-utc=+60m,1
04/10/2026,10:00,,Getafe B,Numancia,26,33,41,59,67,74,76,61,39,45,55,STA,https://www.statarea.com/predictions/date/2026-10-04/competition,2026-10-04,11:00,DYNAMIC_OFFSET:source-utc=+60m,1
04/10/2026,10:00,,Granada Femenino (w),Eibar (w),59,23,18,82,77,41,68,58,42,32,68,STA,https://www.statarea.com/predictions/date/2026-10-04/competition,2026-10-04,11:00,DYNAMIC_OFFSET:source-utc=+60m,1
04/10/2026,10:00,,Logrones CF,Deportivo Fabril,53,31,16,84,69,47,76,47,53,44,56,STA,https://www.statarea.com/predictions/date/2026-10-04/competition,2026-10-04,11:00,DYNAMIC_OFFSET:source-utc=+60m,1
04/10/2026,10:00,,Mallorca B,Alcoyano,34,29,37,63,71,66,67,56,44,31,69,STA,https://www.statarea.com/predictions/date/2026-10-04/competition,2026-10-04,11:00,DYNAMIC_OFFSET:source-utc=+60m,1
04/10/2026,10:00,,Murcia,Gimnastic Tarragona,54,26,20,80,74,46,72,53,47,44,56,STA,https://www.statarea.com/predictions/date/2026-10-04/competition,2026-10-04,11:00,DYNAMIC_OFFSET:source-utc=+60m,1
04/10/2026,10:00,,RSD Alcala,Navalcarnero,50,27,23,77,73,50,73,47,53,50,50,STA,https://www.statarea.com/predictions/date/2026-10-04/competition,2026-10-04,11:00,DYNAMIC_OFFSET:source-utc=+60m,1
04/10/2026,10:00,,Recreativo Huelva,Las Palmas B,61,25,14,86,75,39,73,45,55,46,54,STA,https://www.statarea.com/predictions/date/2026-10-04/competition,2026-10-04,11:00,DYNAMIC_OFFSET:source-utc=+60m,1
04/10/2026,10:00,,San Sebastian De Los Reyes,Real Avila,43,31,26,74,69,57,73,53,47,46,54,STA,https://www.statarea.com/predictions/date/2026-10-04/competition,2026-10-04,11:00,DYNAMIC_OFFSET:source-utc=+60m,1
04/10/2026,10:00,,Tegevajaro Miyazaki,Omiya Ardija,33,33,34,66,67,67,88,35,65,64,36,STA,https://www.statarea.com/predictions/date/2026-10-04/competition,2026-10-04,11:00,DYNAMIC_OFFSET:source-utc=+60m,1
04/10/2026,10:00,,Villarreal B,UD Ibiza,57,27,16,84,73,43,77,50,50,49,51,STA,https://www.statarea.com/predictions/date/2026-10-04/competition,2026-10-04,11:00,DYNAMIC_OFFSET:source-utc=+60m,1
04/10/2026,10:00,,Xerez,Tenerife B,37,27,36,64,73,63,84,43,57,44,56,STA,https://www.statarea.com/predictions/date/2026-10-04/competition,2026-10-04,11:00,DYNAMIC_OFFSET:source-utc=+60m,1
04/10/2026,10:30,,Lecco,Brescia,23,33,44,56,67,77,76,54,46,36,64,STA,https://www.statarea.com/predictions/date/2026-10-04/competition,2026-10-04,11:30,DYNAMIC_OFFSET:source-utc=+60m,1
04/10/2026,10:30,,Treviso,GIANA Erminio,55,27,18,82,73,45,72,53,47,42,58,STA,https://www.statarea.com/predictions/date/2026-10-04/competition,2026-10-04,11:30,DYNAMIC_OFFSET:source-utc=+60m,1
04/10/2026,10:30,,Triestina,FC Obermais,47,27,26,74,73,53,73,49,51,48,52,STA,https://www.statarea.com/predictions/date/2026-10-04/competition,2026-10-04,11:30,DYNAMIC_OFFSET:source-utc=+60m,1
04/10/2026,11:00,,Tamaraceite,Antoniano,44,33,23,77,67,56,74,54,46,47,53,STA,https://www.statarea.com/predictions/date/2026-10-04/competition,2026-10-04,12:00,DYNAMIC_OFFSET:source-utc=+60m,1
04/10/2026,11:00,,Vasalunds IF,FC Arlanda,34,31,35,65,69,66,81,41,59,62,38,STA,https://www.statarea.com/predictions/date/2026-10-04/competition,2026-10-04,12:00,DYNAMIC_OFFSET:source-utc=+60m,1
04/10/2026,11:00,,Znicz Pruszkow,Stal Stalowa Wola,52,29,19,81,71,48,85,39,61,69,31,STA,https://www.statarea.com/predictions/date/2026-10-04/competition,2026-10-04,12:00,DYNAMIC_OFFSET:source-utc=+60m,1
04/10/2026,11:30,,Veles Moscow,Volga Ulyanovsk,47,32,21,79,68,53,76,44,56,64,36,STA,https://www.statarea.com/predictions/date/2026-10-04/competition,2026-10-04,12:30,DYNAMIC_OFFSET:source-utc=+60m,1
04/10/2026,11:45,,VfL Wolfsburg (w),Hamburger Sv (w),81,12,7,93,88,19,89,22,78,55,45,STA,https://www.statarea.com/predictions/date/2026-10-04/competition,2026-10-04,12:45,DYNAMIC_OFFSET:source-utc=+60m,1
04/10/2026,12:00,,Alania Vladikavkaz,Sokol Saratov,46,30,24,76,70,54,74,59,41,53,47,STA,https://www.statarea.com/predictions/date/2026-10-04/competition,2026-10-04,13:00,DYNAMIC_OFFSET:source-utc=+60m,1
04/10/2026,12:00,,Asteras Tripolis B,Anagennisi Karditsas,47,29,24,76,71,53,57,66,34,32,68,STA,https://www.statarea.com/predictions/date/2026-10-04/competition,2026-10-04,13:00,DYNAMIC_OFFSET:source-utc=+60m,1
04/10/2026,12:00,,Djurgarden (w),AIK (w),30,31,39,61,69,70,79,48,52,52,48,STA,https://www.statarea.com/predictions/date/2026-10-04/competition,2026-10-04,13:00,DYNAMIC_OFFSET:source-utc=+60m,1
04/10/2026,12:00,,Kolbotn (w),Klepp (w),60,16,24,76,84,40,94,22,78,53,47,STA,https://www.statarea.com/predictions/date/2026-10-04/competition,2026-10-04,13:00,DYNAMIC_OFFSET:source-utc=+60m,1
04/10/2026,12:00,,Luki-Energiya,Smolensk,65,22,13,87,78,35,80,37,63,48,52,STA,https://www.statarea.com/predictions/date/2026-10-04/competition,2026-10-04,13:00,DYNAMIC_OFFSET:source-utc=+60m,1
04/10/2026,12:00,,Real Sociedad B,Granada CF,41,31,28,72,69,59,72,52,48,55,45,STA,https://www.statarea.com/predictions/date/2026-10-04/competition,2026-10-04,13:00,DYNAMIC_OFFSET:source-utc=+60m,1
04/10/2026,12:00,,Thisted FC,Roskilde,21,27,52,48,73,79,84,42,58,55,45,STA,https://www.statarea.com/predictions/date/2026-10-04/competition,2026-10-04,13:00,DYNAMIC_OFFSET:source-utc=+60m,1
04/10/2026,12:15,,Huesca,Ce Europa,53,26,21,79,74,47,80,41,59,38,62,STA,https://www.statarea.com/predictions/date/2026-10-04/competition,2026-10-04,13:15,DYNAMIC_OFFSET:source-utc=+60m,1
04/10/2026,12:30,,Bryne,Lyn,47,28,25,75,72,53,92,36,64,62,38,STA,https://www.statarea.com/predictions/date/2026-10-04/competition,2026-10-04,13:30,DYNAMIC_OFFSET:source-utc=+60m,1
04/10/2026,12:30,,Campobasso,Torres,44,39,17,83,61,56,81,54,46,57,43,STA,https://www.statarea.com/predictions/date/2026-10-04/competition,2026-10-04,13:30,DYNAMIC_OFFSET:source-utc=+60m,1
04/10/2026,12:30,,Cosenza,Foggia,39,30,31,69,70,61,63,55,45,48,52,STA,https://www.statarea.com/predictions/date/2026-10-04/competition,2026-10-04,13:30,DYNAMIC_OFFSET:source-utc=+60m,1
04/10/2026,12:30,,Guidonia Montecelio,Pineto,41,34,25,75,66,59,63,62,38,45,55,STA,https://www.statarea.com/predictions/date/2026-10-04/competition,2026-10-04,13:30,DYNAMIC_OFFSET:source-utc=+60m,1
04/10/2026,12:30,,Pianese,Ravenna,18,34,48,52,66,82,72,62,38,48,52,STA,https://www.statarea.com/predictions/date/2026-10-04/competition,2026-10-04,13:30,DYNAMIC_OFFSET:source-utc=+60m,1
04/10/2026,13:00,,ASD Varesina,Pro Patria,23,27,50,50,73,77,77,43,57,56,44,STA,https://www.statarea.com/predictions/date/2026-10-04/competition,2026-10-04,14:00,DYNAMIC_OFFSET:source-utc=+60m,1
04/10/2026,13:00,,Arconatese,Pro Sesto,19,26,55,45,74,81,73,47,53,54,46,STA,https://www.statarea.com/predictions/date/2026-10-04/competition,2026-10-04,14:00,DYNAMIC_OFFSET:source-utc=+60m,1
04/10/2026,13:00,,Berane,Jedinstvo Bijelo Polje,25,23,52,48,77,75,72,52,48,50,50,STA,https://www.statarea.com/predictions/date/2026-10-04/competition,2026-10-04,14:00,DYNAMIC_OFFSET:source-utc=+60m,1
04/10/2026,13:00,,Biellese,Gozzano,48,30,22,78,70,52,75,56,44,48,52,STA,https://www.statarea.com/predictions/date/2026-10-04/competition,2026-10-04,14:00,DYNAMIC_OFFSET:source-utc=+60m,1
04/10/2026,13:00,,Brian Lignano,Luparense,25,34,41,59,66,75,75,55,45,53,47,STA,https://www.statarea.com/predictions/date/2026-10-04/competition,2026-10-04,14:00,DYNAMIC_OFFSET:source-utc=+60m,1
04/10/2026,13:00,,Brindisi,Real Normanna,39,35,26,74,65,61,73,52,48,54,46,STA,https://www.statarea.com/predictions/date/2026-10-04/competition,2026-10-04,14:00,DYNAMIC_OFFSET:source-utc=+60m,1
04/10/2026,13:00,,Brusaporto,Palazzolo,47,24,29,71,76,53,65,55,45,43,57,STA,https://www.statarea.com/predictions/date/2026-10-04/competition,2026-10-04,14:00,DYNAMIC_OFFSET:source-utc=+60m,1
04/10/2026,13:00,,Celle Varazze,Chisola,34,27,39,61,73,66,74,58,42,49,51,STA,https://www.statarea.com/predictions/date/2026-10-04/competition,2026-10-04,14:00,DYNAMIC_OFFSET:source-utc=+60m,1
04/10/2026,13:00,,Correggese,Pavia,42,30,28,72,70,58,75,50,50,52,48,STA,https://www.statarea.com/predictions/date/2026-10-04/competition,2026-10-04,14:00,DYNAMIC_OFFSET:source-utc=+60m,1
04/10/2026,13:00,,Danubio,Cerro Largo,41,34,25,75,66,59,70,65,35,45,55,STA,https://www.statarea.com/predictions/date/2026-10-04/competition,2026-10-04,14:00,DYNAMIC_OFFSET:source-utc=+60m,1
04/10/2026,13:00,,Derthona,Alessandria,40,32,28,72,68,60,71,54,46,45,55,STA,https://www.statarea.com/predictions/date/2026-10-04/competition,2026-10-04,14:00,DYNAMIC_OFFSET:source-utc=+60m,1
04/10/2026,13:00,,Este,Conegliano Calcio,38,26,36,64,74,62,66,64,36,38,62,STA,https://www.statarea.com/predictions/date/2026-10-04/competition,2026-10-04,14:00,DYNAMIC_OFFSET:source-utc=+60m,1
04/10/2026,13:00,,FBC Oltrepo,Lentigione,21,25,54,46,75,79,77,49,51,49,51,STA,https://www.statarea.com/predictions/date/2026-10-04/competition,2026-10-04,14:00,DYNAMIC_OFFSET:source-utc=+60m,1
04/10/2026,13:00,,Flaminia,Gavorrano,37,36,27,73,64,63,78,55,45,57,43,STA,https://www.statarea.com/predictions/date/2026-10-04/competition,2026-10-04,14:00,DYNAMIC_OFFSET:source-utc=+60m,1
04/10/2026,13:00,,Igea Virtus Barcellona,Nissa,44,31,25,75,69,56,70,70,30,45,55,STA,https://www.statarea.com/predictions/date/2026-10-04/competition,2026-10-04,14:00,DYNAMIC_OFFSET:source-utc=+60m,1
04/10/2026,13:00,,Ischia Isolaverde,Ebolitana,36,34,30,70,66,64,81,46,54,57,43,STA,https://www.statarea.com/predictions/date/2026-10-04/competition,2026-10-04,14:00,DYNAMIC_OFFSET:source-utc=+60m,1
04/10/2026,13:00,,Latte Dolce,Sarrabus Ogliastra,41,31,28,72,69,59,75,55,45,50,50,STA,https://www.statarea.com/predictions/date/2026-10-04/competition,2026-10-04,14:00,DYNAMIC_OFFSET:source-utc=+60m,1
04/10/2026,13:00,,Legnago Salus,Bassano,42,34,24,76,66,58,70,60,40,55,45,STA,https://www.statarea.com/predictions/date/2026-10-04/competition,2026-10-04,14:00,DYNAMIC_OFFSET:source-utc=+60m,1
04/10/2026,13:00,,Mashuk-KMV,Dinamo Kirov,25,38,37,63,62,75,61,66,34,38,62,STA,https://www.statarea.com/predictions/date/2026-10-04/competition,2026-10-04,14:00,DYNAMIC_OFFSET:source-utc=+60m,1
04/10/2026,13:00,,Melfi,Nocerina,26,27,47,53,73,74,61,55,45,39,61,STA,https://www.statarea.com/predictions/date/2026-10-04/competition,2026-10-04,14:00,DYNAMIC_OFFSET:source-utc=+60m,1
04/10/2026,13:00,,Mestre,Campodarsego,47,29,24,76,71,53,71,52,48,53,47,STA,https://www.statarea.com/predictions/date/2026-10-04/competition,2026-10-04,14:00,DYNAMIC_OFFSET:source-utc=+60m,1
04/10/2026,13:00,,Milazzo,Siracusa,38,27,35,65,73,62,65,55,45,46,54,STA,https://www.statarea.com/predictions/date/2026-10-04/competition,2026-10-04,14:00,DYNAMIC_OFFSET:source-utc=+60m,1
04/10/2026,13:00,,Nk Bistrica,Rudar Velenje,41,31,28,72,69,59,90,34,66,54,46,STA,https://www.statarea.com/predictions/date/2026-10-04/competition,2026-10-04,14:00,DYNAMIC_OFFSET:source-utc=+60m,1
04/10/2026,13:00,,Piacenza,Scanzorosciate,62,23,15,85,77,38,74,51,49,46,54,STA,https://www.statarea.com/predictions/date/2026-10-04/competition,2026-10-04,14:00,DYNAMIC_OFFSET:source-utc=+60m,1
04/10/2026,13:00,,Recanatese,Maceratese,47,29,24,76,71,53,78,52,48,47,53,STA,https://www.statarea.com/predictions/date/2026-10-04/competition,2026-10-04,14:00,DYNAMIC_OFFSET:source-utc=+60m,1
04/10/2026,13:00,,Rovato Vertovese,Real Calepina,37,32,31,69,68,63,73,54,46,50,50,STA,https://www.statarea.com/predictions/date/2026-10-04/competition,2026-10-04,14:00,DYNAMIC_OFFSET:source-utc=+60m,1
04/10/2026,13:00,,Royal Knokke,Oh Leuven (u23),47,26,27,73,74,53,91,26,74,70,30,STA,https://www.statarea.com/predictions/date/2026-10-04/competition,2026-10-04,14:00,DYNAMIC_OFFSET:source-utc=+60m,1
04/10/2026,13:00,,SCD Ligorna,ACSD Saluzzo,46,28,26,74,72,54,75,42,58,56,44,STA,https://www.statarea.com/predictions/date/2026-10-04/competition,2026-10-04,14:00,DYNAMIC_OFFSET:source-utc=+60m,1
04/10/2026,13:00,,Sanremese,AC Bra,47,32,21,79,68,53,68,50,50,52,48,STA,https://www.statarea.com/predictions/date/2026-10-04/competition,2026-10-04,14:00,DYNAMIC_OFFSET:source-utc=+60m,1
04/10/2026,13:00,,Santangelo,Castellanzese,39,42,19,81,58,61,74,57,43,57,43,STA,https://www.statarea.com/predictions/date/2026-10-04/competition,2026-10-04,14:00,DYNAMIC_OFFSET:source-utc=+60m,1
04/10/2026,13:00,,Sasso Marconi,Scandicci,27,35,38,62,65,73,76,54,46,60,40,STA,https://www.statarea.com/predictions/date/2026-10-04/competition,2026-10-04,14:00,DYNAMIC_OFFSET:source-utc=+60m,1
04/10/2026,13:00,,Teramo,Senigallia,43,33,24,76,67,57,84,36,64,68,32,STA,https://www.statarea.com/predictions/date/2026-10-04/competition,2026-10-04,14:00,DYNAMIC_OFFSET:source-utc=+60m,1
04/10/2026,13:00,,Ternana,Aquila Montevarchi,47,30,23,77,70,53,72,56,44,45,55,STA,https://www.statarea.com/predictions/date/2026-10-04/competition,2026-10-04,14:00,DYNAMIC_OFFSET:source-utc=+60m,1
04/10/2026,13:00,,Tienen,KFC Merelbeke,44,28,28,72,72,56,88,38,62,70,30,STA,https://www.statarea.com/predictions/date/2026-10-04/competition,2026-10-04,14:00,DYNAMIC_OFFSET:source-utc=+60m,1
04/10/2026,13:00,,Tottenham (w),London City Lionesses (w),38,30,32,68,70,62,75,44,56,55,45,STA,https://www.statarea.com/predictions/date/2026-10-04/competition,2026-10-04,14:00,DYNAMIC_OFFSET:source-utc=+60m,1
04/10/2026,13:00,,Trastevere,Citta di Anagni,55,22,23,77,78,45,84,41,59,55,45,STA,https://www.statarea.com/predictions/date/2026-10-04/competition,2026-10-04,14:00,DYNAMIC_OFFSET:source-utc=+60m,1
04/10/2026,13:00,,US Fezzanese,Valenzana,44,30,26,74,70,56,78,49,51,54,46,STA,https://www.statarea.com/predictions/date/2026-10-04/competition,2026-10-04,14:00,DYNAMIC_OFFSET:source-utc=+60m,1
04/10/2026,13:00,,Union ASD Casatese,Pistoiese,28,30,42,58,70,72,67,53,47,50,50,STA,https://www.statarea.com/predictions/date/2026-10-04/competition,2026-10-04,14:00,DYNAMIC_OFFSET:source-utc=+60m,1
04/10/2026,13:00,,Unipomezia,Lodigiani,60,28,12,88,72,40,79,51,49,56,44,STA,https://www.statarea.com/predictions/date/2026-10-04/competition,2026-10-04,14:00,DYNAMIC_OFFSET:source-utc=+60m,1
04/10/2026,13:00,,Villa dAlme,Fiorenzuola,50,29,21,79,71,50,69,51,49,43,57,STA,https://www.statarea.com/predictions/date/2026-10-04/competition,2026-10-04,14:00,DYNAMIC_OFFSET:source-utc=+60m,1
04/10/2026,13:00,,Virtus Ciseranobergamo,Virtus Verona,35,36,29,71,64,65,75,53,47,56,44,STA,https://www.statarea.com/predictions/date/2026-10-04/competition,2026-10-04,14:00,DYNAMIC_OFFSET:source-utc=+60m,1
04/10/2026,13:00,,West Ham (w),Chelsea (w),15,14,71,29,86,85,87,33,67,48,52,STA,https://www.statarea.com/predictions/date/2026-10-04/competition,2026-10-04,14:00,DYNAMIC_OFFSET:source-utc=+60m,1
04/10/2026,13:30,,Gravina,Virtus Francavilla,29,34,37,63,66,71,74,44,56,52,48,STA,https://www.statarea.com/predictions/date/2026-10-04/competition,2026-10-04,14:30,DYNAMIC_OFFSET:source-utc=+60m,1
04/10/2026,13:30,,Hamburger SV,FC Copenhagen,31,34,35,65,66,69,85,36,64,59,41,STA,https://www.statarea.com/predictions/date/2026-10-04/competition,2026-10-04,14:30,DYNAMIC_OFFSET:source-utc=+60m,1
04/10/2026,13:30,,Manfredonia,Bisceglie,42,34,24,76,66,58,74,51,49,48,52,STA,https://www.statarea.com/predictions/date/2026-10-04/competition,2026-10-04,14:30,DYNAMIC_OFFSET:source-utc=+60m,1
04/10/2026,13:30,,Sarnese 1926,Paganese,50,36,14,86,64,50,74,59,41,54,46,STA,https://www.statarea.com/predictions/date/2026-10-04/competition,2026-10-04,14:30,DYNAMIC_OFFSET:source-utc=+60m,1
04/10/2026,13:30,,Virtus Bolzano,Calvi Noale,44,26,30,70,74,56,73,50,50,46,54,STA,https://www.statarea.com/predictions/date/2026-10-04/competition,2026-10-04,14:30,DYNAMIC_OFFSET:source-utc=+60m,1
04/10/2026,14:00,,AC Bellinzona,FC Zurich II,40,30,30,70,70,60,95,15,85,60,40,STA,https://www.statarea.com/predictions/date/2026-10-04/competition,2026-10-04,15:00,DYNAMIC_OFFSET:source-utc=+60m,1
04/10/2026,14:00,,Javor,Borac Cacak,44,28,28,72,72,56,84,48,52,55,45,STA,https://www.statarea.com/predictions/date/2026-10-04/competition,2026-10-04,15:00,DYNAMIC_OFFSET:source-utc=+60m,1
04/10/2026,14:00,,Kyrgyzstan,Lebanon,32,24,44,56,76,68,64,53,47,33,67,STA,https://www.statarea.com/predictions/date/2026-10-04/competition,2026-10-04,15:00,DYNAMIC_OFFSET:source-utc=+60m,1
04/10/2026,14:00,,Licata,Sambiase,32,29,39,61,71,68,70,52,48,47,53,STA,https://www.statarea.com/predictions/date/2026-10-04/competition,2026-10-04,15:00,DYNAMIC_OFFSET:source-utc=+60m,1
04/10/2026,14:00,,Ludogorets Razgrad,Cherno More Varna,61,28,11,89,72,39,77,50,50,52,48,STA,https://www.statarea.com/predictions/date/2026-10-04/competition,2026-10-04,15:00,DYNAMIC_OFFSET:source-utc=+60m,1
04/10/2026,14:00,,ND Ilirija,Beltinci,33,28,39,61,72,67,79,49,51,53,47,STA,https://www.statarea.com/predictions/date/2026-10-04/competition,2026-10-04,15:00,DYNAMIC_OFFSET:source-utc=+60m,1
04/10/2026,14:00,,Vukovar 91,NK Dinamo Zagreb,19,16,65,35,84,81,95,15,85,55,45,STA,https://www.statarea.com/predictions/date/2026-10-04/competition,2026-10-04,15:00,DYNAMIC_OFFSET:source-utc=+60m,1
04/10/2026,14:30,,Ponferradina,Mirandes,36,36,28,72,64,64,70,48,52,55,45,STA,https://www.statarea.com/predictions/date/2026-10-04/competition,2026-10-04,15:30,DYNAMIC_OFFSET:source-utc=+60m,1
04/10/2026,15:00,,Arnedo,CD Ebro,24,25,51,49,75,76,69,52,48,43,57,STA,https://www.statarea.com/predictions/date/2026-10-04/competition,2026-10-04,16:00,DYNAMIC_OFFSET:source-utc=+60m,1
04/10/2026,15:00,,Barbastro,Utebo,49,28,23,77,72,51,75,51,49,49,51,STA,https://www.statarea.com/predictions/date/2026-10-04/competition,2026-10-04,16:00,DYNAMIC_OFFSET:source-utc=+60m,1
04/10/2026,15:00,,Bergantinos,Coruxo,49,26,25,75,74,51,73,49,51,45,55,STA,https://www.statarea.com/predictions/date/2026-10-04/competition,2026-10-04,16:00,DYNAMIC_OFFSET:source-utc=+60m,1
04/10/2026,15:00,,Compostela,Oviedo B,55,26,19,81,74,45,79,43,57,44,56,STA,https://www.statarea.com/predictions/date/2026-10-04/competition,2026-10-04,16:00,DYNAMIC_OFFSET:source-utc=+60m,1
04/10/2026,15:00,,Gernika,Sestao River,34,35,31,69,65,66,69,63,37,48,52,STA,https://www.statarea.com/predictions/date/2026-10-04/competition,2026-10-04,16:00,DYNAMIC_OFFSET:source-utc=+60m,1
04/10/2026,15:00,,Gornik Leczna,Chojniczanka Chojnice,46,25,29,71,75,54,90,32,68,64,36,STA,https://www.statarea.com/predictions/date/2026-10-04/competition,2026-10-04,16:00,DYNAMIC_OFFSET:source-utc=+60m,1
04/10/2026,15:00,,Marbella,Betis Deportivo Balompie,28,27,45,55,73,72,77,43,57,54,46,STA,https://www.statarea.com/predictions/date/2026-10-04/competition,2026-10-04,16:00,DYNAMIC_OFFSET:source-utc=+60m,1
04/10/2026,15:00,,Ourense,Arosa SC,49,28,23,77,72,51,74,50,50,51,49,STA,https://www.statarea.com/predictions/date/2026-10-04/competition,2026-10-04,16:00,DYNAMIC_OFFSET:source-utc=+60m,1
04/10/2026,15:30,,Dolomiti Bellunesi,Novara,37,33,30,70,67,63,80,49,51,45,55,STA,https://www.statarea.com/predictions/date/2026-10-04/competition,2026-10-04,16:30,DYNAMIC_OFFSET:source-utc=+60m,1
04/10/2026,15:30,,Manchester City (w),Arsenal (w),43,26,31,69,74,57,83,41,59,56,44,STA,https://www.statarea.com/predictions/date/2026-10-04/competition,2026-10-04,16:30,DYNAMIC_OFFSET:source-utc=+60m,1
04/10/2026,15:30,,Reggiana,Spezia,34,34,32,68,66,66,86,41,59,61,39,STA,https://www.statarea.com/predictions/date/2026-10-04/competition,2026-10-04,16:30,DYNAMIC_OFFSET:source-utc=+60m,1
04/10/2026,15:30,,Sant Andreu,Antequera CF,45,28,27,73,72,55,67,61,39,48,52,STA,https://www.statarea.com/predictions/date/2026-10-04/competition,2026-10-04,16:30,DYNAMIC_OFFSET:source-utc=+60m,1
04/10/2026,16:00,,Boston River,Juventud,33,33,34,66,67,67,82,44,56,60,40,STA,https://www.statarea.com/predictions/date/2026-10-04/competition,2026-10-04,17:00,DYNAMIC_OFFSET:source-utc=+60m,1
04/10/2026,16:00,,Kosovo,Austria,26,23,51,49,77,74,88,40,60,50,50,STA,https://www.statarea.com/predictions/date/2026-10-04/competition,2026-10-04,17:00,DYNAMIC_OFFSET:source-utc=+60m,1
04/10/2026,16:00,,Terrassa,Girona B,45,30,25,75,70,55,69,49,51,45,55,STA,https://www.statarea.com/predictions/date/2026-10-04/competition,2026-10-04,17:00,DYNAMIC_OFFSET:source-utc=+60m,1
04/10/2026,16:00,,Triglav Kranj,Jesenice,68,20,12,88,80,32,89,43,57,47,53,STA,https://www.statarea.com/predictions/date/2026-10-04/competition,2026-10-04,17:00,DYNAMIC_OFFSET:source-utc=+60m,1
04/10/2026,16:30,,Castellon,AD Ceuta,72,18,10,90,82,28,88,37,63,57,43,STA,https://www.statarea.com/predictions/date/2026-10-04/competition,2026-10-04,17:30,DYNAMIC_OFFSET:source-utc=+60m,1
04/10/2026,16:30,,Las Palmas,Valladolid,43,32,25,75,68,57,72,57,43,55,45,STA,https://www.statarea.com/predictions/date/2026-10-04/competition,2026-10-04,17:30,DYNAMIC_OFFSET:source-utc=+60m,1
04/10/2026,16:30,,Nuernberg (w),1899 Hoffenheim (w),31,22,47,53,78,69,87,30,70,67,33,STA,https://www.statarea.com/predictions/date/2026-10-04/competition,2026-10-04,17:30,DYNAMIC_OFFSET:source-utc=+60m,1
04/10/2026,16:45,,Algeciras,Rayo Majadahonda,50,31,19,81,69,50,62,64,36,39,61,STA,https://www.statarea.com/predictions/date/2026-10-04/competition,2026-10-04,17:45,DYNAMIC_OFFSET:source-utc=+60m,1
04/10/2026,16:45,,Merida UD,Cacereno,34,30,36,64,70,66,82,49,51,58,42,STA,https://www.statarea.com/predictions/date/2026-10-04/competition,2026-10-04,17:45,DYNAMIC_OFFSET:source-utc=+60m,1
04/10/2026,17:00,,Barcelona (w),Real Madrid (w),70,12,18,82,88,30,93,29,71,38,62,STA,https://www.statarea.com/predictions/date/2026-10-04/competition,2026-10-04,18:00,DYNAMIC_OFFSET:source-utc=+60m,1
04/10/2026,17:00,,Gotham FC (w),Angel City FC (w),52,24,24,76,76,48,83,48,52,56,44,STA,https://www.statarea.com/predictions/date/2026-10-04/competition,2026-10-04,18:00,DYNAMIC_OFFSET:source-utc=+60m,1
04/10/2026,17:00,,Lucena,Puente Genil,49,26,25,75,74,51,63,52,48,45,55,STA,https://www.statarea.com/predictions/date/2026-10-04/competition,2026-10-04,18:00,DYNAMIC_OFFSET:source-utc=+60m,1
04/10/2026,17:45,,Huracan,Aldosivi,55,30,15,85,70,45,74,59,41,45,55,STA,https://www.statarea.com/predictions/date/2026-10-04/competition,2026-10-04,18:45,DYNAMIC_OFFSET:source-utc=+60m,1
04/10/2026,18:00,,Comunicaciones,Flandria,54,29,17,83,71,46,56,65,35,33,67,STA,https://www.statarea.com/predictions/date/2026-10-04/competition,2026-10-04,19:00,DYNAMIC_OFFSET:source-utc=+60m,1
04/10/2026,18:00,,Egypt,South Africa,55,29,16,84,71,45,71,55,45,41,59,STA,https://www.statarea.com/predictions/date/2026-10-04/competition,2026-10-04,19:00,DYNAMIC_OFFSET:source-utc=+60m,1
04/10/2026,18:00,,Leones Negros UDG,Dorados,54,27,19,81,73,46,88,42,58,55,45,STA,https://www.statarea.com/predictions/date/2026-10-04/competition,2026-10-04,19:00,DYNAMIC_OFFSET:source-utc=+60m,1
04/10/2026,18:00,,Morocco,Mali,59,28,13,87,72,41,70,62,38,33,67,STA,https://www.statarea.com/predictions/date/2026-10-04/competition,2026-10-04,19:00,DYNAMIC_OFFSET:source-utc=+60m,1
04/10/2026,18:00,,Union San Felipe,Iquique,31,29,40,60,71,69,60,55,45,50,50,STA,https://www.statarea.com/predictions/date/2026-10-04/competition,2026-10-04,19:00,DYNAMIC_OFFSET:source-utc=+60m,1
04/10/2026,18:30,,ASD Alcione,AC Trento,31,32,37,63,68,69,73,51,49,57,43,STA,https://www.statarea.com/predictions/date/2026-10-04/competition,2026-10-04,19:30,DYNAMIC_OFFSET:source-utc=+60m,1
04/10/2026,18:30,,Audace Cerignola,Team Altamura,53,30,17,83,70,47,76,53,47,54,46,STA,https://www.statarea.com/predictions/date/2026-10-04/competition,2026-10-04,19:30,DYNAMIC_OFFSET:source-utc=+60m,1
04/10/2026,18:30,,Chacarita Juniors,Patronato,48,38,14,86,62,52,60,69,31,36,64,STA,https://www.statarea.com/predictions/date/2026-10-04/competition,2026-10-04,19:30,DYNAMIC_OFFSET:source-utc=+60m,1
04/10/2026,18:30,,Potenza,AZ Picerno,52,28,20,80,72,48,83,41,59,64,36,STA,https://www.statarea.com/predictions/date/2026-10-04/competition,2026-10-04,19:30,DYNAMIC_OFFSET:source-utc=+60m,1
04/10/2026,18:30,,Salernitana,Bari,34,31,35,65,69,66,79,47,53,54,46,STA,https://www.statarea.com/predictions/date/2026-10-04/competition,2026-10-04,19:30,DYNAMIC_OFFSET:source-utc=+60m,1
04/10/2026,18:30,,San Telmo,Almirante Brown,32,36,32,68,64,68,51,71,29,28,72,STA,https://www.statarea.com/predictions/date/2026-10-04/competition,2026-10-04,19:30,DYNAMIC_OFFSET:source-utc=+60m,1
04/10/2026,18:45,,Greece,Germany,24,23,53,47,77,76,89,33,67,55,45,STA,https://www.statarea.com/predictions/date/2026-10-04/competition,2026-10-04,19:45,DYNAMIC_OFFSET:source-utc=+60m,1
04/10/2026,18:45,,Netherlands,Serbia,77,17,6,94,83,23,92,33,67,47,53,STA,https://www.statarea.com/predictions/date/2026-10-04/competition,2026-10-04,19:45,DYNAMIC_OFFSET:source-utc=+60m,1
04/10/2026,18:45,,Portugal,Norway,63,20,17,83,80,37,92,24,76,68,32,STA,https://www.statarea.com/predictions/date/2026-10-04/competition,2026-10-04,19:45,DYNAMIC_OFFSET:source-utc=+60m,1
04/10/2026,18:45,,Wales,Denmark,21,23,56,44,77,79,84,35,65,65,35,STA,https://www.statarea.com/predictions/date/2026-10-04/competition,2026-10-04,19:45,DYNAMIC_OFFSET:source-utc=+60m,1
04/10/2026,19:00,,Girona,Mallorca,44,34,22,78,66,56,80,49,51,60,40,STA,https://www.statarea.com/predictions/date/2026-10-04/competition,2026-10-04,20:00,DYNAMIC_OFFSET:source-utc=+60m,1
04/10/2026,19:00,,Zaragoza,Teruel,64,22,14,86,78,36,85,44,56,37,63,STA,https://www.statarea.com/predictions/date/2026-10-04/competition,2026-10-04,20:00,DYNAMIC_OFFSET:source-utc=+60m,1
04/10/2026,20:00,,Atletico Guemes,Colegiales,31,28,41,59,72,69,60,69,31,29,71,STA,https://www.statarea.com/predictions/date/2026-10-04/competition,2026-10-04,21:00,DYNAMIC_OFFSET:source-utc=+60m,1
04/10/2026,20:00,,Chaco For Ever,Defensores De Belgrano,46,27,27,73,73,54,54,70,30,30,70,STA,https://www.statarea.com/predictions/date/2026-10-04/competition,2026-10-04,21:00,DYNAMIC_OFFSET:source-utc=+60m,1
04/10/2026,20:00,,Chicago Red Stars (w),Denver Summit Fc (w),29,20,51,49,80,71,84,40,60,53,47,STA,https://www.statarea.com/predictions/date/2026-10-04/competition,2026-10-04,21:00,DYNAMIC_OFFSET:source-utc=+60m,1
04/10/2026,20:00,,San Martin S.J.,Almagro,56,28,16,84,72,44,82,54,46,40,60,STA,https://www.statarea.com/predictions/date/2026-10-04/competition,2026-10-04,21:00,DYNAMIC_OFFSET:source-utc=+60m,1
04/10/2026,20:00,,Talleres Cordoba,Belgrano Cordoba,36,36,28,72,64,64,67,60,40,41,59,STA,https://www.statarea.com/predictions/date/2026-10-04/competition,2026-10-04,21:00,DYNAMIC_OFFSET:source-utc=+60m,1
04/10/2026,20:30,,Atletico Rafaela,Atletico Atlanta,39,29,32,68,71,61,68,60,40,36,64,STA,https://www.statarea.com/predictions/date/2026-10-04/competition,2026-10-04,21:30,DYNAMIC_OFFSET:source-utc=+60m,1
04/10/2026,20:30,,San Luis,Union Espanola,48,29,23,77,71,52,80,43,57,65,35,STA,https://www.statarea.com/predictions/date/2026-10-04/competition,2026-10-04,21:30,DYNAMIC_OFFSET:source-utc=+60m,1
04/10/2026,21:00,,Godoy Cruz,Los Andes,54,30,16,84,70,46,80,49,51,36,64,STA,https://www.statarea.com/predictions/date/2026-10-04/competition,2026-10-04,22:00,DYNAMIC_OFFSET:source-utc=+60m,1
04/10/2026,21:05,,Cucuta,Pereira,49,29,22,78,71,51,72,59,41,45,55,STA,https://www.statarea.com/predictions/date/2026-10-04/competition,2026-10-04,22:05,DYNAMIC_OFFSET:source-utc=+60m,1
04/10/2026,21:05,,Internacional De Bogota,Once Caldas,38,39,23,77,61,62,86,40,60,58,42,STA,https://www.statarea.com/predictions/date/2026-10-04/competition,2026-10-04,22:05,DYNAMIC_OFFSET:source-utc=+60m,1
04/10/2026,21:30,,San Martin Tucuman,Gimnasia Y Tiro,42,32,26,74,68,58,80,52,48,43,57,STA,https://www.statarea.com/predictions/date/2026-10-04/competition,2026-10-04,22:30,DYNAMIC_OFFSET:source-utc=+60m,1
04/10/2026,22:15,,Argentinos Jrs,Tigre,55,30,15,85,70,45,68,59,41,47,53,STA,https://www.statarea.com/predictions/date/2026-10-04/competition,2026-10-04,23:15,DYNAMIC_OFFSET:source-utc=+60m,1
04/10/2026,22:30,,Racing Montevideo,Penarol,27,32,41,59,68,73,79,46,54,53,47,STA,https://www.statarea.com/predictions/date/2026-10-04/competition,2026-10-04,23:30,DYNAMIC_OFFSET:source-utc=+60m,1
04/10/2026,23:00,,Guadalajara-Chivas (w),FC Juarez (w),51,22,27,73,78,49,81,47,53,57,43,STA,https://www.statarea.com/predictions/date/2026-10-05/competition,2026-10-05,00:00,DYNAMIC_OFFSET:source-utc=+60m,1
04/10/2026,23:00,,Houston Dash (w),Washington Spirit (w),30,26,44,56,74,70,77,42,58,59,41,STA,https://www.statarea.com/predictions/date/2026-10-05/competition,2026-10-05,00:00,DYNAMIC_OFFSET:source-utc=+60m,1
04/10/2026,23:10,,Bucaramanga,Junior,50,30,20,80,70,50,75,50,50,56,44,STA,https://www.statarea.com/predictions/date/2026-10-05/competition,2026-10-05,00:10,DYNAMIC_OFFSET:source-utc=+60m,1
05/10/2026,00:30,,Estudiantes R.C.,Racing Club,24,39,37,63,61,76,80,51,49,44,56,STA,https://www.statarea.com/predictions/date/2026-10-05/competition,2026-10-05,01:30,DYNAMIC_OFFSET:source-utc=+60m,1
05/10/2026,01:06,,Pachuca (w),Toluca (w),57,19,24,76,81,43,93,30,70,67,33,STA,https://www.statarea.com/predictions/date/2026-10-05/competition,2026-10-05,02:06,DYNAMIC_OFFSET:source-utc=+60m,1
05/10/2026,01:15,,Llaneros,America De Cali,29,31,40,60,69,71,85,47,53,50,50,STA,https://www.statarea.com/predictions/date/2026-10-05/competition,2026-10-05,02:15,DYNAMIC_OFFSET:source-utc=+60m,1
05/10/2026,12:00,,Nestos Chrisoupolis,Marko,25,24,51,49,76,75,68,57,43,37,63,STA,https://www.statarea.com/predictions/date/2026-10-05/competition,2026-10-05,13:00,DYNAMIC_OFFSET:source-utc=+60m,1
05/10/2026,15:00,,Tatran Liptovsky Mikulas,STK 1914 Samorin,33,32,35,65,68,67,92,37,63,59,41,STA,https://www.statarea.com/predictions/date/2026-10-05/competition,2026-10-05,16:00,DYNAMIC_OFFSET:source-utc=+60m,1
05/10/2026,17:00,,Moss,Kongsvinger,20,27,53,47,73,80,95,17,83,78,22,STA,https://www.statarea.com/predictions/date/2026-10-05/competition,2026-10-05,18:00,DYNAMIC_OFFSET:source-utc=+60m,1
05/10/2026,18:30,,Cordoba,Tenerife,44,33,23,77,67,56,82,48,52,57,43,STA,https://www.statarea.com/predictions/date/2026-10-05/competition,2026-10-05,19:30,DYNAMIC_OFFSET:source-utc=+60m,1
05/10/2026,18:45,,Bosnia and Herzegovina,Poland,33,29,38,62,71,67,77,49,51,63,37,STA,https://www.statarea.com/predictions/date/2026-10-05/competition,2026-10-05,19:45,DYNAMIC_OFFSET:source-utc=+60m,1
05/10/2026,18:45,,Carshalton Athletic,Eastbourne Borough,36,28,36,64,72,64,83,38,62,62,38,STA,https://www.statarea.com/predictions/date/2026-10-05/competition,2026-10-05,19:45,DYNAMIC_OFFSET:source-utc=+60m,1
05/10/2026,18:45,,France,Belgium,55,22,23,77,78,45,94,28,72,62,38,STA,https://www.statarea.com/predictions/date/2026-10-05/competition,2026-10-05,19:45,DYNAMIC_OFFSET:source-utc=+60m,1
05/10/2026,18:45,,Italy,Turkey,61,19,20,80,81,39,88,28,72,51,49,STA,https://www.statarea.com/predictions/date/2026-10-05/competition,2026-10-05,19:45,DYNAMIC_OFFSET:source-utc=+60m,1
05/10/2026,18:45,,Northern Ireland,Georgia,43,29,28,72,71,57,80,52,48,41,59,STA,https://www.statarea.com/predictions/date/2026-10-05/competition,2026-10-05,19:45,DYNAMIC_OFFSET:source-utc=+60m,1
05/10/2026,18:45,,Romania,Sweden,39,25,36,64,75,61,88,33,67,64,36,STA,https://www.statarea.com/predictions/date/2026-10-05/competition,2026-10-05,19:45,DYNAMIC_OFFSET:source-utc=+60m,1
05/10/2026,18:45,,Ukraine,Hungary,42,31,27,73,69,58,81,44,56,51,49,STA,https://www.statarea.com/predictions/date/2026-10-05/competition,2026-10-05,19:45,DYNAMIC_OFFSET:source-utc=+60m,1
05/10/2026,19:45,,Deportivo Riestra,Central Cordoba,48,32,20,80,68,52,81,52,48,39,61,STA,https://www.statarea.com/predictions/date/2026-10-05/competition,2026-10-05,20:45,DYNAMIC_OFFSET:source-utc=+60m,1
05/10/2026,20:00,,Nueva Chicago,Deportivo Maipu,42,32,26,74,68,58,80,57,43,44,56,STA,https://www.statarea.com/predictions/date/2026-10-05/competition,2026-10-05,21:00,DYNAMIC_OFFSET:source-utc=+60m,1
05/10/2026,20:00,,Sportivo Trinidense,Sportivo Luqueno,45,30,25,75,70,55,79,43,57,50,50,STA,https://www.statarea.com/predictions/date/2026-10-05/competition,2026-10-05,21:00,DYNAMIC_OFFSET:source-utc=+60m,1
05/10/2026,22:00,,Deportivo Merlo,Brown De Adrogue,40,38,22,78,62,60,74,59,41,36,64,STA,https://www.statarea.com/predictions/date/2026-10-05/competition,2026-10-05,23:00,DYNAMIC_OFFSET:source-utc=+60m,1
05/10/2026,22:00,,Estudiantes L.P.,Gimnasia Mendoza,47,30,23,77,70,53,85,48,52,42,58,STA,https://www.statarea.com/predictions/date/2026-10-05/competition,2026-10-05,23:00,DYNAMIC_OFFSET:source-utc=+60m,1
05/10/2026,22:00,,Velez Sarsfield,Platense,54,32,14,86,68,46,60,71,29,39,61,STA,https://www.statarea.com/predictions/date/2026-10-05/competition,2026-10-05,23:00,DYNAMIC_OFFSET:source-utc=+60m,1
05/10/2026,22:15,,Cerro Porteno,2 De Mayo,52,25,23,77,75,48,78,47,53,40,60,STA,https://www.statarea.com/predictions/date/2026-10-05/competition,2026-10-05,23:15,DYNAMIC_OFFSET:source-utc=+60m,1
05/10/2026,22:30,,Fernando De La Mora,General Caballero CG,26,31,43,57,69,74,81,43,57,67,33,STA,https://www.statarea.com/predictions/date/2026-10-05/competition,2026-10-05,23:30,DYNAMIC_OFFSET:source-utc=+60m,1
