observed_at_hkt,competition_label,target_fixture_count,admitted_fixture_count,admission_coverage_pct,admitted,scraper_key,operational_reason_code
2026-10-03T09:19:19+08:00,JD2,10,0,0.0,false,,UNSUPPORTED_COMPETITION_NOT_CONFIGURED
2026-10-03T09:19:19+08:00,INT,9,0,0.0,false,,UNSUPPORTED_COMPETITION_NOT_CONFIGURED
2026-10-03T09:19:19+08:00,USL,9,0,0.0,false,,UNSUPPORTED_COMPETITION_NOT_CONFIGURED
2026-10-03T09:19:19+08:00,ED3,8,0,0.0,false,,UNSUPPORTED_COMPETITION_NOT_CONFIGURED
2026-10-03T09:19:19+08:00,ENL,8,0,0.0,false,,UNSUPPORTED_COMPETITION_NOT_CONFIGURED
2026-10-03T09:19:19+08:00,DF2,7,0,0.0,false,,UNSUPPORTED_COMPETITION_NOT_CONFIGURED
2026-10-03T09:19:19+08:00,BD2,6,0,0.0,false,,UNSUPPORTED_COMPETITION_NOT_CONFIGURED
2026-10-03T09:19:19+08:00,APL,5,0,0.0,false,,UNSUPPORTED_COMPETITION_NOT_CONFIGURED
2026-10-03T09:19:19+08:00,MD1,5,0,0.0,false,,UNSUPPORTED_COMPETITION_NOT_CONFIGURED
2026-10-03T09:19:19+08:00,SF2,5,0,0.0,false,,UNSUPPORTED_COMPETITION_NOT_CONFIGURED
2026-10-03T09:19:19+08:00,SALW,4,0,0.0,false,,UNSUPPORTED_COMPETITION_NOT_CONFIGURED
2026-10-03T09:19:19+08:00,ED2,3,0,0.0,false,,UNSUPPORTED_COMPETITION_NOT_CONFIGURED
2026-10-03T09:19:19+08:00,ISAW,3,0,0.0,false,,UNSUPPORTED_COMPETITION_NOT_CONFIGURED
2026-10-03T09:19:19+08:00,AMF,2,0,0.0,false,,UNSUPPORTED_COMPETITION_NOT_CONFIGURED
2026-10-03T09:19:19+08:00,CNL,2,0,0.0,false,,UNSUPPORTED_COMPETITION_NOT_CONFIGURED
2026-10-03T09:19:19+08:00,GSLW,2,0,0.0,false,,UNSUPPORTED_COMPETITION_NOT_CONFIGURED
2026-10-03T09:19:19+08:00,GUC,2,0,0.0,false,,UNSUPPORTED_COMPETITION_NOT_CONFIGURED
2026-10-03T09:19:19+08:00,JLC,2,0,0.0,false,,UNSUPPORTED_COMPETITION_NOT_CONFIGURED
2026-10-03T09:19:19+08:00,JLCW,2,0,0.0,false,,UNSUPPORTED_COMPETITION_NOT_CONFIGURED
2026-10-03T09:19:19+08:00,KD1W,2,0,0.0,false,,UNSUPPORTED_COMPETITION_NOT_CONFIGURED
2026-10-03T09:19:19+08:00,MXLW,2,0,0.0,false,,UNSUPPORTED_COMPETITION_NOT_CONFIGURED
2026-10-03T09:19:19+08:00,SFLW,2,0,0.0,false,,UNSUPPORTED_COMPETITION_NOT_CONFIGURED
2026-10-03T09:19:19+08:00,BD1,1,0,0.0,false,,UNSUPPORTED_COMPETITION_NOT_CONFIGURED
2026-10-03T09:19:19+08:00,BD1W,1,0,0.0,false,,UNSUPPORTED_COMPETITION_NOT_CONFIGURED
2026-10-03T09:19:19+08:00,E2Q,1,0,0.0,false,,UNSUPPORTED_COMPETITION_NOT_CONFIGURED
2026-10-03T09:19:19+08:00,ELT,1,0,0.0,false,,UNSUPPORTED_COMPETITION_NOT_CONFIGURED
2026-10-03T09:19:19+08:00,EPLW,1,0,0.0,false,,UNSUPPORTED_COMPETITION_NOT_CONFIGURED
2026-10-03T09:19:19+08:00,MLSW,1,0,0.0,false,,UNSUPPORTED_COMPETITION_NOT_CONFIGURED
2026-10-03T09:19:19+08:00,NTLW,1,0,0.0,false,,UNSUPPORTED_COMPETITION_NOT_CONFIGURED
2026-10-03T09:19:19+08:00,UD1,1,0,0.0,false,,UNSUPPORTED_COMPETITION_NOT_CONFIGURED
