fetched_at_hkt,match_date,kickoff_text,league_short,home_team,away_team,prob_home,prob_draw,prob_away,prediction_1x2,predicted_score,avg_goals,odds_home,odds_draw,odds_away,prediction_ou25,prob_over25,prob_under25,odds_over25,odds_under25,forebet_detail_url,hkjc_event_id,hkjc_league,hkjc_home_team,hkjc_away_team,hkjc_home_zh,hkjc_away_zh,hkjc_kickoff_hkt,hkjc_had_home,hkjc_had_draw,hkjc_had_away,match_score,ou_predicted_score,corner_prediction,corner_prob_under95,corner_prob_over95,corner_predicted_score,avg_corners
2026-09-28 06:36:08,2026-09-27,27/09/2026 23:00,Uy1,Defensor Sporting,Danubio FC,34.0,48.0,18.0,X,1 - 1,2.08,,,,,,,,,https://www.forebet.com/en/football/matches/defensor-sporting-danubio-fc-2557047,FB5813,UD1,Defensor Sporting,Danubio,迪芬沙士砵亭,達奴比奧,2026-09-28 04:57,2.01,3.0,3.3,1.0,,Under,59,41,2 - 4,7.96
2026-09-28 06:36:08,2026-09-27,27/09/2026 23:30,Br2,Fortaleza,Athletic Club MG,37.0,26.0,38.0,2,0 - 1,1.50,,,,,,,,,https://www.forebet.com/en/football/matches/fortaleza-athletic-club-mg-2442950,FB5847,BD2,Fortaleza,Athletic Club MG,福塔雷薩,競技體育會,2026-09-28 05:28,1.78,2.36,6.8,1.0,,Over,46,54,6 - 4,10.75
2026-09-28 06:36:08,2026-09-28,28/09/2026 01:00,ClC,Deportes Santa Cruz,O Higgins,30.0,39.0,31.0,X,2 - 2,2.94,,,,,,,,,https://www.forebet.com/en/football/matches/deportes-santa-cruz-o-higgins-2553972,FB5838,CHC,Deportes Santa Cruz,O'Higgins,聖達古斯,奧希金斯,2026-09-28 06:57,2.93,3.25,2.07,1.0,,Over,42,58,6 - 4,11.14
2026-09-28 06:36:08,2026-09-28,28/09/2026 01:00,Us1,Columbus Crew,Inter Miami CF,18.0,32.0,50.0,2,1 - 2,2.67,190.0,280.0,120.0,Over,53,47,,,https://www.forebet.com/en/football/matches/columbus-crew-inter-miami-cf-2426915,FB5828,MLS,Columbus Crew,Inter Miami CF,哥倫布機員,國際邁亞密,2026-09-28 07:00,2.86,3.85,1.91,1.0,1 - 2,Under,56,44,4 - 4,8.64
2026-09-28 06:36:08,2026-09-28,28/09/2026 01:00,CNL,Haiti,Costa Rica,37.0,42.0,21.0,X,2 - 2,2.62,135.0,240.0,162.0,Over,52,48,,,https://www.forebet.com/en/football/matches/haiti-costa-rica-2554154,FB5932,CNL,Haiti,Costa Rica,海地,哥斯達黎加,2026-09-28 07:00,2.22,3.2,2.7,1.0,2 - 2,Under,69,31,5 - 1,6.44
2026-09-28 06:36:08,2026-09-28,28/09/2026 02:00,CNL,Curaçao,Nicaragua,42.0,34.0,24.0,1,1 - 0,2.27,,350.0,525.0,Under,45,55,,,https://www.forebet.com/en/football/matches/curaçao-nicaragua-2554155,FB5931,CNL,Curacao,Nicaragua,庫拉索,尼加拉瓜,2026-09-28 08:00,1.28,4.5,7.5,1.0,1 - 0,Under,70,30,2 - 4,6.06
2026-09-28 06:36:08,2026-09-28,28/09/2026 02:06,MxW,Tigres UANL W,Atlético San Luis W,58.0,11.0,32.0,1,4 - 2,3.10,,,,,,,,,https://www.forebet.com/en/football/matches/tigres-uanl-w-atlético-san-luis-w-2489446,FB5942,MXLW,Tigres UANL Women,Atletico San Luis Women,堤格雷斯女足,聖路易斯體育會女足,2026-09-28 08:06,1.07,7.75,14.0,1.0,,Over,45,55,6 - 8,11.38
2026-09-28 06:36:08,2026-09-28,28/09/2026 03:00,Mx1,Club León,FC Juárez,72.0,13.0,15.0,1,2 - 1,2.61,,,,Over,52,48,,,https://www.forebet.com/en/football/matches/club-león-fc-juárez-2468150,FB5834,MXL,Club Leon,Juarez,利昂,祖亞雷斯,2026-09-28 09:00,1.4,4.1,5.6,1.0,2 - 1,Under,52,48,3 - 2,9.35
2026-09-28 06:36:08,2026-09-28,28/09/2026 03:00,CNL,Trinidad & Tobago,Dominican Rep,36.0,34.0,30.0,1,2 - 1,3.17,130.0,240.0,155.0,Over,63,37,,,https://www.forebet.com/en/football/matches/trinidad--tobago-dominican-rep-2554157,FB5933,CNL,Trinidad and Tobago,Dominican Republic,千里達,多明尼加共和國,2026-09-28 09:00,2.47,3.25,2.38,1.0,2 - 1,Under,63,37,2 - 5,6.86
2026-09-28 06:36:08,2026-09-28,28/09/2026 05:10,Mx1,Club Necaxa,Club América,24.0,23.0,54.0,2,1 - 3,3.27,280.0,250.0,100.0,Over,65,35,,,https://www.forebet.com/en/football/matches/club-necaxa-club-américa-2468151,FB5833,MXL,Necaxa,CF America,尼卡沙,CF 阿美利加,2026-09-28 11:00,3.1,3.45,1.92,1.0,1 - 3,Under,53,47,4 - 5,8.86
2026-09-28 06:36:56,2026-09-28,28/09/2026 20:30,Es2,Leganes,CD Castellon,16.0,28.0,56.0,2,0 - 2,2.13,210.0,240.0,125.0,,,,,,https://www.forebet.com/en/football/matches/leganes-cd-castellon-2509359,FB5802,SF2,Leganes,Castellon,雷加利斯,卡斯迪隆,2026-09-29 02:30,3.05,3.15,2.05,1.0,,,,,,
2026-09-28 06:36:08,2026-09-29,29/09/2026 00:30,Br2,América Mineiro,Juventude,28.0,30.0,42.0,2,0 - 2,2.30,250.0,230.0,110.0,Under,46,54,,,https://www.forebet.com/en/football/matches/américa-mineiro-juventude-2442958,FB5851,BD2,America Mineiro,Juventude,阿美利加明尼路,青年人,2026-09-29 06:28,3.35,3.1,1.95,1.0,0 - 2,Over,49,51,6 - 4,9.59
2026-09-28 06:36:08,2026-09-29,29/09/2026 01:00,Uy1,Montevideo Wanderers,Albion FC (URU),45.0,39.0,16.0,1,1 - 0,1.95,137.0,200.0,170.0,Under,39,61,,,https://www.forebet.com/en/football/matches/montevideo-wanderers-albion-fc-(uru)-2557048,FB5812,UD1,Montevideo Wanderers,Albion FC,蒙特維多流浪者,艾比安FC,2026-09-29 06:57,1.93,3.2,3.3,1.0,1 - 0,Under,65,35,4 - 2,8.30
