checked_at_hkt,match_date,kickoff_hkt,hkjc_event_id,league_zh,home_en,away_en,state,reason,source_home_team,source_away_team,source_competition,fixture_match_score,identity_status,identity_source
2026-09-28T06:36:08+08:00,2026-09-27,2026-09-28 04:57,FB5813,UD1,Defensor Sporting,Danubio,MODEL,usable_forebet_prediction_model,,,,,,
2026-09-28T06:36:08+08:00,2026-09-27,2026-09-28 05:00,FB5940,MLSW,Bay FC Women,Orlando Pride Women,FIXTURE_ONLY,forebet_livescore_fixture_without_usable_prediction_model,Bay FC W,Orlando Pride W,USA: Nwsl Women,1.000,CONTEXT_VERIFIED,FOREBET_STATIC_CONTEXT_MASTER
2026-09-28T06:36:08+08:00,2026-09-27,2026-09-28 05:28,FB5847,BD2,Fortaleza,Athletic Club MG,MODEL,usable_forebet_prediction_model,,,,,,
2026-09-28T06:36:08+08:00,2026-09-27,2026-09-28 06:57,FB5838,CHC,Deportes Santa Cruz,O'Higgins,MODEL,usable_forebet_prediction_model,,,,,,
2026-09-28T06:36:08+08:00,2026-09-27,2026-09-28 07:00,FB5828,MLS,Columbus Crew,Inter Miami CF,MODEL,usable_forebet_prediction_model,,,,,,
2026-09-28T06:36:08+08:00,2026-09-27,2026-09-28 07:00,FB5932,CNL,Haiti,Costa Rica,MODEL,usable_forebet_prediction_model,,,,,,
2026-09-28T06:36:08+08:00,2026-09-27,2026-09-28 07:00,FB5941,MLSW,Utah Royals Women,North Carolina Courage Women,FIXTURE_ONLY,forebet_livescore_fixture_without_usable_prediction_model,Utah Royals W,North Carolina Courage W,USA: Nwsl Women,1.000,CONTEXT_VERIFIED,FOREBET_STATIC_CONTEXT_MASTER
2026-09-28T06:36:56+08:00,2026-09-28,2026-09-28 08:00,FB5931,CNL,Curacao,Nicaragua,MODEL,usable_forebet_prediction_model,,,,,,
2026-09-28T06:36:56+08:00,2026-09-28,2026-09-28 08:06,FB5942,MXLW,Tigres UANL Women,Atletico San Luis Women,MODEL,usable_forebet_prediction_model,,,,,,
2026-09-28T06:36:56+08:00,2026-09-28,2026-09-28 09:00,FB5834,MXL,Club Leon,Juarez,MODEL,usable_forebet_prediction_model,,,,,,
2026-09-28T06:36:56+08:00,2026-09-28,2026-09-28 09:00,FB5933,CNL,Trinidad and Tobago,Dominican Republic,MODEL,usable_forebet_prediction_model,,,,,,
2026-09-28T06:36:56+08:00,2026-09-28,2026-09-28 11:00,FB5833,MXL,Necaxa,CF America,MODEL,usable_forebet_prediction_model,,,,,,
2026-09-28T06:36:56+08:00,2026-09-28,2026-09-28 17:00,FB5943,AEC,Singapore,Bangladesh,UNRESOLVED,forebet_fixture_absent_from_fetched_model_surfaces,,,,,,
2026-09-28T06:36:56+08:00,2026-09-28,2026-09-28 18:25,FB5907,INT,Japan,Venezuela,UNRESOLVED,forebet_fixture_absent_from_fetched_model_surfaces,,,,,,
2026-09-28T06:36:56+08:00,2026-09-28,2026-09-28 19:00,FB5908,INT,Korea Republic,Uruguay,UNRESOLVED,forebet_fixture_absent_from_fetched_model_surfaces,,,,,,
2026-09-28T06:36:56+08:00,2026-09-28,2026-09-28 19:58,FB5945,APLW,SAT Women,Gimnasia LP Women,UNRESOLVED,forebet_fixture_absent_from_fetched_model_surfaces,,,,,,
2026-09-28T06:36:56+08:00,2026-09-28,2026-09-28 20:30,FB5946,AEC,Indonesia,Malaysia,UNRESOLVED,forebet_fixture_absent_from_fetched_model_surfaces,,,,,,
2026-09-28T06:36:56+08:00,2026-09-28,2026-09-29 00:00,FB5923,ENL,Armenia,Montenegro,UNRESOLVED,forebet_fixture_absent_from_fetched_model_surfaces,,,,,,
2026-09-28T06:36:56+08:00,2026-09-28,2026-09-29 00:00,FB5924,ENL,Georgia,Ukraine,UNRESOLVED,forebet_fixture_absent_from_fetched_model_surfaces,,,,,,
2026-09-28T06:36:56+08:00,2026-09-28,2026-09-29 00:00,FB5925,ENL,Latvia,Cyprus,UNRESOLVED,forebet_fixture_absent_from_fetched_model_surfaces,,,,,,
2026-09-28T06:36:56+08:00,2026-09-28,2026-09-29 00:00,FB5939,ANQ,Central African Republic,Burkina Faso,UNRESOLVED,forebet_fixture_absent_from_fetched_model_surfaces,,,,,,
2026-09-28T06:36:56+08:00,2026-09-28,2026-09-29 00:00,FB5944,ANQ,Zimbabwe,D R Congo,UNRESOLVED,forebet_fixture_absent_from_fetched_model_surfaces,,,,,,
2026-09-28T06:36:56+08:00,2026-09-28,2026-09-29 00:30,FB5903,E2Q,Denmark U21,Belarus U21,UNRESOLVED,forebet_fixture_absent_from_fetched_model_surfaces,,,,,,
2026-09-28T06:36:56+08:00,2026-09-28,2026-09-29 02:30,FB5802,SF2,Leganes,Castellon,MODEL,usable_forebet_prediction_model,,,,,,
2026-09-28T06:36:56+08:00,2026-09-28,2026-09-29 02:45,FB5926,ENL,Belgium,France,UNRESOLVED,forebet_fixture_absent_from_fetched_model_surfaces,,,,,,
2026-09-28T06:36:56+08:00,2026-09-28,2026-09-29 02:45,FB5927,ENL,Northern Ireland,Hungary,UNRESOLVED,forebet_fixture_absent_from_fetched_model_surfaces,,,,,,
2026-09-28T06:36:56+08:00,2026-09-28,2026-09-29 02:45,FB5928,ENL,Sweden,Poland,UNRESOLVED,forebet_fixture_absent_from_fetched_model_surfaces,,,,,,
2026-09-28T06:36:56+08:00,2026-09-28,2026-09-29 02:45,FB5929,ENL,Romania,Bosnia-Herzegovina,UNRESOLVED,forebet_fixture_absent_from_fetched_model_surfaces,,,,,,
2026-09-28T06:36:56+08:00,2026-09-28,2026-09-29 02:45,FB5930,ENL,Turkiye,Italy,UNRESOLVED,forebet_fixture_absent_from_fetched_model_surfaces,,,,,,
2026-09-28T06:36:56+08:00,2026-09-28,2026-09-29 03:00,FB5947,ANQ,Tunisia,Botswana,UNRESOLVED,forebet_fixture_absent_from_fetched_model_surfaces,,,,,,
2026-09-28T06:36:56+08:00,2026-09-28,2026-09-29 06:28,FB5851,BD2,America Mineiro,Juventude,MODEL,usable_forebet_prediction_model,,,,,,
2026-09-28T06:36:56+08:00,2026-09-28,2026-09-29 06:57,FB5812,UD1,Montevideo Wanderers,Albion FC,MODEL,usable_forebet_prediction_model,,,,,,
2026-09-28T06:37:31+08:00,2026-09-29,2026-09-29 14:00,FB5922,AWF,Korea DPR Women,China Women,UNRESOLVED,forebet_fixture_absent_from_fetched_model_surfaces,,,,,,
2026-09-28T06:37:31+08:00,2026-09-29,2026-09-29 18:30,FB5921,AWF,Japan Women,Korea Republic Women,UNRESOLVED,forebet_fixture_absent_from_fetched_model_surfaces,,,,,,
