fetched_at_utc,hkjc_event_id,kickoff_hkt,home_id,away_id,home,away,fotmob_match_id,fotmob_home_id,fotmob_away_id,fotmob_home,fotmob_away,fotmob_league,kickoff_delta_seconds,mapping_status,mapping_reason,h2h_games,home_wins,draws,away_wins,home_goals,away_goals,avg_total_goals,last5,meetings_json,source,quality
2026-10-01T01:36:09+00:00,FB5982,2026-10-01T06:57:00+08:00,50002153,50002435,Montevideo City Torque,Penarol,,,,,,,,UNMAPPED,no_exact_pair_in_kickoff_window,0,0,0,0,0,0,,,[],FOTMOB,UNMAPPED
2026-10-01T01:36:09+00:00,FB6052,2026-10-01T07:30:00+08:00,50002247,50267912,New York Red Bulls,St. Louis City SC,,,,,,,,UNMAPPED,no_exact_pair_in_kickoff_window,0,0,0,0,0,0,,,[],FOTMOB,UNMAPPED
2026-10-01T01:36:09+00:00,FB6005,2026-10-01T08:00:00+08:00,50000199,50000487,Argentina,Bolivia,6266052,6706,5797,Argentina,Bolivia,Friendlies,0,VERIFIED,reused_verified_h2h,5,5,0,0,18,2,4.00,HHHHH,"[{""source_event_id"":4196522,""date"":""2024-10-16T00:00:00.000Z"",""tournament"":""World Cup Qualification CONMEBOL"",""home"":""Argentina"",""away"":""Bolivia"",""home_team_id"":""6706"",""away_team_id"":""5797"",""home_goals"":6,""away_goals"":0,""current_home_goals"":6,""current_away_goals"":0,""result"":""H""},{""source_event_id"":4196498,""date"":""2023-09-12T20:00:00.000Z"",""tournament"":""World Cup Qualification CONMEBOL"",""home"":""Bolivia"",""away"":""Argentina"",""home_team_id"":""5797"",""away_team_id"":""6706"",""home_goals"":0,""away_goals"":3,""current_home_goals"":3,""current_away_goals"":0,""result"":""H""},{""source_event_id"":3239029,""date"":""2021-09-09T23:30:00.000Z"",""tournament"":""World Cup Qualification CONMEBOL"",""home"":""Argentina"",""away"":""Bolivia"",""home_team_id"":""6706"",""away_team_id"":""5797"",""home_goals"":3,""away_goals"":0,""current_home_goals"":3,""current_away_goals"":0,""result"":""H""},{""source_event_id"":3231640,""date"":""2021-06-29T00:00:00.000Z"",""tournament"":""Copa America Zona Sur"",""home"":""Bolivia"",""away"":""Argentina"",""home_team_id"":""5797"",""away_team_id"":""6706"",""home_goals"":1,""away_goals"":4,""current_home_goals"":4,""current_away_goals"":1,""result"":""H""},{""source_event_id"":3238982,""date"":""2020-10-13T20:00:00.000Z"",""tournament"":""World Cup Qualification CONMEBOL"",""home"":""Bolivia"",""away"":""Argentina"",""home_team_id"":""5797"",""away_team_id"":""6706"",""home_goals"":1,""away_goals"":2,""current_home_goals"":2,""current_away_goals"":1,""result"":""H""}]",FOTMOB,H2H_OK
2026-10-01T01:36:09+00:00,FB6039,2026-10-01T08:00:00+08:00,50001193,50283456,FC Tulsa,New Mexico Utd,,,,,,,,UNMAPPED,no_exact_pair_in_kickoff_window,0,0,0,0,0,0,,,[],FOTMOB,UNMAPPED
2026-10-01T01:36:09+00:00,FB6042,2026-10-01T10:00:00+08:00,50002694,50283468,Sacramento Republic,Las Vegas Lights,,,,,,,,UNMAPPED,no_exact_pair_in_kickoff_window,0,0,0,0,0,0,,,[],FOTMOB,UNMAPPED
2026-10-01T01:36:09+00:00,FB6067,2026-10-01T14:10:00+08:00,50002398,50002248,Panama,New Zealand,6315046,5922,5820,Panama,New Zealand,Friendlies,0,VERIFIED,reused_verified_h2h,0,0,0,0,0,0,,,[],FOTMOB,NO_HISTORY
2026-10-01T01:36:09+00:00,FB6068,2026-10-01T18:10:00+08:00,50001684,50001042,Japan,Ecuador,6315047,6715,6707,Japan,Ecuador,Friendlies,0,VERIFIED,reused_verified_h2h,2,0,2,0,1,1,1.00,DD,"[{""source_event_id"":4028162,""date"":""2022-09-27T11:55:00.000Z"",""tournament"":""Friendlies"",""home"":""Japan"",""away"":""Ecuador"",""home_team_id"":""6715"",""away_team_id"":""6707"",""home_goals"":0,""away_goals"":0,""current_home_goals"":0,""current_away_goals"":0,""result"":""D""},{""source_event_id"":2977583,""date"":""2019-06-24T23:00:00.000Z"",""tournament"":""Copa America Grp. C"",""home"":""Ecuador"",""away"":""Japan"",""home_team_id"":""6707"",""away_team_id"":""6715"",""home_goals"":1,""away_goals"":1,""current_home_goals"":1,""current_away_goals"":1,""result"":""D""}]",FOTMOB,H2H_OK
2026-10-01T01:36:09+00:00,FB6077,2026-10-01T20:30:00+08:00,50001601,50000361,Indonesia,Bangladesh,6232982,6324,95797,Indonesia,Bangladesh,FIFA ASEAN Cup Premier Division Grp. A,0,VERIFIED,exact_pair_and_kickoff,1,0,1,0,0,0,0.00,D,"[{""source_event_id"":3886931,""date"":""2022-06-01T13:30:00.000Z"",""tournament"":""Friendlies"",""home"":""Indonesia"",""away"":""Bangladesh"",""home_team_id"":""6324"",""away_team_id"":""95797"",""home_goals"":0,""away_goals"":0,""current_home_goals"":0,""current_away_goals"":0,""result"":""D""}]",FOTMOB,H2H_OK
2026-10-01T01:36:09+00:00,FB6078,2026-10-01T20:30:00+08:00,50002005,50002837,Malaysia,Singapore,6232983,5823,5825,Malaysia,Singapore,FIFA ASEAN Cup Premier Division Grp. A,0,VERIFIED,exact_pair_and_kickoff,5,3,1,1,9,6,3.00,HDHHA,"[{""source_event_id"":4942720,""date"":""2025-09-04T13:00:00.000Z"",""tournament"":""Friendlies"",""home"":""Malaysia"",""away"":""Singapore"",""home_team_id"":""5823"",""away_team_id"":""5825"",""home_goals"":2,""away_goals"":1,""current_home_goals"":2,""current_away_goals"":1,""result"":""H""},{""source_event_id"":4482894,""date"":""2024-12-20T13:00:00.000Z"",""tournament"":""AFF Championship Grp. B"",""home"":""Malaysia"",""away"":""Singapore"",""home_team_id"":""5823"",""away_team_id"":""5825"",""home_goals"":0,""away_goals"":0,""current_home_goals"":0,""current_away_goals"":0,""result"":""D""},{""source_event_id"":4019518,""date"":""2023-01-03T12:30:00.000Z"",""tournament"":""AFF Championship Grp. B"",""home"":""Malaysia"",""away"":""Singapore"",""home_team_id"":""5823"",""away_team_id"":""5825"",""home_goals"":4,""away_goals"":1,""current_home_goals"":4,""current_away_goals"":1,""result"":""H""},{""source_event_id"":1808302,""date"":""2014-11-29T12:00:00.000Z"",""tournament"":""AFF Championship Grp. B"",""home"":""Singapore"",""away"":""Malaysia"",""home_team_id"":""5825"",""away_team_id"":""5823"",""home_goals"":1,""away_goals"":3,""current_home_goals"":3,""current_away_goals"":1,""result"":""H""},{""source_event_id"":1356625,""date"":""2012-11-25T12:45:00.000Z"",""tournament"":""AFF Championship Grp. B"",""home"":""Malaysia"",""away"":""Singapore"",""home_team_id"":""5823"",""away_team_id"":""5825"",""home_goals"":0,""away_goals"":3,""current_home_goals"":0,""current_away_goals"":3,""result"":""A""}]",FOTMOB,H2H_OK
2026-10-01T01:36:09+00:00,FB6046,2026-10-01T21:15:00+08:00,50002817,50482783,Sharjah FC,Al Dhafra,,,,,,,,UNMAPPED,no_exact_pair_in_kickoff_window,0,0,0,0,0,0,,,[],FOTMOB,UNMAPPED
2026-10-01T01:36:09+00:00,FB6048,2026-10-01T21:15:00+08:00,50541356,50600022,Dubai United FC,Hatta Club,,,,,,,,UNMAPPED,no_exact_pair_in_kickoff_window,0,0,0,0,0,0,,,[],FOTMOB,UNMAPPED
2026-10-01T01:36:09+00:00,FB6074,2026-10-01T22:00:00+08:00,50003245,50003030,Uzbekistan,Syria,6280451,8700,6320,Uzbekistan,Syria,Friendlies,0,VERIFIED,reused_verified_h2h,3,1,1,1,1,1,0.67,DAH,"[{""source_event_id"":4169718,""date"":""2024-01-13T17:30:00.000Z"",""tournament"":""Asian Cup Grp. B"",""home"":""Uzbekistan"",""away"":""Syria"",""home_team_id"":""8700"",""away_team_id"":""6320"",""home_goals"":0,""away_goals"":0,""current_home_goals"":0,""current_away_goals"":0,""result"":""D""},{""source_event_id"":2223806,""date"":""2017-03-23T12:00:00.000Z"",""tournament"":""World Cup Qualification AFC 3rd Round Grp. A"",""home"":""Syria"",""away"":""Uzbekistan"",""home_team_id"":""6320"",""away_team_id"":""8700"",""home_goals"":1,""away_goals"":0,""current_home_goals"":0,""current_away_goals"":1,""result"":""A""},{""source_event_id"":2223791,""date"":""2016-09-01T15:00:00.000Z"",""tournament"":""World Cup Qualification AFC 3rd Round Grp. A"",""home"":""Uzbekistan"",""away"":""Syria"",""home_team_id"":""8700"",""away_team_id"":""6320"",""home_goals"":1,""away_goals"":0,""current_home_goals"":1,""current_away_goals"":0,""result"":""H""}]",FOTMOB,H2H_OK
2026-10-01T01:36:09+00:00,FB6027,2026-10-01T23:00:00+08:00,50001453,50001874,Greece U21,Latvia U21,4785966,5843,5839,Greece U21,Latvia U21,EURO U21 Qualification Grp. F,0,VERIFIED,reused_verified_h2h,1,1,0,0,1,0,1.00,H,"[{""source_event_id"":4785950,""date"":""2025-10-14T14:00:00.000Z"",""tournament"":""EURO U21 Qualification Grp. F"",""home"":""Latvia U21"",""away"":""Greece U21"",""home_team_id"":""5839"",""away_team_id"":""5843"",""home_goals"":0,""away_goals"":1,""current_home_goals"":1,""current_away_goals"":0,""result"":""H""}]",FOTMOB,H2H_OK
2026-10-01T01:36:09+00:00,FB6047,2026-10-01T23:45:00+08:00,50000365,50000111,Baniyas,Al Wahda,1000020532,182933,102122,Baniyas,Al-Wahda,League Cup,0,VERIFIED,reused_verified_h2h,5,1,1,3,4,10,2.80,AHAAD,"[{""source_event_id"":5961831,""date"":""2026-08-30T16:30:00.000Z"",""tournament"":""Pro League"",""home"":""Al-Wahda"",""away"":""Baniyas"",""home_team_id"":""102122"",""away_team_id"":""182933"",""home_goals"":2,""away_goals"":1,""current_home_goals"":1,""current_away_goals"":2,""result"":""A""},{""source_event_id"":5179224,""date"":""2026-03-12T17:30:00.000Z"",""tournament"":""Pro League"",""home"":""Baniyas"",""away"":""Al-Wahda"",""home_team_id"":""182933"",""away_team_id"":""102122"",""home_goals"":1,""away_goals"":0,""current_home_goals"":1,""current_away_goals"":0,""result"":""H""},{""source_event_id"":5041046,""date"":""2026-01-06T15:45:00.000Z"",""tournament"":""Pro League"",""home"":""Al-Wahda"",""away"":""Baniyas"",""home_team_id"":""102122"",""away_team_id"":""182933"",""home_goals"":3,""away_goals"":0,""current_home_goals"":0,""current_away_goals"":3,""result"":""A""},{""source_event_id"":4722311,""date"":""2025-02-23T16:15:00.000Z"",""tournament"":""Pro League"",""home"":""Baniyas"",""away"":""Al-Wahda"",""home_team_id"":""182933"",""away_team_id"":""102122"",""home_goals"":0,""away_goals"":3,""current_home_goals"":0,""current_away_goals"":3,""result"":""A""},{""source_event_id"":4580495,""date"":""2024-09-27T16:00:00.000Z"",""tournament"":""Pro League"",""home"":""Al-Wahda"",""away"":""Baniyas"",""home_team_id"":""102122"",""away_team_id"":""182933"",""home_goals"":2,""away_goals"":2,""current_home_goals"":2,""current_away_goals"":2,""result"":""D""}]",FOTMOB,H2H_OK
2026-10-01T01:36:09+00:00,FB6034,2026-10-02T00:00:00+08:00,50002288,50002151,North Macedonia U21,Montenegro U21,4785848,8504,57118,North Macedonia U21,Montenegro U21,EURO U21 Qualification Grp. E,0,VERIFIED,reused_verified_h2h,5,4,0,1,9,5,2.80,AHHHH,"[{""source_event_id"":4785833,""date"":""2025-10-14T16:00:00.000Z"",""tournament"":""EURO U21 Qualification Grp. E"",""home"":""Montenegro U21"",""away"":""North Macedonia U21"",""home_team_id"":""57118"",""away_team_id"":""8504"",""home_goals"":3,""away_goals"":2,""current_home_goals"":2,""current_away_goals"":3,""result"":""A""},{""source_event_id"":2988329,""date"":""2020-11-17T12:30:00.000Z"",""tournament"":""EURO U21 Qualification Grp. E"",""home"":""North Macedonia U21"",""away"":""Montenegro U21"",""home_team_id"":""8504"",""away_team_id"":""57118"",""home_goals"":2,""away_goals"":1,""current_home_goals"":2,""current_away_goals"":1,""result"":""H""},{""source_event_id"":2988307,""date"":""2019-10-10T15:00:00.000Z"",""tournament"":""EURO U21 Qualification Grp. E"",""home"":""Montenegro U21"",""away"":""North Macedonia U21"",""home_team_id"":""57118"",""away_team_id"":""8504"",""home_goals"":1,""away_goals"":2,""current_home_goals"":2,""current_away_goals"":1,""result"":""H""},{""source_event_id"":2459859,""date"":""2017-03-24T13:00:00.000Z"",""tournament"":""Friendlies U21"",""home"":""North Macedonia U21"",""away"":""Montenegro U21"",""home_team_id"":""8504"",""away_team_id"":""57118"",""home_goals"":2,""away_goals"":0,""current_home_goals"":2,""current_away_goals"":0,""result"":""H""},{""source_event_id"":1860265,""date"":""2014-11-16T12:00:00.000Z"",""tournament"":""Friendlies U21"",""home"":""North Macedonia U21"",""away"":""Montenegro U21"",""home_team_id"":""8504"",""away_team_id"":""57118"",""home_goals"":1,""away_goals"":0,""current_home_goals"":1,""current_away_goals"":0,""result"":""H""}]",FOTMOB,H2H_OK
2026-10-01T01:36:09+00:00,FB6050,2026-10-02T00:00:00+08:00,50000337,50001909,Azerbaijan,Liechtenstein,5181882,8566,5799,Azerbaijan,Liechtenstein,UEFA Nations League D Grp. 2,0,VERIFIED,reused_verified_h2h,1,1,0,0,1,0,1.00,H,"[{""source_event_id"":1388056,""date"":""2013-02-06T14:00:00.000Z"",""tournament"":""Friendlies"",""home"":""Azerbaijan"",""away"":""Liechtenstein"",""home_team_id"":""8566"",""away_team_id"":""5799"",""home_goals"":1,""away_goals"":0,""current_home_goals"":1,""current_away_goals"":0,""result"":""H""}]",FOTMOB,H2H_OK
2026-10-01T01:36:09+00:00,FB6073,2026-10-02T00:00:00+08:00,50001483,50001787,Guinea,Kenya,6040250,6289,5884,Guinea,Kenya,Africa Cup of Nations Qualification Grp. D,0,VERIFIED,reused_verified_h2h,0,0,0,0,0,0,,,[],FOTMOB,NO_HISTORY
2026-10-01T01:36:09+00:00,FB6049,2026-10-02T00:30:00+08:00,50000237,50001657,Armenia U21,Italy U21,4785847,5844,6659,Armenia U21,Italy U21,EURO U21 Qualification Grp. E,0,VERIFIED,reused_verified_h2h,3,0,0,3,1,12,4.33,AAA,"[{""source_event_id"":4785831,""date"":""2025-10-14T16:15:00.000Z"",""tournament"":""EURO U21 Qualification Grp. E"",""home"":""Italy U21"",""away"":""Armenia U21"",""home_team_id"":""6659"",""away_team_id"":""5844"",""home_goals"":5,""away_goals"":1,""current_home_goals"":1,""current_away_goals"":5,""result"":""A""},{""source_event_id"":2988144,""date"":""2019-11-19T20:00:00.000Z"",""tournament"":""EURO U21 Qualification Grp. E"",""home"":""Italy U21"",""away"":""Armenia U21"",""home_team_id"":""6659"",""away_team_id"":""5844"",""home_goals"":6,""away_goals"":0,""current_home_goals"":0,""current_away_goals"":6,""result"":""A""},{""source_event_id"":2988161,""date"":""2019-10-14T16:30:00.000Z"",""tournament"":""EURO U21 Qualification Grp. E"",""home"":""Armenia U21"",""away"":""Italy U21"",""home_team_id"":""5844"",""away_team_id"":""6659"",""home_goals"":0,""away_goals"":1,""current_home_goals"":0,""current_away_goals"":1,""result"":""A""}]",FOTMOB,H2H_OK
2026-10-01T01:36:09+00:00,FB6057,2026-10-02T00:45:00+08:00,50462420,50355619,Austria Vienna Women,Inter Milan Women,,,,,,,,UNMAPPED,no_exact_pair_in_kickoff_window,0,0,0,0,0,0,,,[],FOTMOB,UNMAPPED
2026-10-01T01:36:09+00:00,FB6058,2026-10-02T00:45:00+08:00,50600446,50356303,HB Koge Women,Servette Women,,,,,,,,UNMAPPED,no_exact_pair_in_kickoff_window,0,0,0,0,0,0,,,[],FOTMOB,UNMAPPED
2026-10-01T01:36:09+00:00,FB6024,2026-10-02T01:00:00+08:00,50001575,50001927,Hungary U21,Lithuania U21,4785774,5838,5841,Hungary U21,Lithuania U21,EURO U21 Qualification Grp. H,0,VERIFIED,reused_verified_h2h,2,1,1,0,2,1,1.50,DH,"[{""source_event_id"":4785760,""date"":""2025-09-09T16:00:00.000Z"",""tournament"":""EURO U21 Qualification Grp. H"",""home"":""Lithuania U21"",""away"":""Hungary U21"",""home_team_id"":""5841"",""away_team_id"":""5838"",""home_goals"":1,""away_goals"":1,""current_home_goals"":1,""current_away_goals"":1,""result"":""D""},{""source_event_id"":4033496,""date"":""2022-09-27T18:00:00.000Z"",""tournament"":""Friendlies U21"",""home"":""Hungary U21"",""away"":""Lithuania U21"",""home_team_id"":""5838"",""away_team_id"":""5841"",""home_goals"":1,""away_goals"":0,""current_home_goals"":1,""current_away_goals"":0,""result"":""H""}]",FOTMOB,H2H_OK
2026-10-01T01:36:09+00:00,FB6025,2026-10-02T02:45:00+08:00,50002623,50000320,Republic of Ireland,Austria,,,,,,,,UNMAPPED,no_exact_pair_in_kickoff_window,0,0,0,0,0,0,,,[],FOTMOB,UNMAPPED
2026-10-01T01:36:09+00:00,FB6028,2026-10-02T02:45:00+08:00,50001451,50002222,Greece,Netherlands,5181830,6383,6708,Greece,Netherlands,UEFA Nations League A Grp. 2,0,VERIFIED,reused_verified_h2h,3,1,0,2,2,5,2.33,AAH,"[{""source_event_id"":4044618,""date"":""2023-10-16T18:45:00.000Z"",""tournament"":""EURO Qualification Grp. B"",""home"":""Greece"",""away"":""Netherlands"",""home_team_id"":""6383"",""away_team_id"":""6708"",""home_goals"":0,""away_goals"":1,""current_home_goals"":0,""current_away_goals"":1,""result"":""A""},{""source_event_id"":4044615,""date"":""2023-09-07T18:45:00.000Z"",""tournament"":""EURO Qualification Grp. B"",""home"":""Netherlands"",""away"":""Greece"",""home_team_id"":""6708"",""away_team_id"":""6383"",""home_goals"":3,""away_goals"":0,""current_home_goals"":0,""current_away_goals"":3,""result"":""A""},{""source_event_id"":2295036,""date"":""2016-09-01T18:45:00.000Z"",""tournament"":""Friendlies"",""home"":""Netherlands"",""away"":""Greece"",""home_team_id"":""6708"",""away_team_id"":""6383"",""home_goals"":1,""away_goals"":2,""current_home_goals"":2,""current_away_goals"":1,""result"":""H""}]",FOTMOB,H2H_OK
2026-10-01T01:36:09+00:00,FB6029,2026-10-02T02:45:00+08:00,50001357,50002798,Germany,Serbia,5181829,8570,8205,Germany,Serbia,UEFA Nations League A Grp. 2,0,VERIFIED,reused_verified_h2h,2,0,1,1,1,2,1.50,DA,"[{""source_event_id"":2952791,""date"":""2019-03-20T19:45:00.000Z"",""tournament"":""Friendlies"",""home"":""Germany"",""away"":""Serbia"",""home_team_id"":""8570"",""away_team_id"":""8205"",""home_goals"":1,""away_goals"":1,""current_home_goals"":1,""current_away_goals"":1,""result"":""D""},{""source_event_id"":761774,""date"":""2010-06-18T11:30:00.000Z"",""tournament"":""World Cup grp. D"",""home"":""Germany"",""away"":""Serbia"",""home_team_id"":""8570"",""away_team_id"":""8205"",""home_goals"":0,""away_goals"":1,""current_home_goals"":0,""current_away_goals"":1,""result"":""A""}]",FOTMOB,H2H_OK
2026-10-01T01:36:09+00:00,FB6030,2026-10-02T02:45:00+08:00,50001650,50001834,Israel,Kosovo,5181816,8567,430156,Israel,Kosovo,UEFA Nations League B Grp. 3,0,VERIFIED,reused_verified_h2h,2,0,1,1,1,2,1.50,AD,"[{""source_event_id"":4044657,""date"":""2023-11-12T19:45:00.000Z"",""tournament"":""EURO Qualification Grp. I"",""home"":""Kosovo"",""away"":""Israel"",""home_team_id"":""430156"",""away_team_id"":""8567"",""home_goals"":1,""away_goals"":0,""current_home_goals"":0,""current_away_goals"":1,""result"":""A""},{""source_event_id"":4044636,""date"":""2023-03-25T17:00:00.000Z"",""tournament"":""EURO Qualification Grp. I"",""home"":""Israel"",""away"":""Kosovo"",""home_team_id"":""8567"",""away_team_id"":""430156"",""home_goals"":1,""away_goals"":1,""current_home_goals"":1,""current_away_goals"":1,""result"":""D""}]",FOTMOB,H2H_OK
2026-10-01T01:36:09+00:00,FB6031,2026-10-02T02:45:00+08:00,50003347,50002295,Wales,Norway,5181866,5790,8492,Wales,Norway,UEFA Nations League A Grp. 4,0,VERIFIED,reused_verified_h2h,1,1,0,0,4,1,5.00,H,"[{""source_event_id"":1123335,""date"":""2011-11-12T15:00:00.000Z"",""tournament"":""Friendlies"",""home"":""Wales"",""away"":""Norway"",""home_team_id"":""5790"",""away_team_id"":""8492"",""home_goals"":4,""away_goals"":1,""current_home_goals"":4,""current_away_goals"":1,""result"":""H""}]",FOTMOB,H2H_OK
2026-10-01T01:36:09+00:00,FB6045,2026-10-02T02:45:00+08:00,50000950,50002502,Denmark,Portugal,5181865,8238,8361,Denmark,Portugal,UEFA Nations League A Grp. 4,0,VERIFIED,reused_verified_h2h,5,1,0,4,5,10,3.00,AHAAA,"[{""source_event_id"":4679446,""date"":""2025-03-23T19:45:00.000Z"",""tournament"":""UEFA Nations League A Grp. 4"",""home"":""Portugal"",""away"":""Denmark"",""home_team_id"":""8361"",""away_team_id"":""8238"",""home_goals"":5,""away_goals"":2,""current_home_goals"":2,""current_away_goals"":5,""result"":""A""},{""source_event_id"":4679445,""date"":""2025-03-20T19:45:00.000Z"",""tournament"":""UEFA Nations League A Grp. 4"",""home"":""Denmark"",""away"":""Portugal"",""home_team_id"":""8238"",""away_team_id"":""8361"",""home_goals"":1,""away_goals"":0,""current_home_goals"":1,""current_away_goals"":0,""result"":""H""},{""source_event_id"":1667624,""date"":""2015-10-08T18:45:00.000Z"",""tournament"":""EURO Qualification Grp. I"",""home"":""Portugal"",""away"":""Denmark"",""home_team_id"":""8361"",""away_team_id"":""8238"",""home_goals"":1,""away_goals"":0,""current_home_goals"":0,""current_away_goals"":1,""result"":""A""},{""source_event_id"":1667611,""date"":""2014-10-14T18:45:00.000Z"",""tournament"":""EURO Qualification Grp. I"",""home"":""Denmark"",""away"":""Portugal"",""home_team_id"":""8238"",""away_team_id"":""8361"",""home_goals"":0,""away_goals"":1,""current_home_goals"":0,""current_away_goals"":1,""result"":""A""},{""source_event_id"":1139473,""date"":""2012-06-13T16:00:00.000Z"",""tournament"":""EURO Grp. B"",""home"":""Denmark"",""away"":""Portugal"",""home_team_id"":""8238"",""away_team_id"":""8361"",""home_goals"":2,""away_goals"":3,""current_home_goals"":2,""current_away_goals"":3,""result"":""A""}]",FOTMOB,H2H_OK
2026-10-01T01:36:09+00:00,FB6059,2026-10-02T03:00:00+08:00,50356306,50362133,Paris Saint Germain Women,OH Leuven Women,,,,,,,,UNMAPPED,no_exact_pair_in_kickoff_window,0,0,0,0,0,0,,,[],FOTMOB,UNMAPPED
2026-10-01T01:36:09+00:00,FB6060,2026-10-02T03:00:00+08:00,50355604,50356281,Manchester City Women,Real Madrid Women,,,,,,,,UNMAPPED,no_exact_pair_in_kickoff_window,0,0,0,0,0,0,,,[],FOTMOB,UNMAPPED
2026-10-01T01:36:09+00:00,FB6072,2026-10-02T07:28:00+08:00,50585201,50002948,Athletic Club MG,Sport Recife,5190741,1221604,6305,Athletic Club MG,Sport Recife,Série B,120,VERIFIED,reused_verified_h2h,2,1,1,0,4,2,3.00,DH,"[{""source_event_id"":5190550,""date"":""2026-06-11T00:00:00.000Z"",""tournament"":""Série B"",""home"":""Sport Recife"",""away"":""Athletic Club MG"",""home_team_id"":""6305"",""away_team_id"":""1221604"",""home_goals"":1,""away_goals"":1,""current_home_goals"":1,""current_away_goals"":1,""result"":""D""},{""source_event_id"":1000010247,""date"":""2026-03-18T00:30:00.000Z"",""tournament"":""Copa do Brasil"",""home"":""Sport Recife"",""away"":""Athletic Club MG"",""home_team_id"":""6305"",""away_team_id"":""1221604"",""home_goals"":1,""away_goals"":3,""current_home_goals"":3,""current_away_goals"":1,""result"":""H""}]",FOTMOB,H2H_OK
2026-10-01T01:36:09+00:00,FB6071,2026-10-02T07:58:00+08:00,50002305,50001433,Novorizontino,Goias,5190746,581838,9862,Novorizontino,Goiás,Série B,120,VERIFIED,reused_verified_h2h,5,3,0,2,7,3,2.00,HAHAH,"[{""source_event_id"":5190554,""date"":""2026-06-10T23:00:00.000Z"",""tournament"":""Série B"",""home"":""Goiás"",""away"":""Novorizontino"",""home_team_id"":""9862"",""away_team_id"":""581838"",""home_goals"":0,""away_goals"":4,""current_home_goals"":4,""current_away_goals"":0,""result"":""H""},{""source_event_id"":4739150,""date"":""2025-11-16T19:30:00.000Z"",""tournament"":""Serie B"",""home"":""Goiás"",""away"":""Novorizontino"",""home_team_id"":""9862"",""away_team_id"":""581838"",""home_goals"":1,""away_goals"":0,""current_home_goals"":0,""current_away_goals"":1,""result"":""A""},{""source_event_id"":4738970,""date"":""2025-07-23T22:00:00.000Z"",""tournament"":""Serie B"",""home"":""Novorizontino"",""away"":""Goiás"",""home_team_id"":""581838"",""away_team_id"":""9862"",""home_goals"":1,""away_goals"":0,""current_home_goals"":1,""current_away_goals"":0,""result"":""H""},{""source_event_id"":4441131,""date"":""2024-11-24T21:30:00.000Z"",""tournament"":""Serie B"",""home"":""Goiás"",""away"":""Novorizontino"",""home_team_id"":""9862"",""away_team_id"":""581838"",""home_goals"":1,""away_goals"":0,""current_home_goals"":0,""current_away_goals"":1,""result"":""A""},{""source_event_id"":4440979,""date"":""2024-08-04T21:30:00.000Z"",""tournament"":""Serie B"",""home"":""Novorizontino"",""away"":""Goiás"",""home_team_id"":""581838"",""away_team_id"":""9862"",""home_goals"":2,""away_goals"":1,""current_home_goals"":2,""current_away_goals"":1,""result"":""H""}]",FOTMOB,H2H_OK
2026-10-01T01:36:09+00:00,FB6033,2026-10-02T08:13:00+08:00,50000617,50001126,CA Platense,Estudiantes,,,,,,,,UNMAPPED,no_exact_pair_in_kickoff_window,0,0,0,0,0,0,,,[],FOTMOB,UNMAPPED
2026-10-01T01:36:09+00:00,FB6026,2026-10-02T09:30:00+08:00,50002773,50002954,Seattle Sounders,Sporting Kansas City,,,,,,,,UNMAPPED,no_exact_pair_in_kickoff_window,0,0,0,0,0,0,,,[],FOTMOB,UNMAPPED
2026-10-01T01:36:09+00:00,FB6075,2026-10-02T14:00:00+08:00,50000765,50001814,China Women,Korea Republic Women,,,,,,,,UNMAPPED,no_exact_pair_in_kickoff_window,0,0,0,0,0,0,,,[],FOTMOB,UNMAPPED
2026-10-01T01:36:09+00:00,FB6079,2026-10-02T17:57:00+08:00,50379870,50379871,Incheon Steel Women,Hwacheon FC Women,,,,,,,,UNMAPPED,no_exact_pair_in_kickoff_window,0,0,0,0,0,0,,,[],FOTMOB,UNMAPPED
2026-10-01T01:36:09+00:00,FB6080,2026-10-02T17:57:00+08:00,50379874,50379872,Sejong FC Women,Suwon FC Women,,,,,,,,UNMAPPED,no_exact_pair_in_kickoff_window,0,0,0,0,0,0,,,[],FOTMOB,UNMAPPED
2026-10-01T01:36:09+00:00,FB6076,2026-10-02T18:30:00+08:00,50001689,50001806,Japan Women,Korea DPR Women,,,,,,,,UNMAPPED,no_exact_pair_in_kickoff_window,0,0,0,0,0,0,,,[],FOTMOB,UNMAPPED
2026-10-01T01:36:09+00:00,FB6023,2026-10-02T19:35:00+08:00,50000760,50002391,China,Palestine,6280453,5822,6333,China,Palestine,Friendlies,0,VERIFIED,reused_verified_h2h,2,1,1,0,3,1,2.00,HD,"[{""source_event_id"":4181989,""date"":""2023-06-20T11:35:00.000Z"",""tournament"":""Friendlies"",""home"":""China"",""away"":""Palestine"",""home_team_id"":""5822"",""away_team_id"":""6333"",""home_goals"":2,""away_goals"":0,""current_home_goals"":2,""current_away_goals"":0,""result"":""H""},{""source_event_id"":2921280,""date"":""2018-11-20T12:00:00.000Z"",""tournament"":""Friendlies"",""home"":""China"",""away"":""Palestine"",""home_team_id"":""5822"",""away_team_id"":""6333"",""home_goals"":1,""away_goals"":1,""current_home_goals"":1,""current_away_goals"":1,""result"":""D""}]",FOTMOB,H2H_OK
2026-10-01T01:36:09+00:00,FB6081,2026-10-03T12:57:00+08:00,50379877,50379875,Gangjin Swans Women,Seoul City Women,,,,,,,,UNMAPPED,no_exact_pair_in_kickoff_window,0,0,0,0,0,0,,,[],FOTMOB,UNMAPPED
2026-10-01T01:36:09+00:00,FB6082,2026-10-03T12:57:00+08:00,50379873,50379876,Gyeongju FC Women,Mungyeong Sangmu Women,,,,,,,,UNMAPPED,no_exact_pair_in_kickoff_window,0,0,0,0,0,0,,,[],FOTMOB,UNMAPPED
