team_id,status,bootstrap_months,first_bootstrap_hkt,last_refresh_hkt,last_mode,successful_months,history_games
50000004,BOOTSTRAPPED,12,2026-09-18T23:00:46+08:00,2026-10-09T21:20:53+08:00,REFRESH,2,47
50000008,PENDING,12,,,DEFERRED_BUDGET,,2
50000012,PENDING,2,,,DEFERRED_BUDGET,,3
50000022,BOOTSTRAPPED,2,2026-09-25T15:57:57+08:00,2026-10-09T21:20:53+08:00,REFRESH,2,8
50000023,PENDING,12,,,DEFERRED_BUDGET,,1
50000026,BOOTSTRAPPED,2,2026-10-10T00:20:09+08:00,2026-10-10T00:20:09+08:00,BOOTSTRAP,2,4
50000039,PENDING,12,,,DEFERRED_BUDGET,,9
50000043,PENDING,2,,,DEFERRED_BUDGET,,0
50000044,PENDING,2,,,DEFERRED_BUDGET,,4
50000049,BOOTSTRAPPED,2,2026-09-25T15:57:57+08:00,2026-10-06T08:50:05+08:00,REFRESH,2,2
50000068,PENDING,2,,,DEFERRED_BUDGET,,4
50000080,PENDING,2,,,DEFERRED_BUDGET,,2
50000083,BOOTSTRAPPED,2,2026-10-08T17:08:23+08:00,2026-10-09T10:16:46+08:00,REFRESH,2,6
50000085,BOOTSTRAPPED,2,2026-10-01T14:07:59+08:00,2026-10-08T07:50:46+08:00,REFRESH,2,6
50000086,BOOTSTRAPPED,2,2026-09-21T16:26:22+08:00,2026-10-09T10:16:46+08:00,REFRESH,2,5
50000087,BOOTSTRAPPED,2,2026-09-21T16:26:22+08:00,2026-10-07T16:50:19+08:00,REFRESH,2,6
50000088,PENDING,2,,,DEFERRED_BUDGET,,1
50000090,PENDING,2,,,DEFERRED_BUDGET,,1
50000091,BOOTSTRAPPED,2,2026-10-08T17:08:23+08:00,2026-10-09T10:16:46+08:00,REFRESH,2,3
50000092,BOOTSTRAPPED,2,2026-10-01T14:07:59+08:00,2026-10-07T16:50:19+08:00,REFRESH,2,7
50000094,PENDING,2,,,DEFERRED_BUDGET,,3
50000095,PENDING,2,,,DEFERRED_BUDGET,,2
50000097,BOOTSTRAPPED,2,2026-10-01T14:07:59+08:00,2026-10-09T10:16:46+08:00,REFRESH,2,7
50000100,BOOTSTRAPPED,2,2026-10-01T14:07:59+08:00,2026-10-08T07:50:46+08:00,REFRESH,2,5
50000101,BOOTSTRAPPED,2,2026-10-09T03:28:08+08:00,2026-10-09T03:28:08+08:00,BOOTSTRAP,2,4
50000103,BOOTSTRAPPED,2,2026-10-08T17:08:23+08:00,2026-10-09T10:16:46+08:00,REFRESH,2,6
50000105,BOOTSTRAPPED,2,2026-10-09T00:37:18+08:00,2026-10-09T00:37:18+08:00,BOOTSTRAP,2,6
50000106,PENDING,2,,,DEFERRED_BUDGET,,4
50000107,PENDING,2,,,DEFERRED_BUDGET,,1
50000110,PENDING,2,,,DEFERRED_BUDGET,,2
50000111,BOOTSTRAPPED,2,2026-09-29T23:59:22+08:00,2026-10-09T07:58:30+08:00,REFRESH,2,8
50000112,BOOTSTRAPPED,2,2026-10-01T14:07:59+08:00,2026-10-08T07:50:46+08:00,REFRESH,2,6
50000120,PENDING,2,,,DEFERRED_BUDGET,,3
50000121,BOOTSTRAPPED,12,2026-09-18T23:00:46+08:00,2026-10-03T13:47:07+08:00,REFRESH,2,38
50000122,BOOTSTRAPPED,2,2026-09-26T06:29:24+08:00,2026-10-06T15:35:16+08:00,REFRESH,2,3
50000127,BOOTSTRAPPED,12,2026-09-18T23:00:46+08:00,2026-10-08T21:30:19+08:00,REFRESH,2,33
50000131,BOOTSTRAPPED,2,2026-09-21T11:40:16+08:00,2026-10-09T00:37:18+08:00,REFRESH,2,14
50000138,BOOTSTRAPPED,2,2026-09-25T06:31:47+08:00,2026-10-06T06:45:02+08:00,REFRESH,2,2
50000155,BOOTSTRAPPED,12,2026-09-18T23:00:46+08:00,2026-10-09T14:09:14+08:00,REFRESH,2,47
50000156,BOOTSTRAPPED,2,2026-09-27T06:58:06+08:00,2026-10-02T07:26:24+08:00,REFRESH,2,5
50000160,PENDING,2,,,DEFERRED_BUDGET,,1
50000163,PENDING,12,,,DEFERRED_BUDGET,,1
50000165,BOOTSTRAPPED,2,2026-09-27T16:20:28+08:00,2026-10-07T21:24:00+08:00,REFRESH,2,8
50000175,PENDING,2,,,DEFERRED_BUDGET,,5
50000176,BOOTSTRAPPED,2,2026-09-27T09:33:58+08:00,2026-09-30T04:53:50+08:00,REFRESH,2,1
50000177,BOOTSTRAPPED,2,2026-10-01T14:07:59+08:00,2026-10-01T14:07:59+08:00,BOOTSTRAP,2,0
50000179,PENDING,2,,,DEFERRED_BUDGET,,0
50000180,BOOTSTRAPPED,2,2026-09-25T03:17:18+08:00,2026-10-07T01:16:48+08:00,REFRESH,2,1
50000182,BOOTSTRAPPED,12,2026-09-18T23:49:43+08:00,2026-10-09T10:16:46+08:00,REFRESH,2,35
50000186,BOOTSTRAPPED,2,2026-09-22T01:03:48+08:00,2026-10-07T09:38:47+08:00,REFRESH,2,2
50000187,PENDING,12,,,DEFERRED_BUDGET,,1
50000199,BOOTSTRAPPED,2,2026-09-29T05:24:40+08:00,2026-10-06T11:06:42+08:00,REFRESH,2,2
50000228,BOOTSTRAPPED,2,2026-10-03T02:31:24+08:00,2026-10-05T01:40:52+08:00,REFRESH,2,13
50000231,BOOTSTRAPPED,2,2026-09-26T21:12:50+08:00,2026-10-05T01:40:52+08:00,REFRESH,2,11
50000236,BOOTSTRAPPED,2,2026-09-24T13:02:21+08:00,2026-10-05T05:37:26+08:00,REFRESH,2,3
50000237,BOOTSTRAPPED,2,2026-09-29T23:59:22+08:00,2026-10-05T09:02:59+08:00,REFRESH,2,1
50000238,PENDING,2,,,DEFERRED_BUDGET,,1
50000240,BOOTSTRAPPED,2,2026-10-05T15:11:15+08:00,2026-10-09T06:11:28+08:00,REFRESH,2,12
50000249,BOOTSTRAPPED,12,2026-09-18T23:49:43+08:00,2026-10-09T07:58:30+08:00,REFRESH,2,61
50000252,PENDING,12,,,DEFERRED_BUDGET,,4
50000253,BOOTSTRAPPED,2,2026-10-06T06:45:02+08:00,2026-10-09T03:28:08+08:00,REFRESH,2,14
50000255,BOOTSTRAPPED,2,2026-09-26T13:32:05+08:00,2026-10-09T21:20:53+08:00,REFRESH,2,11
50000257,BOOTSTRAPPED,12,2026-09-18T23:49:43+08:00,2026-10-09T21:20:53+08:00,REFRESH,2,36
50000258,BOOTSTRAPPED,2,2026-09-24T18:10:23+08:00,2026-10-09T21:20:53+08:00,REFRESH,2,24
50000264,BOOTSTRAPPED,2,2026-09-26T09:40:20+08:00,2026-10-07T21:24:00+08:00,REFRESH,2,9
50000267,PENDING,12,,,DEFERRED_BUDGET,,4
50000276,BOOTSTRAPPED,12,2026-09-16T07:05:00+08:00,2026-10-09T06:11:28+08:00,REFRESH,2,62
50000281,BOOTSTRAPPED,12,2026-09-20T13:35:55+08:00,2026-10-10T00:20:09+08:00,REFRESH,2,36
50000283,BOOTSTRAPPED,12,2026-09-16T07:05:00+08:00,2026-10-09T14:09:14+08:00,REFRESH,2,36
50000291,BOOTSTRAPPED,2,2026-09-22T00:50:55+08:00,2026-10-09T17:16:09+08:00,REFRESH,2,9
50000294,BOOTSTRAPPED,2,2026-10-09T07:58:30+08:00,2026-10-09T07:58:30+08:00,BOOTSTRAP,2,4
50000298,BOOTSTRAPPED,2,2026-09-26T15:50:52+08:00,2026-10-10T00:20:09+08:00,REFRESH,2,16
50000299,BOOTSTRAPPED,2,2026-09-24T13:02:21+08:00,2026-09-29T06:08:26+08:00,REFRESH,2,1
50000320,BOOTSTRAPPED,2,2026-09-22T04:28:18+08:00,2026-10-04T15:01:30+08:00,REFRESH,2,3
50000323,BOOTSTRAPPED,2,2026-10-01T14:07:59+08:00,2026-10-06T08:50:05+08:00,REFRESH,2,1
50000324,PENDING,2,,,DEFERRED_BUDGET,,0
50000326,PENDING,12,,,DEFERRED_BUDGET,,1
50000327,BOOTSTRAPPED,2,2026-09-27T06:58:06+08:00,2026-10-03T02:31:24+08:00,REFRESH,2,7
50000332,BOOTSTRAPPED,2,2026-10-06T00:10:03+08:00,2026-10-09T03:28:08+08:00,REFRESH,2,11
50000333,BOOTSTRAPPED,12,2026-09-18T23:49:43+08:00,2026-09-19T09:07:35+08:00,REFRESH,2,37
50000337,BOOTSTRAPPED,2,2026-09-22T23:01:54+08:00,2026-10-04T15:01:30+08:00,REFRESH,2,3
50000338,BOOTSTRAPPED,2,2026-09-24T20:44:27+08:00,2026-10-06T06:45:02+08:00,REFRESH,2,2
50000342,BOOTSTRAPPED,2,2026-10-09T21:20:53+08:00,2026-10-09T21:20:53+08:00,BOOTSTRAP,2,7
50000347,BOOTSTRAPPED,2,2026-10-06T06:45:02+08:00,2026-10-09T06:11:28+08:00,REFRESH,2,18
50000349,BOOTSTRAPPED,2,2026-09-23T20:20:07+08:00,2026-09-30T21:53:21+08:00,REFRESH,2,2
50000356,PENDING,2,,,DEFERRED_BUDGET,,0
50000359,BOOTSTRAPPED,2,2026-10-03T02:31:24+08:00,2026-10-05T09:02:59+08:00,REFRESH,2,10
50000360,PENDING,12,,,DEFERRED_BUDGET,,5
50000361,BOOTSTRAPPED,2,2026-09-24T20:44:27+08:00,2026-10-01T03:28:14+08:00,REFRESH,2,2
50000365,BOOTSTRAPPED,2,2026-09-29T22:22:36+08:00,2026-10-09T07:58:30+08:00,REFRESH,2,7
50000369,PENDING,2,,,DEFERRED_BUDGET,,5
50000397,PENDING,2,,,DEFERRED_BUDGET,,3
50000398,BOOTSTRAPPED,2,2026-09-21T11:40:16+08:00,2026-10-02T20:49:30+08:00,REFRESH,2,14
50000401,PENDING,12,,,DEFERRED_BUDGET,,1
50000407,BOOTSTRAPPED,12,2026-09-19T02:02:17+08:00,2026-10-09T17:16:09+08:00,REFRESH,2,57
50000430,BOOTSTRAPPED,2,2026-09-26T06:29:24+08:00,2026-10-06T22:29:17+08:00,REFRESH,2,3
50000432,BOOTSTRAPPED,2,2026-09-22T01:03:48+08:00,2026-09-28T06:19:24+08:00,REFRESH,2,1
50000438,BOOTSTRAPPED,2,2026-09-24T13:02:21+08:00,2026-10-05T05:37:26+08:00,REFRESH,2,3
50000439,BOOTSTRAPPED,2,2026-09-22T01:03:48+08:00,2026-10-06T06:45:02+08:00,REFRESH,2,2
50000440,BOOTSTRAPPED,2,2026-10-09T10:16:46+08:00,2026-10-09T10:16:46+08:00,BOOTSTRAP,2,0
50000445,BOOTSTRAPPED,2,2026-10-03T02:31:24+08:00,2026-10-05T01:40:52+08:00,REFRESH,2,12
50000446,BOOTSTRAPPED,2,2026-09-29T15:31:56+08:00,2026-10-07T05:43:55+08:00,REFRESH,2,1
50000449,PENDING,12,,,DEFERRED_BUDGET,,2
50000453,BOOTSTRAPPED,2,2026-09-29T05:24:40+08:00,2026-10-07T03:51:21+08:00,REFRESH,2,1
50000457,BOOTSTRAPPED,2,2026-09-28T23:29:01+08:00,2026-09-28T23:29:01+08:00,BOOTSTRAP,2,0
50000462,PENDING,12,,,DEFERRED_BUDGET,,2
50000464,PENDING,12,,,DEFERRED_BUDGET,,3
50000465,BOOTSTRAPPED,2,2026-10-09T07:58:30+08:00,2026-10-09T07:58:30+08:00,BOOTSTRAP,2,5
50000468,BOOTSTRAPPED,2,2026-10-09T21:20:53+08:00,2026-10-09T21:20:53+08:00,BOOTSTRAP,2,9
50000470,PENDING,2,,,DEFERRED_BUDGET,,3
50000471,BOOTSTRAPPED,2,2026-09-21T17:26:28+08:00,2026-09-22T23:01:54+08:00,REFRESH,2,6
50000474,BOOTSTRAPPED,12,2026-09-19T02:02:17+08:00,2026-10-09T00:37:18+08:00,REFRESH,2,35
50000481,BOOTSTRAPPED,2,2026-09-27T13:20:06+08:00,2026-10-09T14:09:14+08:00,REFRESH,2,21
50000482,PENDING,12,,,DEFERRED_BUDGET,,5
50000483,BOOTSTRAPPED,2,2026-10-09T17:16:09+08:00,2026-10-09T17:16:09+08:00,BOOTSTRAP,2,4
50000487,BOOTSTRAPPED,2,2026-09-27T13:20:06+08:00,2026-10-01T03:28:14+08:00,REFRESH,2,1
50000489,PENDING,2,,,DEFERRED_BUDGET,,3
50000490,PENDING,12,,,DEFERRED_BUDGET,,3
50000498,BOOTSTRAPPED,2,2026-09-24T18:10:23+08:00,2026-10-05T05:37:26+08:00,REFRESH,2,3
50000499,BOOTSTRAPPED,2,2026-09-28T23:37:23+08:00,2026-10-06T06:45:02+08:00,REFRESH,2,1
50000500,BOOTSTRAPPED,2,2026-09-23T02:10:19+08:00,2026-10-05T01:35:18+08:00,REFRESH,2,13
50000502,BOOTSTRAPPED,12,2026-09-16T07:05:00+08:00,2026-10-07T16:50:19+08:00,REFRESH,2,55
50000504,BOOTSTRAPPED,2,2026-10-02T20:49:30+08:00,2026-10-04T05:26:30+08:00,REFRESH,2,8
50000506,BOOTSTRAPPED,2,2026-09-23T19:49:44+08:00,2026-09-28T08:55:49+08:00,REFRESH,2,1
50000508,BOOTSTRAPPED,2,2026-10-09T00:37:18+08:00,2026-10-09T00:37:18+08:00,BOOTSTRAP,2,5
50000510,BOOTSTRAPPED,2,2026-10-05T15:11:15+08:00,2026-10-09T07:58:30+08:00,REFRESH,2,9
50000513,BOOTSTRAPPED,2,2026-10-02T03:32:50+08:00,2026-10-06T11:06:42+08:00,REFRESH,2,9
50000515,BOOTSTRAPPED,2,2026-10-09T06:11:28+08:00,2026-10-09T06:11:28+08:00,BOOTSTRAP,2,5
50000518,BOOTSTRAPPED,2,2026-10-08T21:30:19+08:00,2026-10-09T17:16:09+08:00,REFRESH,2,3
50000523,BOOTSTRAPPED,12,2026-09-19T02:02:17+08:00,2026-10-09T10:16:46+08:00,REFRESH,2,34
50000524,BOOTSTRAPPED,2,2026-09-24T13:02:21+08:00,2026-10-03T07:03:25+08:00,REFRESH,2,2
50000526,BOOTSTRAPPED,2,2026-10-04T14:23:12+08:00,2026-10-04T14:23:12+08:00,BOOTSTRAP,2,0
50000570,BOOTSTRAPPED,12,2026-09-19T02:02:17+08:00,2026-10-09T07:58:30+08:00,REFRESH,2,45
50000572,PENDING,12,,,DEFERRED_BUDGET,,0
50000573,BOOTSTRAPPED,2,2026-10-05T15:11:15+08:00,2026-10-09T06:11:28+08:00,REFRESH,2,9
50000577,BOOTSTRAPPED,12,2026-09-19T09:07:35+08:00,2026-10-09T21:20:53+08:00,REFRESH,2,50
50000578,BOOTSTRAPPED,2,2026-09-25T15:57:57+08:00,2026-10-06T08:50:05+08:00,REFRESH,2,4
50000582,BOOTSTRAPPED,2,2026-10-10T00:20:09+08:00,2026-10-10T00:20:09+08:00,BOOTSTRAP,2,4
50000583,PENDING,12,,,DEFERRED_BUDGET,,1
50000586,PENDING,12,,,DEFERRED_BUDGET,,7
50000590,BOOTSTRAPPED,2,2026-10-08T14:04:45+08:00,2026-10-09T07:58:30+08:00,REFRESH,2,14
50000593,BOOTSTRAPPED,2,2026-09-26T02:43:38+08:00,2026-10-06T22:29:17+08:00,REFRESH,2,3
50000594,BOOTSTRAPPED,2,2026-09-25T00:19:49+08:00,2026-09-30T03:40:16+08:00,REFRESH,2,1
50000597,BOOTSTRAPPED,2,2026-09-27T09:33:58+08:00,2026-10-02T07:57:29+08:00,REFRESH,2,7
50000598,BOOTSTRAPPED,2,2026-10-09T21:20:53+08:00,2026-10-09T21:20:53+08:00,BOOTSTRAP,2,5
50000599,BOOTSTRAPPED,2,2026-09-27T22:08:03+08:00,2026-10-03T07:03:25+08:00,REFRESH,2,1
50000601,PENDING,2,,,DEFERRED_BUDGET,,7
50000604,BOOTSTRAPPED,2,2026-09-25T15:57:57+08:00,2026-10-06T08:50:05+08:00,REFRESH,2,6
50000605,BOOTSTRAPPED,2,2026-09-28T23:37:23+08:00,2026-09-29T15:31:56+08:00,REFRESH,2,0
50000607,BOOTSTRAPPED,12,2026-09-19T09:07:35+08:00,2026-10-09T17:16:09+08:00,REFRESH,2,24
50000612,BOOTSTRAPPED,12,2026-09-19T09:07:35+08:00,2026-10-05T01:40:52+08:00,REFRESH,2,35
50000613,BOOTSTRAPPED,2,2026-09-23T02:10:19+08:00,2026-10-05T01:35:18+08:00,REFRESH,2,9
50000617,BOOTSTRAPPED,2,2026-09-29T23:59:22+08:00,2026-10-05T05:37:26+08:00,REFRESH,2,21
50000618,PENDING,2,,,DEFERRED_BUDGET,,7
50000628,BOOTSTRAPPED,2,2026-09-27T16:20:28+08:00,2026-10-05T01:35:18+08:00,REFRESH,2,26
50000629,BOOTSTRAPPED,12,2026-09-19T09:07:35+08:00,2026-10-08T21:30:19+08:00,REFRESH,2,41
50000630,BOOTSTRAPPED,2,2026-09-26T02:37:39+08:00,2026-10-04T21:17:40+08:00,REFRESH,2,8
50000632,BOOTSTRAPPED,2,2026-09-26T15:50:52+08:00,2026-10-09T21:20:53+08:00,REFRESH,2,14
50000636,BOOTSTRAPPED,2,2026-09-27T13:20:06+08:00,2026-10-07T21:24:00+08:00,REFRESH,2,9
50000641,PENDING,2,,,DEFERRED_BUDGET,,2
50000644,BOOTSTRAPPED,2,2026-09-26T05:51:14+08:00,2026-10-03T16:16:26+08:00,REFRESH,2,5
50000647,PENDING,2,,,DEFERRED_BUDGET,,2
50000654,BOOTSTRAPPED,2,2026-09-22T00:20:31+08:00,2026-09-26T06:29:24+08:00,REFRESH,2,6
50000655,PENDING,2,,,DEFERRED_BUDGET,,3
50000656,BOOTSTRAPPED,2,2026-09-23T20:20:07+08:00,2026-10-03T10:05:20+08:00,REFRESH,2,2
50000666,BOOTSTRAPPED,2,2026-09-26T13:32:05+08:00,2026-10-07T07:49:16+08:00,REFRESH,2,2
50000673,BOOTSTRAPPED,2,2026-09-25T06:31:47+08:00,2026-09-29T15:31:56+08:00,REFRESH,2,1
50000677,PENDING,2,,,DEFERRED_BUDGET,,3
50000686,PENDING,12,,,DEFERRED_BUDGET,,0
50000687,BOOTSTRAPPED,2,2026-09-27T16:20:28+08:00,2026-10-05T01:40:52+08:00,REFRESH,2,6
50000692,BOOTSTRAPPED,2,2026-09-26T09:40:20+08:00,2026-10-03T02:31:24+08:00,REFRESH,2,14
50000694,PENDING,2,,,DEFERRED_BUDGET,,3
50000695,PENDING,12,,,DEFERRED_BUDGET,,3
50000696,BOOTSTRAPPED,2,2026-09-23T19:49:44+08:00,2026-09-28T08:55:49+08:00,REFRESH,2,1
50000700,PENDING,2,,,DEFERRED_BUDGET,,3
50000701,BOOTSTRAPPED,2,2026-09-28T23:37:23+08:00,2026-10-09T03:28:08+08:00,REFRESH,2,13
50000702,PENDING,2,,,DEFERRED_BUDGET,,10
50000705,BOOTSTRAPPED,2,2026-09-25T15:49:34+08:00,2026-10-05T01:35:18+08:00,REFRESH,2,7
50000710,BOOTSTRAPPED,2,2026-10-06T06:45:02+08:00,2026-10-07T16:50:19+08:00,REFRESH,2,15
50000711,PENDING,2,,,DEFERRED_BUDGET,,2
50000712,PENDING,2,,,DEFERRED_BUDGET,,8
50000714,BOOTSTRAPPED,2,2026-09-26T15:50:52+08:00,2026-10-10T00:20:09+08:00,REFRESH,2,14
50000716,BOOTSTRAPPED,2,2026-10-09T21:20:53+08:00,2026-10-09T21:20:53+08:00,BOOTSTRAP,2,7
50000724,BOOTSTRAPPED,2,2026-10-05T15:11:15+08:00,2026-10-09T07:58:30+08:00,REFRESH,2,7
50000732,BOOTSTRAPPED,2,2026-09-22T00:32:02+08:00,2026-10-02T07:26:24+08:00,REFRESH,2,5
50000738,BOOTSTRAPPED,2,2026-09-22T00:32:02+08:00,2026-10-02T07:26:24+08:00,REFRESH,2,4
50000739,PENDING,12,,,DEFERRED_BUDGET,,2
50000741,BOOTSTRAPPED,2,2026-09-26T15:50:52+08:00,2026-10-07T01:16:48+08:00,REFRESH,2,16
50000743,BOOTSTRAPPED,2,2026-09-26T13:32:05+08:00,2026-10-07T05:43:55+08:00,REFRESH,2,2
50000760,BOOTSTRAPPED,2,2026-09-23T02:59:32+08:00,2026-10-06T15:35:16+08:00,REFRESH,2,3
50000761,BOOTSTRAPPED,2,2026-09-21T17:26:28+08:00,2026-10-03T07:03:25+08:00,REFRESH,2,5
50000765,BOOTSTRAPPED,12,2026-09-21T10:27:49+08:00,2026-09-30T21:53:21+08:00,REFRESH,2,12
50000768,BOOTSTRAPPED,12,2026-09-21T11:28:58+08:00,2026-09-25T03:17:18+08:00,REFRESH,2,8
50000770,PENDING,12,,,DEFERRED_BUDGET,,4
50000778,BOOTSTRAPPED,2,2026-10-10T00:20:09+08:00,2026-10-10T00:20:09+08:00,BOOTSTRAP,2,5
50000783,BOOTSTRAPPED,12,2026-09-21T10:20:29+08:00,2026-10-09T10:16:46+08:00,REFRESH,2,39
50000787,BOOTSTRAPPED,2,2026-10-06T00:10:03+08:00,2026-10-07T16:50:19+08:00,REFRESH,2,15
50000790,BOOTSTRAPPED,2,2026-09-22T00:50:55+08:00,2026-10-07T09:38:47+08:00,REFRESH,2,1
50000791,PENDING,2,,,DEFERRED_BUDGET,,4
50000793,BOOTSTRAPPED,2,2026-09-22T00:20:31+08:00,2026-10-02T20:49:30+08:00,REFRESH,2,3
50000796,BOOTSTRAPPED,2,2026-09-22T00:50:55+08:00,2026-10-09T03:28:08+08:00,REFRESH,2,11
50000797,PENDING,2,,,DEFERRED_BUDGET,,6
50000798,BOOTSTRAPPED,2,2026-09-26T21:12:50+08:00,2026-10-07T05:43:55+08:00,REFRESH,2,2
50000818,BOOTSTRAPPED,2,2026-09-27T01:16:34+08:00,2026-10-10T00:20:09+08:00,REFRESH,2,13
50000819,BOOTSTRAPPED,2,2026-10-03T02:31:24+08:00,2026-10-04T08:38:34+08:00,REFRESH,2,7
50000820,BOOTSTRAPPED,2,2026-09-27T16:20:28+08:00,2026-10-10T00:20:09+08:00,REFRESH,2,15
50000823,BOOTSTRAPPED,2,2026-09-23T20:20:07+08:00,2026-09-29T09:17:42+08:00,REFRESH,2,1
50000828,BOOTSTRAPPED,2,2026-09-23T19:49:44+08:00,2026-09-30T03:40:16+08:00,REFRESH,2,1
50000833,BOOTSTRAPPED,2,2026-10-04T20:52:34+08:00,2026-10-09T00:37:18+08:00,REFRESH,2,6
50000835,BOOTSTRAPPED,2,2026-09-22T00:50:55+08:00,2026-10-09T03:28:08+08:00,REFRESH,2,12
50000837,BOOTSTRAPPED,2,2026-09-27T03:56:49+08:00,2026-10-05T01:40:52+08:00,REFRESH,2,6
50000838,BOOTSTRAPPED,12,2026-09-16T07:05:00+08:00,2026-10-07T16:50:19+08:00,REFRESH,2,70
50000841,BOOTSTRAPPED,2,2026-10-06T06:45:02+08:00,2026-10-09T06:11:28+08:00,REFRESH,2,15
50000847,BOOTSTRAPPED,2,2026-09-24T01:13:02+08:00,2026-10-05T05:37:26+08:00,REFRESH,2,3
50000857,BOOTSTRAPPED,2,2026-09-23T20:20:07+08:00,2026-10-04T02:01:16+08:00,REFRESH,2,1
50000883,BOOTSTRAPPED,2,2026-10-09T07:58:30+08:00,2026-10-09T07:58:30+08:00,BOOTSTRAP,2,3
50000887,BOOTSTRAPPED,2,2026-10-06T08:50:05+08:00,2026-10-09T06:11:28+08:00,REFRESH,2,7
50000890,BOOTSTRAPPED,2,2026-09-21T17:26:28+08:00,2026-09-22T23:01:54+08:00,REFRESH,2,2
50000893,BOOTSTRAPPED,2,2026-09-25T15:57:57+08:00,2026-10-02T07:26:24+08:00,REFRESH,2,3
50000894,BOOTSTRAPPED,2,2026-09-21T11:40:16+08:00,2026-10-02T07:26:24+08:00,REFRESH,2,9
50000895,BOOTSTRAPPED,2,2026-09-26T06:29:24+08:00,2026-10-06T11:06:42+08:00,REFRESH,2,3
50000897,BOOTSTRAPPED,2,2026-09-26T02:43:38+08:00,2026-10-06T08:50:05+08:00,REFRESH,2,2
50000902,BOOTSTRAPPED,2,2026-09-26T13:32:05+08:00,2026-10-09T21:20:53+08:00,REFRESH,2,25
50000903,BOOTSTRAPPED,2,2026-10-06T06:45:02+08:00,2026-10-07T16:50:19+08:00,REFRESH,2,21
50000905,BOOTSTRAPPED,2,2026-10-05T15:11:15+08:00,2026-10-09T03:28:08+08:00,REFRESH,2,8
50000909,BOOTSTRAPPED,2,2026-09-21T11:40:16+08:00,2026-10-07T16:50:19+08:00,REFRESH,2,7
50000912,BOOTSTRAPPED,2,2026-09-24T01:13:02+08:00,2026-10-05T05:37:26+08:00,REFRESH,2,3
50000913,BOOTSTRAPPED,2,2026-09-22T01:03:48+08:00,2026-09-27T16:20:28+08:00,REFRESH,2,2
50000915,BOOTSTRAPPED,2,2026-09-24T13:02:21+08:00,2026-10-05T05:37:26+08:00,REFRESH,2,3
50000917,BOOTSTRAPPED,2,2026-09-26T06:29:24+08:00,2026-10-06T22:29:17+08:00,REFRESH,2,3
50000919,BOOTSTRAPPED,2,2026-09-24T20:44:27+08:00,2026-10-06T06:45:02+08:00,REFRESH,2,2
50000923,BOOTSTRAPPED,2,2026-09-23T20:20:07+08:00,2026-10-05T09:02:59+08:00,REFRESH,2,2
50000925,BOOTSTRAPPED,2,2026-09-27T01:16:34+08:00,2026-10-10T00:20:09+08:00,REFRESH,2,10
50000927,PENDING,12,,,DEFERRED_BUDGET,,0
50000928,BOOTSTRAPPED,2,2026-10-07T21:24:00+08:00,2026-10-09T06:11:28+08:00,REFRESH,2,16
50000932,BOOTSTRAPPED,2,2026-09-27T16:20:28+08:00,2026-10-09T10:16:46+08:00,REFRESH,2,8
50000934,BOOTSTRAPPED,2,2026-10-09T07:58:30+08:00,2026-10-09T07:58:30+08:00,BOOTSTRAP,2,4
50000940,BOOTSTRAPPED,2,2026-09-27T03:56:49+08:00,2026-10-09T14:09:14+08:00,REFRESH,2,12
50000943,BOOTSTRAPPED,2,2026-10-02T20:49:30+08:00,2026-10-09T14:09:14+08:00,REFRESH,2,12
50000944,BOOTSTRAPPED,2,2026-09-27T16:20:28+08:00,2026-09-30T03:40:16+08:00,REFRESH,2,11
50000945,PENDING,12,,,DEFERRED_BUDGET,,0
50000947,BOOTSTRAPPED,2,2026-09-27T03:56:49+08:00,2026-10-02T07:57:29+08:00,REFRESH,2,13
50000948,PENDING,2,,,DEFERRED_BUDGET,,2
50000950,BOOTSTRAPPED,2,2026-09-21T17:36:36+08:00,2026-10-04T20:52:34+08:00,REFRESH,2,3
50000952,BOOTSTRAPPED,2,2026-09-27T16:20:28+08:00,2026-10-06T08:50:05+08:00,REFRESH,2,2
50000964,PENDING,12,,,DEFERRED_BUDGET,,2
50000974,BOOTSTRAPPED,2,2026-09-22T00:32:02+08:00,2026-10-08T21:30:19+08:00,REFRESH,2,10
50000982,PENDING,2,,,DEFERRED_BUDGET,,4
50000988,PENDING,12,,,DEFERRED_BUDGET,,2
50000994,PENDING,2,,,DEFERRED_BUDGET,,2
50000998,PENDING,12,,,DEFERRED_BUDGET,,0
50001003,BOOTSTRAPPED,12,2026-09-16T06:55:00+08:00,2026-10-05T01:40:52+08:00,REFRESH,2,26
50001004,BOOTSTRAPPED,2,2026-09-24T18:10:23+08:00,2026-10-09T14:09:14+08:00,REFRESH,2,10
50001005,BOOTSTRAPPED,2,2026-10-09T03:28:08+08:00,2026-10-09T03:28:08+08:00,BOOTSTRAP,2,8
50001014,BOOTSTRAPPED,2,2026-10-09T07:58:30+08:00,2026-10-09T07:58:30+08:00,BOOTSTRAP,2,5
50001023,BOOTSTRAPPED,2,2026-10-09T17:16:09+08:00,2026-10-09T17:16:09+08:00,BOOTSTRAP,2,3
50001024,BOOTSTRAPPED,2,2026-10-09T17:16:09+08:00,2026-10-09T17:16:09+08:00,BOOTSTRAP,2,3
50001026,BOOTSTRAPPED,2,2026-10-09T00:37:18+08:00,2026-10-09T00:37:18+08:00,BOOTSTRAP,2,3
50001042,BOOTSTRAPPED,2,2026-09-23T02:59:32+08:00,2026-10-05T09:02:59+08:00,REFRESH,2,2
50001051,BOOTSTRAPPED,2,2026-09-25T03:17:18+08:00,2026-10-05T01:35:18+08:00,REFRESH,2,2
50001053,BOOTSTRAPPED,2,2026-10-06T08:50:05+08:00,2026-10-06T08:50:05+08:00,BOOTSTRAP,2,0
50001060,BOOTSTRAPPED,2,2026-09-27T09:33:58+08:00,2026-10-02T07:57:29+08:00,REFRESH,2,7
50001066,BOOTSTRAPPED,2,2026-09-25T09:37:20+08:00,2026-10-05T15:11:15+08:00,REFRESH,2,3
50001069,PENDING,12,,,DEFERRED_BUDGET,,0
50001071,BOOTSTRAPPED,2,2026-10-09T14:09:14+08:00,2026-10-09T14:09:14+08:00,BOOTSTRAP,2,4
50001074,BOOTSTRAPPED,2,2026-09-26T05:51:14+08:00,2026-10-09T14:09:14+08:00,REFRESH,2,9
50001076,BOOTSTRAPPED,2,2026-09-26T06:29:24+08:00,2026-10-06T15:35:16+08:00,REFRESH,2,3
50001078,BOOTSTRAPPED,2,2026-09-25T15:49:34+08:00,2026-10-03T07:03:25+08:00,REFRESH,2,2
50001079,BOOTSTRAPPED,2,2026-10-01T21:30:47+08:00,2026-10-06T08:50:05+08:00,REFRESH,2,1
50001110,BOOTSTRAPPED,2,2026-09-23T20:20:07+08:00,2026-09-24T18:10:23+08:00,REFRESH,2,0
50001118,BOOTSTRAPPED,2,2026-10-09T03:28:08+08:00,2026-10-09T03:28:08+08:00,BOOTSTRAP,2,6
50001123,BOOTSTRAPPED,2,2026-09-26T02:43:38+08:00,2026-10-06T15:35:16+08:00,REFRESH,2,3
50001125,PENDING,12,,,DEFERRED_BUDGET,,1
50001126,BOOTSTRAPPED,12,2026-09-16T07:05:00+08:00,2026-10-05T09:02:59+08:00,REFRESH,2,53
50001129,BOOTSTRAPPED,2,2026-10-03T02:31:24+08:00,2026-10-05T01:40:52+08:00,REFRESH,2,9
50001133,BOOTSTRAPPED,2,2026-09-24T20:44:27+08:00,2026-09-29T09:17:42+08:00,REFRESH,2,1
50001138,BOOTSTRAPPED,2,2026-10-06T06:45:02+08:00,2026-10-09T06:11:28+08:00,REFRESH,2,7
50001139,BOOTSTRAPPED,2,2026-09-22T04:28:18+08:00,2026-10-08T21:30:19+08:00,REFRESH,2,7
50001141,PENDING,2,,,DEFERRED_BUDGET,,3
50001142,BOOTSTRAPPED,2,2026-09-22T00:32:02+08:00,2026-10-02T07:26:24+08:00,REFRESH,2,3
50001144,BOOTSTRAPPED,2,2026-09-26T02:37:39+08:00,2026-10-03T16:16:26+08:00,REFRESH,2,7
50001145,BOOTSTRAPPED,2,2026-10-09T06:11:28+08:00,2026-10-09T06:11:28+08:00,BOOTSTRAP,2,13
50001152,BOOTSTRAPPED,2,2026-09-26T15:50:52+08:00,2026-10-09T21:20:53+08:00,REFRESH,2,15
50001153,BOOTSTRAPPED,2,2026-09-26T15:50:52+08:00,2026-10-10T00:20:09+08:00,REFRESH,2,15
50001156,BOOTSTRAPPED,2,2026-09-28T23:37:23+08:00,2026-09-29T10:04:04+08:00,REFRESH,2,2
50001157,BOOTSTRAPPED,2,2026-09-26T06:29:24+08:00,2026-10-09T00:37:18+08:00,REFRESH,2,8
50001167,BOOTSTRAPPED,2,2026-09-22T00:50:55+08:00,2026-10-09T00:37:18+08:00,REFRESH,2,13
50001177,BOOTSTRAPPED,2,2026-10-09T21:20:53+08:00,2026-10-09T21:20:53+08:00,BOOTSTRAP,2,4
50001183,BOOTSTRAPPED,12,2026-09-16T06:55:00+08:00,2026-10-09T17:16:09+08:00,REFRESH,2,47
50001191,BOOTSTRAPPED,2,2026-09-28T23:37:23+08:00,2026-10-09T06:11:28+08:00,REFRESH,2,15
50001193,BOOTSTRAPPED,2,2026-09-25T09:37:20+08:00,2026-10-09T00:37:18+08:00,REFRESH,2,10
50001196,BOOTSTRAPPED,2,2026-09-25T09:37:20+08:00,2026-10-09T03:28:08+08:00,REFRESH,2,13
50001203,PENDING,2,,,DEFERRED_BUDGET,,2
50001217,BOOTSTRAPPED,2,2026-09-28T23:29:01+08:00,2026-10-09T03:28:08+08:00,REFRESH,2,13
50001219,BOOTSTRAPPED,2,2026-10-10T00:20:09+08:00,2026-10-10T00:20:09+08:00,BOOTSTRAP,2,4
50001221,BOOTSTRAPPED,2,2026-10-09T17:16:09+08:00,2026-10-09T17:16:09+08:00,BOOTSTRAP,2,4
50001222,PENDING,2,,,DEFERRED_BUDGET,,1
50001224,BOOTSTRAPPED,2,2026-09-26T02:43:38+08:00,2026-10-06T15:35:16+08:00,REFRESH,2,3
50001232,BOOTSTRAPPED,2,2026-09-23T02:10:19+08:00,2026-09-23T19:49:44+08:00,REFRESH,2,0
50001238,PENDING,12,,,DEFERRED_BUDGET,,5
50001242,BOOTSTRAPPED,2,2026-09-26T02:43:38+08:00,2026-10-06T22:29:17+08:00,REFRESH,2,3
50001243,BOOTSTRAPPED,2,2026-09-25T00:19:49+08:00,2026-09-30T04:53:50+08:00,REFRESH,2,1
50001244,BOOTSTRAPPED,2,2026-10-09T10:16:46+08:00,2026-10-09T10:16:46+08:00,BOOTSTRAP,2,0
50001245,BOOTSTRAPPED,2,2026-10-09T07:58:30+08:00,2026-10-09T07:58:30+08:00,BOOTSTRAP,2,7
50001246,BOOTSTRAPPED,2,2026-10-06T06:45:02+08:00,2026-10-09T03:28:08+08:00,REFRESH,2,23
50001248,BOOTSTRAPPED,2,2026-09-22T00:20:31+08:00,2026-10-03T16:16:26+08:00,REFRESH,2,5
50001254,BOOTSTRAPPED,2,2026-10-06T06:45:02+08:00,2026-10-09T06:11:28+08:00,REFRESH,2,22
50001265,BOOTSTRAPPED,2,2026-09-27T16:20:28+08:00,2026-10-07T21:24:00+08:00,REFRESH,2,17
50001267,PENDING,2,,,DEFERRED_BUDGET,,5
50001268,BOOTSTRAPPED,2,2026-09-24T18:10:23+08:00,2026-10-05T05:37:26+08:00,REFRESH,2,3
50001271,BOOTSTRAPPED,2,2026-09-25T15:49:34+08:00,2026-10-03T07:03:25+08:00,REFRESH,2,2
50001272,BOOTSTRAPPED,2,2026-09-25T00:19:49+08:00,2026-10-06T11:06:42+08:00,REFRESH,2,2
50001306,PENDING,2,,,DEFERRED_BUDGET,,5
50001307,BOOTSTRAPPED,2,2026-10-02T17:02:09+08:00,2026-10-02T17:02:09+08:00,BOOTSTRAP,2,4
50001310,PENDING,12,,,DEFERRED_BUDGET,,1
50001311,PENDING,2,,,DEFERRED_BUDGET,,4
50001313,BOOTSTRAPPED,2,2026-09-29T15:31:56+08:00,2026-10-07T05:43:55+08:00,REFRESH,2,1
50001314,BOOTSTRAPPED,12,2026-09-21T07:08:31+08:00,2026-10-09T17:16:09+08:00,REFRESH,2,7
50001318,BOOTSTRAPPED,2,2026-09-22T00:50:55+08:00,2026-10-09T17:16:09+08:00,REFRESH,2,12
50001320,BOOTSTRAPPED,2,2026-10-05T15:11:15+08:00,2026-10-09T07:58:30+08:00,REFRESH,2,7
50001322,BOOTSTRAPPED,2,2026-10-10T00:20:09+08:00,2026-10-10T00:20:09+08:00,BOOTSTRAP,2,4
50001326,BOOTSTRAPPED,2,2026-09-25T06:31:47+08:00,2026-09-29T16:41:15+08:00,REFRESH,2,1
50001334,BOOTSTRAPPED,2,2026-10-06T00:10:03+08:00,2026-10-07T16:50:19+08:00,REFRESH,2,2
50001338,BOOTSTRAPPED,2,2026-09-22T00:50:55+08:00,2026-10-09T10:16:46+08:00,REFRESH,2,16
50001339,BOOTSTRAPPED,2,2026-09-28T23:37:23+08:00,2026-09-29T15:31:56+08:00,REFRESH,2,0
50001343,BOOTSTRAPPED,2,2026-09-24T01:13:02+08:00,2026-10-09T07:58:30+08:00,REFRESH,2,21
50001352,PENDING,12,,,DEFERRED_BUDGET,,5
50001353,BOOTSTRAPPED,2,2026-10-09T07:58:30+08:00,2026-10-09T07:58:30+08:00,BOOTSTRAP,2,5
50001354,BOOTSTRAPPED,2,2026-09-24T13:02:21+08:00,2026-10-05T05:37:26+08:00,REFRESH,2,3
50001355,BOOTSTRAPPED,2,2026-09-26T02:37:39+08:00,2026-10-06T00:10:03+08:00,REFRESH,2,1
50001357,BOOTSTRAPPED,2,2026-09-21T17:36:36+08:00,2026-10-04T15:01:30+08:00,REFRESH,2,3
50001359,BOOTSTRAPPED,2,2026-09-25T15:49:34+08:00,2026-10-03T07:03:25+08:00,REFRESH,2,2
50001360,BOOTSTRAPPED,2,2026-10-06T00:10:03+08:00,2026-10-06T00:10:03+08:00,BOOTSTRAP,2,0
50001393,PENDING,12,,,DEFERRED_BUDGET,,3
50001394,BOOTSTRAPPED,2,2026-09-23T20:20:07+08:00,2026-09-29T09:17:42+08:00,REFRESH,2,1
50001415,BOOTSTRAPPED,2,2026-09-27T09:33:58+08:00,2026-09-27T09:33:58+08:00,BOOTSTRAP,2,0
50001416,BOOTSTRAPPED,2,2026-10-06T00:10:03+08:00,2026-10-06T00:10:03+08:00,BOOTSTRAP,2,0
50001417,BOOTSTRAPPED,2,2026-09-27T13:20:06+08:00,2026-10-04T02:01:16+08:00,REFRESH,2,7
50001418,BOOTSTRAPPED,2,2026-10-09T00:37:18+08:00,2026-10-09T00:37:18+08:00,BOOTSTRAP,2,3
50001419,BOOTSTRAPPED,2,2026-09-22T00:20:31+08:00,2026-10-02T07:26:24+08:00,REFRESH,2,2
50001420,BOOTSTRAPPED,2,2026-10-09T06:11:28+08:00,2026-10-09T06:11:28+08:00,BOOTSTRAP,2,14
50001421,BOOTSTRAPPED,2,2026-10-02T03:32:50+08:00,2026-10-09T14:09:14+08:00,REFRESH,2,16
50001423,BOOTSTRAPPED,2,2026-09-28T23:37:23+08:00,2026-09-29T10:04:04+08:00,REFRESH,2,0
50001424,BOOTSTRAPPED,2,2026-09-24T13:02:21+08:00,2026-10-04T21:17:40+08:00,REFRESH,2,7
50001431,PENDING,12,,,DEFERRED_BUDGET,,5
50001433,BOOTSTRAPPED,2,2026-09-26T09:40:20+08:00,2026-10-07T03:51:21+08:00,REFRESH,2,9
50001438,BOOTSTRAPPED,2,2026-10-08T21:30:19+08:00,2026-10-09T17:16:09+08:00,REFRESH,2,5
50001441,PENDING,2,,,DEFERRED_BUDGET,,0
50001451,BOOTSTRAPPED,2,2026-09-21T17:36:36+08:00,2026-10-04T15:01:30+08:00,REFRESH,2,3
50001453,BOOTSTRAPPED,2,2026-09-26T02:37:39+08:00,2026-10-06T08:50:05+08:00,REFRESH,2,2
50001456,BOOTSTRAPPED,12,2026-09-16T07:05:00+08:00,2026-10-07T16:50:19+08:00,REFRESH,2,55
50001459,BOOTSTRAPPED,2,2026-10-09T00:37:18+08:00,2026-10-09T00:37:18+08:00,BOOTSTRAP,2,5
50001461,PENDING,12,,,DEFERRED_BUDGET,,3
50001462,BOOTSTRAPPED,2,2026-09-21T17:26:28+08:00,2026-10-06T11:06:42+08:00,REFRESH,2,6
50001464,PENDING,12,,,DEFERRED_BUDGET,,5
50001468,BOOTSTRAPPED,2,2026-09-26T13:32:05+08:00,2026-10-05T01:35:18+08:00,REFRESH,2,22
50001476,BOOTSTRAPPED,2,2026-09-25T06:31:47+08:00,2026-10-05T15:11:15+08:00,REFRESH,2,3
50001482,PENDING,12,,,DEFERRED_BUDGET,,2
50001483,BOOTSTRAPPED,2,2026-09-26T02:37:39+08:00,2026-09-30T21:53:21+08:00,REFRESH,2,1
50001484,BOOTSTRAPPED,2,2026-09-24T20:44:27+08:00,2026-09-29T09:17:42+08:00,REFRESH,2,1
50001491,BOOTSTRAPPED,12,2026-09-20T15:09:55+08:00,2026-10-09T17:16:09+08:00,REFRESH,2,39
50001493,BOOTSTRAPPED,2,2026-10-09T06:11:28+08:00,2026-10-09T06:11:28+08:00,BOOTSTRAP,2,5
50001498,BOOTSTRAPPED,2,2026-10-06T22:29:17+08:00,2026-10-08T07:50:46+08:00,REFRESH,2,5
50001499,PENDING,12,,,DEFERRED_BUDGET,,0
50001501,BOOTSTRAPPED,2,2026-09-23T20:20:07+08:00,2026-10-05T05:37:26+08:00,REFRESH,2,3
50001509,PENDING,12,,,DEFERRED_BUDGET,,1
50001510,PENDING,12,,,DEFERRED_BUDGET,,0
50001511,BOOTSTRAPPED,2,2026-10-04T20:52:34+08:00,2026-10-09T00:37:18+08:00,REFRESH,2,5
50001513,PENDING,12,,,DEFERRED_BUDGET,,0
50001515,BOOTSTRAPPED,2,2026-10-09T07:58:30+08:00,2026-10-09T07:58:30+08:00,BOOTSTRAP,2,5
50001529,BOOTSTRAPPED,2,2026-10-09T17:16:09+08:00,2026-10-09T17:16:09+08:00,BOOTSTRAP,2,5
50001530,BOOTSTRAPPED,2,2026-10-09T00:37:18+08:00,2026-10-09T00:37:18+08:00,BOOTSTRAP,2,8
50001532,BOOTSTRAPPED,2,2026-10-08T17:08:23+08:00,2026-10-09T10:16:46+08:00,REFRESH,2,5
50001534,BOOTSTRAPPED,2,2026-09-26T05:51:14+08:00,2026-10-09T14:09:14+08:00,REFRESH,2,10
50001536,BOOTSTRAPPED,2,2026-09-26T02:37:39+08:00,2026-10-09T14:09:14+08:00,REFRESH,2,13
50001541,PENDING,2,,,DEFERRED_BUDGET,,6
50001543,BOOTSTRAPPED,2,2026-10-09T17:16:09+08:00,2026-10-09T17:16:09+08:00,BOOTSTRAP,2,7
50001549,BOOTSTRAPPED,2,2026-10-09T14:09:14+08:00,2026-10-09T14:09:14+08:00,BOOTSTRAP,2,5
50001550,BOOTSTRAPPED,2,2026-09-25T15:49:34+08:00,2026-10-09T00:37:18+08:00,REFRESH,2,14
50001551,BOOTSTRAPPED,2,2026-10-08T21:30:19+08:00,2026-10-09T14:09:14+08:00,REFRESH,2,5
50001554,BOOTSTRAPPED,2,2026-09-25T09:37:20+08:00,2026-10-05T15:11:15+08:00,REFRESH,2,3
50001564,PENDING,12,,,DEFERRED_BUDGET,,1
50001566,BOOTSTRAPPED,2,2026-09-26T15:50:52+08:00,2026-10-10T00:20:09+08:00,REFRESH,2,13
50001567,BOOTSTRAPPED,2,2026-10-01T21:30:47+08:00,2026-10-09T17:16:09+08:00,REFRESH,2,4
50001569,BOOTSTRAPPED,2,2026-10-02T03:32:50+08:00,2026-10-06T11:06:42+08:00,REFRESH,2,6
50001571,BOOTSTRAPPED,2,2026-10-06T06:45:02+08:00,2026-10-09T06:11:28+08:00,REFRESH,2,5
50001573,BOOTSTRAPPED,2,2026-09-24T18:10:23+08:00,2026-10-05T05:37:26+08:00,REFRESH,2,3
50001575,BOOTSTRAPPED,2,2026-09-26T02:43:38+08:00,2026-10-06T08:50:05+08:00,REFRESH,2,2
50001576,BOOTSTRAPPED,2,2026-10-03T02:31:24+08:00,2026-10-05T01:40:52+08:00,REFRESH,2,9
50001577,BOOTSTRAPPED,2,2026-10-08T14:04:45+08:00,2026-10-09T07:58:30+08:00,REFRESH,2,5
50001578,PENDING,12,,,DEFERRED_BUDGET,,2
50001583,BOOTSTRAPPED,2,2026-09-26T02:43:38+08:00,2026-10-06T15:35:16+08:00,REFRESH,2,3
50001584,BOOTSTRAPPED,2,2026-09-25T00:19:49+08:00,2026-09-29T09:17:42+08:00,REFRESH,2,1
50001585,BOOTSTRAPPED,2,2026-10-09T10:16:46+08:00,2026-10-09T10:16:46+08:00,BOOTSTRAP,2,0
50001589,BOOTSTRAPPED,2,2026-09-24T01:13:02+08:00,2026-10-09T07:58:30+08:00,REFRESH,2,16
50001590,BOOTSTRAPPED,2,2026-10-01T21:30:47+08:00,2026-10-01T21:30:47+08:00,BOOTSTRAP,2,14
50001595,BOOTSTRAPPED,12,2026-09-16T07:05:00+08:00,2026-10-01T14:07:59+08:00,REFRESH,2,47
50001598,BOOTSTRAPPED,2,2026-09-25T00:19:49+08:00,2026-10-06T11:06:42+08:00,REFRESH,2,2
50001600,BOOTSTRAPPED,2,2026-10-07T21:24:00+08:00,2026-10-07T21:24:00+08:00,BOOTSTRAP,2,3
50001601,BOOTSTRAPPED,2,2026-09-24T20:44:27+08:00,2026-10-05T01:35:18+08:00,REFRESH,2,5
50001605,BOOTSTRAPPED,2,2026-09-29T22:22:36+08:00,2026-10-03T10:05:20+08:00,REFRESH,2,9
50001607,BOOTSTRAPPED,2,2026-10-01T21:30:47+08:00,2026-10-09T14:09:14+08:00,REFRESH,2,15
50001609,BOOTSTRAPPED,12,2026-09-21T09:00:48+08:00,2026-10-10T00:20:09+08:00,REFRESH,2,45
50001610,PENDING,2,,,DEFERRED_BUDGET,,4
50001613,BOOTSTRAPPED,2,2026-10-06T22:29:17+08:00,2026-10-07T21:24:00+08:00,REFRESH,2,5
50001617,BOOTSTRAPPED,12,2026-09-20T13:35:55+08:00,2026-10-07T16:50:19+08:00,REFRESH,2,48
50001620,BOOTSTRAPPED,2,2026-10-05T15:11:15+08:00,2026-10-09T06:11:28+08:00,REFRESH,2,6
50001621,BOOTSTRAPPED,2,2026-09-22T01:03:48+08:00,2026-09-27T16:20:28+08:00,REFRESH,2,2
50001623,BOOTSTRAPPED,2,2026-09-23T19:49:44+08:00,2026-09-29T10:04:04+08:00,REFRESH,2,1
50001624,BOOTSTRAPPED,2,2026-09-21T17:26:28+08:00,2026-09-23T08:43:11+08:00,REFRESH,2,2
50001639,BOOTSTRAPPED,2,2026-09-22T22:14:11+08:00,2026-09-29T16:41:15+08:00,REFRESH,2,2
50001650,BOOTSTRAPPED,2,2026-09-22T04:28:18+08:00,2026-10-04T21:17:40+08:00,REFRESH,2,3
50001651,BOOTSTRAPPED,2,2026-09-28T23:37:23+08:00,2026-10-06T06:45:02+08:00,REFRESH,2,1
50001655,BOOTSTRAPPED,2,2026-09-24T13:02:21+08:00,2026-10-05T05:37:26+08:00,REFRESH,2,3
50001656,BOOTSTRAPPED,2,2026-09-25T15:49:34+08:00,2026-10-03T07:03:25+08:00,REFRESH,2,2
50001657,BOOTSTRAPPED,2,2026-09-29T23:59:22+08:00,2026-10-05T09:02:59+08:00,REFRESH,2,1
50001658,BOOTSTRAPPED,2,2026-10-09T10:16:46+08:00,2026-10-09T10:16:46+08:00,BOOTSTRAP,2,1
50001674,BOOTSTRAPPED,2,2026-09-28T23:29:01+08:00,2026-10-09T03:28:08+08:00,REFRESH,2,15
50001681,BOOTSTRAPPED,2,2026-09-25T06:31:47+08:00,2026-10-05T15:11:15+08:00,REFRESH,2,3
50001682,BOOTSTRAPPED,2,2026-10-09T17:16:09+08:00,2026-10-09T17:16:09+08:00,BOOTSTRAP,2,0
50001684,BOOTSTRAPPED,2,2026-09-23T02:10:19+08:00,2026-10-05T01:35:18+08:00,REFRESH,2,3
50001685,BOOTSTRAPPED,2,2026-09-21T17:36:36+08:00,2026-10-03T07:03:25+08:00,REFRESH,2,4
50001689,BOOTSTRAPPED,12,2026-09-21T11:28:58+08:00,2026-09-30T21:53:21+08:00,REFRESH,2,20
50001708,PENDING,12,,,DEFERRED_BUDGET,,2
50001710,BOOTSTRAPPED,2,2026-10-09T06:11:28+08:00,2026-10-09T06:11:28+08:00,BOOTSTRAP,2,14
50001712,BOOTSTRAPPED,12,2026-09-16T06:55:00+08:00,2026-10-09T06:11:28+08:00,REFRESH,2,40
50001713,BOOTSTRAPPED,2,2026-10-09T06:11:28+08:00,2026-10-09T06:11:28+08:00,BOOTSTRAP,2,5
50001719,BOOTSTRAPPED,2,2026-10-09T00:37:18+08:00,2026-10-09T00:37:18+08:00,BOOTSTRAP,2,11
50001722,BOOTSTRAPPED,2,2026-10-09T00:37:18+08:00,2026-10-09T00:37:18+08:00,BOOTSTRAP,2,10
50001724,BOOTSTRAPPED,2,2026-09-27T09:33:58+08:00,2026-10-06T15:35:16+08:00,REFRESH,2,1
50001728,BOOTSTRAPPED,2,2026-10-07T16:50:19+08:00,2026-10-07T16:50:19+08:00,BOOTSTRAP,2,0
50001730,BOOTSTRAPPED,2,2026-09-27T16:20:28+08:00,2026-10-10T00:20:09+08:00,REFRESH,2,28
50001732,BOOTSTRAPPED,2,2026-09-25T15:49:34+08:00,2026-10-09T00:37:18+08:00,REFRESH,2,12
50001737,BOOTSTRAPPED,2,2026-09-27T09:33:58+08:00,2026-10-07T09:38:47+08:00,REFRESH,2,12
50001739,BOOTSTRAPPED,2,2026-09-27T22:08:03+08:00,2026-10-02T13:51:10+08:00,REFRESH,2,17
50001741,PENDING,12,,,DEFERRED_BUDGET,,3
50001758,PENDING,12,,,DEFERRED_BUDGET,,0
50001762,PENDING,12,,,DEFERRED_BUDGET,,1
50001763,PENDING,2,,,DEFERRED_BUDGET,,5
50001764,BOOTSTRAPPED,2,2026-10-06T00:10:03+08:00,2026-10-07T13:59:52+08:00,REFRESH,2,3
50001766,BOOTSTRAPPED,2,2026-10-08T21:30:19+08:00,2026-10-09T14:09:14+08:00,REFRESH,2,5
50001768,PENDING,12,,,DEFERRED_BUDGET,,0
50001772,PENDING,12,,,DEFERRED_BUDGET,,3
50001774,BOOTSTRAPPED,2,2026-09-22T00:50:55+08:00,2026-10-09T07:58:30+08:00,REFRESH,2,15
50001775,BOOTSTRAPPED,12,2026-09-16T06:55:00+08:00,2026-10-09T10:16:46+08:00,REFRESH,2,40
50001776,BOOTSTRAPPED,2,2026-09-25T09:37:20+08:00,2026-10-09T17:16:09+08:00,REFRESH,2,15
50001779,BOOTSTRAPPED,2,2026-09-28T23:29:01+08:00,2026-10-09T06:11:28+08:00,REFRESH,2,15
50001782,BOOTSTRAPPED,2,2026-09-26T02:43:38+08:00,2026-10-06T15:35:16+08:00,REFRESH,2,3
50001783,BOOTSTRAPPED,2,2026-10-06T00:10:03+08:00,2026-10-06T00:10:03+08:00,BOOTSTRAP,2,0
50001787,BOOTSTRAPPED,2,2026-09-30T21:53:21+08:00,2026-09-30T21:53:21+08:00,BOOTSTRAP,2,0
50001793,BOOTSTRAPPED,2,2026-10-09T14:09:14+08:00,2026-10-09T14:09:14+08:00,BOOTSTRAP,2,5
50001803,BOOTSTRAPPED,2,2026-09-21T17:26:28+08:00,2026-09-26T06:29:24+08:00,REFRESH,2,3
50001806,BOOTSTRAPPED,12,2026-09-21T10:27:49+08:00,2026-09-30T21:53:21+08:00,REFRESH,2,9
50001807,BOOTSTRAPPED,2,2026-09-22T08:07:22+08:00,2026-09-27T22:08:03+08:00,REFRESH,2,6
50001808,BOOTSTRAPPED,2,2026-09-23T02:59:32+08:00,2026-10-06T15:35:16+08:00,REFRESH,2,3
50001809,BOOTSTRAPPED,2,2026-09-21T11:46:29+08:00,2026-10-03T07:03:25+08:00,REFRESH,2,4
50001814,BOOTSTRAPPED,12,2026-09-21T10:27:49+08:00,2026-09-30T21:53:21+08:00,REFRESH,2,10
50001834,BOOTSTRAPPED,2,2026-09-22T01:03:48+08:00,2026-10-04T15:01:30+08:00,REFRESH,2,3
50001836,BOOTSTRAPPED,2,2026-10-09T17:16:09+08:00,2026-10-09T17:16:09+08:00,BOOTSTRAP,2,3
50001837,PENDING,2,,,DEFERRED_BUDGET,,0
50001838,BOOTSTRAPPED,2,2026-10-06T22:29:17+08:00,2026-10-08T07:50:46+08:00,REFRESH,2,4
50001841,BOOTSTRAPPED,2,2026-09-22T23:01:54+08:00,2026-09-29T16:41:15+08:00,REFRESH,2,2
50001842,BOOTSTRAPPED,2,2026-09-21T11:46:29+08:00,2026-09-22T04:28:18+08:00,REFRESH,2,2
50001845,BOOTSTRAPPED,2,2026-09-22T00:50:55+08:00,2026-10-09T00:37:18+08:00,REFRESH,2,17
50001846,BOOTSTRAPPED,2,2026-09-28T15:03:27+08:00,2026-10-04T21:17:40+08:00,REFRESH,2,1
50001847,PENDING,12,,,DEFERRED_BUDGET,,0
50001852,BOOTSTRAPPED,2,2026-09-27T01:16:34+08:00,2026-10-10T00:20:09+08:00,REFRESH,2,13
50001853,PENDING,12,,,DEFERRED_BUDGET,,0
50001858,PENDING,2,,,DEFERRED_BUDGET,,2
50001859,PENDING,2,,,DEFERRED_BUDGET,,5
50001862,BOOTSTRAPPED,2,2026-10-08T17:08:23+08:00,2026-10-09T10:16:46+08:00,REFRESH,2,4
50001866,BOOTSTRAPPED,2,2026-09-21T11:40:16+08:00,2026-10-04T05:26:30+08:00,REFRESH,2,15
50001872,BOOTSTRAPPED,2,2026-09-27T09:33:58+08:00,2026-10-05T01:35:18+08:00,REFRESH,2,9
50001873,BOOTSTRAPPED,2,2026-09-24T13:02:21+08:00,2026-10-05T05:37:26+08:00,REFRESH,2,3
50001874,BOOTSTRAPPED,2,2026-09-29T22:22:36+08:00,2026-10-01T07:57:03+08:00,REFRESH,2,0
50001875,PENDING,12,,,DEFERRED_BUDGET,,0
50001877,PENDING,2,,,DEFERRED_BUDGET,,1
50001878,PENDING,2,,,DEFERRED_BUDGET,,0
50001879,PENDING,2,,,DEFERRED_BUDGET,,3
50001882,BOOTSTRAPPED,2,2026-10-01T21:30:47+08:00,2026-10-04T21:17:40+08:00,REFRESH,2,1
50001884,PENDING,12,,,DEFERRED_BUDGET,,2
50001887,BOOTSTRAPPED,2,2026-10-05T15:11:15+08:00,2026-10-09T06:11:28+08:00,REFRESH,2,9
50001888,BOOTSTRAPPED,2,2026-09-27T16:20:28+08:00,2026-10-04T02:01:16+08:00,REFRESH,2,8
50001890,PENDING,2,,,DEFERRED_BUDGET,,8
50001895,BOOTSTRAPPED,2,2026-10-09T03:28:08+08:00,2026-10-09T03:28:08+08:00,BOOTSTRAP,2,4
50001898,BOOTSTRAPPED,2,2026-09-25T00:19:49+08:00,2026-09-29T09:17:42+08:00,REFRESH,2,1
50001900,PENDING,12,,,DEFERRED_BUDGET,,2
50001901,BOOTSTRAPPED,2,2026-10-09T14:09:14+08:00,2026-10-09T14:09:14+08:00,BOOTSTRAP,2,8
50001903,BOOTSTRAPPED,2,2026-10-02T03:32:50+08:00,2026-10-03T16:16:26+08:00,REFRESH,2,6
50001904,BOOTSTRAPPED,2,2026-09-29T05:24:40+08:00,2026-09-29T23:59:22+08:00,REFRESH,2,0
50001907,BOOTSTRAPPED,2,2026-09-23T19:49:44+08:00,2026-09-24T13:02:21+08:00,REFRESH,2,0
50001909,BOOTSTRAPPED,2,2026-09-21T17:36:36+08:00,2026-10-01T07:57:03+08:00,REFRESH,2,1
50001912,PENDING,12,,,DEFERRED_BUDGET,,2
50001914,PENDING,12,,,DEFERRED_BUDGET,,2
50001919,PENDING,2,,,DEFERRED_BUDGET,,4
50001922,BOOTSTRAPPED,2,2026-10-07T21:24:00+08:00,2026-10-07T21:24:00+08:00,BOOTSTRAP,2,2
50001926,BOOTSTRAPPED,2,2026-09-21T17:36:36+08:00,2026-10-04T15:01:30+08:00,REFRESH,2,3
50001927,BOOTSTRAPPED,2,2026-09-29T23:59:22+08:00,2026-10-06T06:45:02+08:00,REFRESH,2,1
50001928,BOOTSTRAPPED,2,2026-10-06T06:45:02+08:00,2026-10-09T06:11:28+08:00,REFRESH,2,11
50001950,BOOTSTRAPPED,2,2026-10-10T00:20:09+08:00,2026-10-10T00:20:09+08:00,BOOTSTRAP,2,4
50001954,BOOTSTRAPPED,2,2026-10-09T03:28:08+08:00,2026-10-09T03:28:08+08:00,BOOTSTRAP,2,3
50001955,BOOTSTRAPPED,2,2026-09-24T07:06:34+08:00,2026-10-01T21:30:47+08:00,REFRESH,2,8
50001957,PENDING,2,,,DEFERRED_BUDGET,,1
50001958,BOOTSTRAPPED,2,2026-09-26T15:50:52+08:00,2026-10-10T00:20:09+08:00,REFRESH,2,17
50001959,BOOTSTRAPPED,2,2026-09-25T06:31:47+08:00,2026-10-09T21:20:53+08:00,REFRESH,2,8
50001965,PENDING,12,,,DEFERRED_BUDGET,,0
50001970,BOOTSTRAPPED,2,2026-10-02T20:49:30+08:00,2026-10-02T20:49:30+08:00,BOOTSTRAP,2,6
50001972,BOOTSTRAPPED,2,2026-09-26T02:43:38+08:00,2026-10-06T22:29:17+08:00,REFRESH,2,3
50001973,BOOTSTRAPPED,2,2026-09-25T03:17:18+08:00,2026-10-02T20:49:30+08:00,REFRESH,2,1
50001975,PENDING,2,,,DEFERRED_BUDGET,,0
50001977,PENDING,12,,,DEFERRED_BUDGET,,0
50001978,BOOTSTRAPPED,2,2026-10-09T03:28:08+08:00,2026-10-09T03:28:08+08:00,BOOTSTRAP,2,4
50001984,BOOTSTRAPPED,2,2026-09-26T05:51:14+08:00,2026-10-09T14:09:14+08:00,REFRESH,2,11
50001992,BOOTSTRAPPED,2,2026-09-22T01:03:48+08:00,2026-10-09T00:37:18+08:00,REFRESH,2,14
50001993,BOOTSTRAPPED,2,2026-09-25T03:17:18+08:00,2026-09-25T21:56:26+08:00,REFRESH,2,0
50001995,BOOTSTRAPPED,2,2026-10-09T07:58:30+08:00,2026-10-09T07:58:30+08:00,BOOTSTRAP,2,5
50002000,BOOTSTRAPPED,2,2026-10-09T14:09:14+08:00,2026-10-09T14:09:14+08:00,BOOTSTRAP,2,5
50002002,BOOTSTRAPPED,2,2026-10-09T03:28:08+08:00,2026-10-09T03:28:08+08:00,BOOTSTRAP,2,6
50002004,BOOTSTRAPPED,2,2026-09-25T03:17:18+08:00,2026-10-07T01:16:48+08:00,REFRESH,2,1
50002005,BOOTSTRAPPED,2,2026-09-24T20:44:27+08:00,2026-10-05T01:35:18+08:00,REFRESH,2,7
50002009,BOOTSTRAPPED,2,2026-09-23T02:59:32+08:00,2026-09-28T15:03:27+08:00,REFRESH,2,1
50002012,BOOTSTRAPPED,2,2026-09-25T06:31:47+08:00,2026-10-05T01:35:18+08:00,REFRESH,2,2
50002016,BOOTSTRAPPED,2,2026-09-27T06:58:06+08:00,2026-10-05T01:40:52+08:00,REFRESH,2,7
50002017,PENDING,2,,,DEFERRED_BUDGET,,1
50002023,BOOTSTRAPPED,2,2026-10-06T08:50:05+08:00,2026-10-09T06:11:28+08:00,REFRESH,2,10
50002035,BOOTSTRAPPED,2,2026-10-05T15:11:15+08:00,2026-10-09T07:58:30+08:00,REFRESH,2,8
50002054,PENDING,2,,,DEFERRED_BUDGET,,2
50002057,PENDING,12,,,DEFERRED_BUDGET,,0
50002059,BOOTSTRAPPED,2,2026-09-25T09:37:20+08:00,2026-10-05T15:11:15+08:00,REFRESH,2,3
50002063,BOOTSTRAPPED,2,2026-09-23T19:49:44+08:00,2026-09-29T10:04:04+08:00,REFRESH,2,1
50002069,BOOTSTRAPPED,2,2026-10-08T07:50:46+08:00,2026-10-09T06:11:28+08:00,REFRESH,2,2
50002083,PENDING,2,,,DEFERRED_BUDGET,,1
50002084,BOOTSTRAPPED,2,2026-09-26T21:12:50+08:00,2026-10-07T07:49:16+08:00,REFRESH,2,3
50002086,BOOTSTRAPPED,2,2026-10-04T14:23:12+08:00,2026-10-04T14:23:12+08:00,BOOTSTRAP,2,0
50002087,BOOTSTRAPPED,2,2026-10-09T17:16:09+08:00,2026-10-09T17:16:09+08:00,BOOTSTRAP,2,0
50002113,BOOTSTRAPPED,2,2026-09-29T22:22:36+08:00,2026-10-03T10:05:20+08:00,REFRESH,2,7
50002114,PENDING,2,,,DEFERRED_BUDGET,,6
50002115,PENDING,2,,,DEFERRED_BUDGET,,2
50002118,PENDING,2,,,DEFERRED_BUDGET,,6
50002120,BOOTSTRAPPED,2,2026-09-21T17:26:28+08:00,2026-09-22T22:14:11+08:00,REFRESH,2,6
50002123,BOOTSTRAPPED,2,2026-09-23T02:59:32+08:00,2026-10-04T05:26:30+08:00,REFRESH,2,12
50002125,BOOTSTRAPPED,2,2026-09-26T21:12:50+08:00,2026-10-10T00:20:09+08:00,REFRESH,2,15
50002127,BOOTSTRAPPED,2,2026-10-06T00:10:03+08:00,2026-10-07T16:50:19+08:00,REFRESH,2,20
50002128,PENDING,2,,,DEFERRED_BUDGET,,10
50002129,PENDING,12,,,DEFERRED_BUDGET,,1
50002137,PENDING,2,,,DEFERRED_BUDGET,,0
50002138,BOOTSTRAPPED,2,2026-09-26T09:40:20+08:00,2026-10-06T22:29:17+08:00,REFRESH,2,3
50002139,BOOTSTRAPPED,2,2026-10-01T21:30:47+08:00,2026-10-06T08:50:05+08:00,REFRESH,2,1
50002140,PENDING,12,,,DEFERRED_BUDGET,,1
50002144,PENDING,2,,,DEFERRED_BUDGET,,5
50002148,BOOTSTRAPPED,2,2026-09-25T09:37:20+08:00,2026-10-09T17:16:09+08:00,REFRESH,2,14
50002150,BOOTSTRAPPED,2,2026-09-24T13:02:21+08:00,2026-10-05T05:37:26+08:00,REFRESH,2,3
50002151,BOOTSTRAPPED,2,2026-09-29T23:59:22+08:00,2026-10-05T09:02:59+08:00,REFRESH,2,1
50002152,BOOTSTRAPPED,2,2026-09-24T18:10:23+08:00,2026-10-09T21:20:53+08:00,REFRESH,2,25
50002153,BOOTSTRAPPED,2,2026-09-21T11:40:16+08:00,2026-10-09T03:28:08+08:00,REFRESH,2,17
50002154,BOOTSTRAPPED,2,2026-09-23T02:10:19+08:00,2026-10-09T10:16:46+08:00,REFRESH,2,10
50002155,BOOTSTRAPPED,2,2026-10-02T03:32:50+08:00,2026-10-09T00:37:18+08:00,REFRESH,2,10
50002157,BOOTSTRAPPED,2,2026-09-23T02:10:19+08:00,2026-10-07T21:24:00+08:00,REFRESH,2,13
50002160,BOOTSTRAPPED,2,2026-10-09T00:37:18+08:00,2026-10-09T00:37:18+08:00,BOOTSTRAP,2,5
50002163,PENDING,12,,,DEFERRED_BUDGET,,0
50002166,BOOTSTRAPPED,2,2026-10-09T00:37:18+08:00,2026-10-09T00:37:18+08:00,BOOTSTRAP,2,4
50002168,BOOTSTRAPPED,2,2026-09-25T06:31:47+08:00,2026-10-05T01:35:18+08:00,REFRESH,2,2
50002170,BOOTSTRAPPED,2,2026-09-30T14:50:28+08:00,2026-10-06T08:50:05+08:00,REFRESH,2,1
50002179,PENDING,2,,,DEFERRED_BUDGET,,3
50002183,BOOTSTRAPPED,2,2026-09-24T20:44:27+08:00,2026-09-29T09:17:42+08:00,REFRESH,2,1
50002197,BOOTSTRAPPED,2,2026-09-26T06:29:24+08:00,2026-10-09T14:09:14+08:00,REFRESH,2,12
50002198,PENDING,12,,,DEFERRED_BUDGET,,4
50002202,PENDING,2,,,DEFERRED_BUDGET,,1
50002206,BOOTSTRAPPED,2,2026-09-28T23:37:23+08:00,2026-10-08T21:30:19+08:00,REFRESH,2,13
50002207,BOOTSTRAPPED,2,2026-09-23T19:49:44+08:00,2026-10-03T07:03:25+08:00,REFRESH,2,2
50002208,PENDING,12,,,DEFERRED_BUDGET,,1
50002209,BOOTSTRAPPED,2,2026-10-10T00:20:09+08:00,2026-10-10T00:20:09+08:00,BOOTSTRAP,2,3
50002210,PENDING,12,,,DEFERRED_BUDGET,,7
50002213,BOOTSTRAPPED,2,2026-09-26T15:50:52+08:00,2026-10-10T00:20:09+08:00,REFRESH,2,19
50002214,BOOTSTRAPPED,2,2026-09-21T11:40:16+08:00,2026-10-09T06:11:28+08:00,REFRESH,2,8
50002217,BOOTSTRAPPED,12,2026-09-20T13:35:55+08:00,2026-10-10T00:20:09+08:00,REFRESH,2,36
50002222,BOOTSTRAPPED,2,2026-09-21T17:36:36+08:00,2026-10-04T20:52:34+08:00,REFRESH,2,3
50002225,BOOTSTRAPPED,2,2026-09-25T03:17:18+08:00,2026-10-06T08:50:05+08:00,REFRESH,2,2
50002244,BOOTSTRAPPED,2,2026-09-26T21:12:50+08:00,2026-10-10T00:20:09+08:00,REFRESH,2,13
50002245,BOOTSTRAPPED,2,2026-09-26T13:32:05+08:00,2026-10-09T21:20:53+08:00,REFRESH,2,15
50002247,BOOTSTRAPPED,2,2026-09-26T13:32:05+08:00,2026-10-01T07:57:03+08:00,REFRESH,2,10
50002248,BOOTSTRAPPED,2,2026-09-23T19:49:44+08:00,2026-10-05T01:35:18+08:00,REFRESH,2,3
50002252,BOOTSTRAPPED,2,2026-10-06T08:50:05+08:00,2026-10-09T06:11:28+08:00,REFRESH,2,9
50002255,BOOTSTRAPPED,2,2026-10-02T20:49:30+08:00,2026-10-04T05:26:30+08:00,REFRESH,2,10
50002256,BOOTSTRAPPED,2,2026-09-21T17:26:28+08:00,2026-10-06T11:06:42+08:00,REFRESH,2,5
50002258,BOOTSTRAPPED,2,2026-09-24T01:13:02+08:00,2026-10-05T05:37:26+08:00,REFRESH,2,3
50002259,PENDING,12,,,DEFERRED_BUDGET,,0
50002260,BOOTSTRAPPED,2,2026-09-25T00:19:49+08:00,2026-10-06T06:45:02+08:00,REFRESH,2,2
50002261,BOOTSTRAPPED,2,2026-09-25T03:17:18+08:00,2026-10-06T06:45:02+08:00,REFRESH,2,2
50002265,PENDING,12,,,DEFERRED_BUDGET,,0
50002285,BOOTSTRAPPED,2,2026-10-08T21:30:19+08:00,2026-10-09T17:16:09+08:00,REFRESH,2,4
50002287,BOOTSTRAPPED,2,2026-09-26T06:29:24+08:00,2026-10-06T11:06:42+08:00,REFRESH,2,3
50002288,BOOTSTRAPPED,2,2026-09-29T23:59:22+08:00,2026-10-05T09:02:59+08:00,REFRESH,2,1
50002291,BOOTSTRAPPED,2,2026-09-24T13:02:21+08:00,2026-10-05T05:37:26+08:00,REFRESH,2,3
50002292,BOOTSTRAPPED,2,2026-10-06T00:10:03+08:00,2026-10-06T00:10:03+08:00,BOOTSTRAP,2,0
50002295,BOOTSTRAPPED,2,2026-09-21T17:36:36+08:00,2026-10-04T20:52:34+08:00,REFRESH,2,3
50002297,BOOTSTRAPPED,2,2026-09-25T03:17:18+08:00,2026-10-06T06:45:02+08:00,REFRESH,2,2
50002299,BOOTSTRAPPED,2,2026-10-09T21:20:53+08:00,2026-10-09T21:20:53+08:00,BOOTSTRAP,2,9
50002302,BOOTSTRAPPED,2,2026-10-05T15:11:15+08:00,2026-10-09T03:28:08+08:00,REFRESH,2,8
50002303,BOOTSTRAPPED,2,2026-09-21T17:26:28+08:00,2026-10-09T21:20:53+08:00,REFRESH,2,7
50002305,BOOTSTRAPPED,2,2026-09-24T07:06:34+08:00,2026-10-09T03:28:08+08:00,REFRESH,2,11
50002309,PENDING,12,,,DEFERRED_BUDGET,,4
50002311,BOOTSTRAPPED,2,2026-09-22T04:28:18+08:00,2026-10-09T00:37:18+08:00,REFRESH,2,14
50002313,PENDING,2,,,DEFERRED_BUDGET,,4
50002314,PENDING,12,,,DEFERRED_BUDGET,,2
50002315,BOOTSTRAPPED,2,2026-09-23T02:59:32+08:00,2026-10-04T08:38:34+08:00,REFRESH,2,11
50002319,BOOTSTRAPPED,2,2026-10-08T21:30:19+08:00,2026-10-09T17:16:09+08:00,REFRESH,2,4
50002324,BOOTSTRAPPED,2,2026-09-25T09:37:20+08:00,2026-10-09T00:37:18+08:00,REFRESH,2,11
50002326,BOOTSTRAPPED,2,2026-09-22T00:20:31+08:00,2026-10-09T21:20:53+08:00,REFRESH,2,5
50002340,BOOTSTRAPPED,2,2026-09-22T22:14:11+08:00,2026-10-03T07:03:25+08:00,REFRESH,2,3
50002343,BOOTSTRAPPED,2,2026-09-25T09:37:20+08:00,2026-10-09T03:28:08+08:00,REFRESH,2,12
50002347,BOOTSTRAPPED,2,2026-09-21T11:40:16+08:00,2026-10-02T07:26:24+08:00,REFRESH,2,9
50002348,BOOTSTRAPPED,2,2026-09-26T21:12:50+08:00,2026-10-04T08:38:34+08:00,REFRESH,2,11
50002351,PENDING,2,,,DEFERRED_BUDGET,,0
50002354,BOOTSTRAPPED,2,2026-09-26T15:50:52+08:00,2026-10-09T21:20:53+08:00,REFRESH,2,16
50002357,PENDING,2,,,DEFERRED_BUDGET,,3
50002360,BOOTSTRAPPED,2,2026-10-09T07:58:30+08:00,2026-10-09T07:58:30+08:00,BOOTSTRAP,2,4
50002361,BOOTSTRAPPED,2,2026-09-26T05:51:14+08:00,2026-10-09T14:09:14+08:00,REFRESH,2,11
50002367,BOOTSTRAPPED,2,2026-09-27T13:20:06+08:00,2026-10-01T14:07:59+08:00,REFRESH,2,7
50002369,BOOTSTRAPPED,2,2026-10-09T21:20:53+08:00,2026-10-09T21:20:53+08:00,BOOTSTRAP,2,5
50002380,BOOTSTRAPPED,12,2026-09-21T07:08:31+08:00,2026-10-09T10:16:46+08:00,REFRESH,2,47
50002381,BOOTSTRAPPED,12,2026-09-21T09:00:48+08:00,2026-10-10T00:20:09+08:00,REFRESH,2,42
50002383,BOOTSTRAPPED,2,2026-10-09T07:58:30+08:00,2026-10-09T07:58:30+08:00,BOOTSTRAP,2,5
50002387,BOOTSTRAPPED,2,2026-09-25T21:48:15+08:00,2026-10-02T17:02:09+08:00,REFRESH,2,2
50002391,BOOTSTRAPPED,2,2026-09-23T19:49:44+08:00,2026-10-01T07:57:03+08:00,REFRESH,2,1
50002394,PENDING,2,,,DEFERRED_BUDGET,,7
50002396,BOOTSTRAPPED,2,2026-10-06T06:45:02+08:00,2026-10-09T03:28:08+08:00,REFRESH,2,27
50002398,BOOTSTRAPPED,2,2026-09-25T00:19:49+08:00,2026-10-05T09:02:59+08:00,REFRESH,2,2
50002407,BOOTSTRAPPED,2,2026-09-27T13:20:06+08:00,2026-10-01T14:07:59+08:00,REFRESH,2,1
50002409,BOOTSTRAPPED,2,2026-10-09T17:16:09+08:00,2026-10-09T17:16:09+08:00,BOOTSTRAP,2,0
50002419,PENDING,2,,,DEFERRED_BUDGET,,1
50002420,PENDING,12,,,DEFERRED_BUDGET,,4
50002421,PENDING,12,,,DEFERRED_BUDGET,,4
50002435,BOOTSTRAPPED,2,2026-09-26T09:40:20+08:00,2026-10-09T00:37:18+08:00,REFRESH,2,14
50002439,BOOTSTRAPPED,12,2026-09-16T06:55:00+08:00,2026-10-08T14:04:45+08:00,REFRESH,2,9
50002443,BOOTSTRAPPED,2,2026-09-26T09:40:20+08:00,2026-10-07T07:49:16+08:00,REFRESH,2,3
50002449,BOOTSTRAPPED,2,2026-09-22T00:20:31+08:00,2026-10-09T21:20:53+08:00,REFRESH,2,9
50002454,BOOTSTRAPPED,2,2026-09-26T15:50:52+08:00,2026-10-09T21:20:53+08:00,REFRESH,2,14
50002455,BOOTSTRAPPED,2,2026-09-25T21:56:26+08:00,2026-10-02T17:02:09+08:00,REFRESH,2,4
50002456,BOOTSTRAPPED,12,2026-09-21T10:27:49+08:00,2026-09-25T15:57:57+08:00,REFRESH,2,11
50002461,BOOTSTRAPPED,2,2026-09-26T21:12:50+08:00,2026-09-27T09:33:58+08:00,REFRESH,2,6
50002464,BOOTSTRAPPED,2,2026-09-29T05:24:40+08:00,2026-10-07T09:38:47+08:00,REFRESH,2,2
50002466,BOOTSTRAPPED,2,2026-09-25T15:57:57+08:00,2026-10-06T08:50:05+08:00,REFRESH,2,9
50002469,BOOTSTRAPPED,2,2026-10-08T14:04:45+08:00,2026-10-09T07:58:30+08:00,REFRESH,2,16
50002470,BOOTSTRAPPED,2,2026-09-24T18:10:23+08:00,2026-10-05T05:37:26+08:00,REFRESH,2,3
50002472,BOOTSTRAPPED,2,2026-09-29T05:24:40+08:00,2026-10-05T09:02:59+08:00,REFRESH,2,1
50002483,BOOTSTRAPPED,12,2026-09-16T06:55:00+08:00,2026-10-08T14:04:45+08:00,REFRESH,2,21
50002485,BOOTSTRAPPED,2,2026-09-22T00:32:02+08:00,2026-09-22T17:47:03+08:00,REFRESH,2,6
50002488,BOOTSTRAPPED,2,2026-09-27T01:16:34+08:00,2026-10-10T00:20:09+08:00,REFRESH,2,19
50002490,PENDING,12,,,DEFERRED_BUDGET,,3
50002500,PENDING,2,,,DEFERRED_BUDGET,,4
50002502,BOOTSTRAPPED,2,2026-09-21T17:36:36+08:00,2026-10-04T20:52:34+08:00,REFRESH,2,3
50002505,BOOTSTRAPPED,2,2026-09-25T00:19:49+08:00,2026-10-06T00:10:03+08:00,REFRESH,2,1
50002532,PENDING,2,,,DEFERRED_BUDGET,,3
50002537,BOOTSTRAPPED,12,2026-09-16T06:55:00+08:00,2026-10-09T10:16:46+08:00,REFRESH,2,36
50002538,BOOTSTRAPPED,2,2026-09-22T00:32:02+08:00,2026-10-07T03:51:21+08:00,REFRESH,2,3
50002540,BOOTSTRAPPED,2,2026-09-27T13:20:06+08:00,2026-10-10T00:20:09+08:00,REFRESH,2,29
50002543,BOOTSTRAPPED,2,2026-10-09T03:28:08+08:00,2026-10-09T03:28:08+08:00,BOOTSTRAP,2,7
50002546,BOOTSTRAPPED,2,2026-09-23T20:20:07+08:00,2026-10-03T10:05:20+08:00,REFRESH,2,3
50002552,BOOTSTRAPPED,12,2026-09-21T10:20:29+08:00,2026-10-09T21:20:53+08:00,REFRESH,2,35
50002555,BOOTSTRAPPED,2,2026-10-02T20:49:30+08:00,2026-10-07T21:24:00+08:00,REFRESH,2,24
50002556,PENDING,12,,,DEFERRED_BUDGET,,7
50002561,BOOTSTRAPPED,2,2026-09-26T05:51:14+08:00,2026-10-09T14:09:14+08:00,REFRESH,2,10
50002565,BOOTSTRAPPED,2,2026-09-27T13:20:06+08:00,2026-10-05T01:40:52+08:00,REFRESH,2,20
50002566,BOOTSTRAPPED,2,2026-10-02T03:32:50+08:00,2026-10-05T01:40:52+08:00,REFRESH,2,7
50002574,PENDING,12,,,DEFERRED_BUDGET,,1
50002575,BOOTSTRAPPED,2,2026-10-09T14:09:14+08:00,2026-10-09T14:09:14+08:00,BOOTSTRAP,2,5
50002581,PENDING,12,,,DEFERRED_BUDGET,,0
50002582,BOOTSTRAPPED,2,2026-10-08T17:08:23+08:00,2026-10-09T10:16:46+08:00,REFRESH,2,7
50002585,BOOTSTRAPPED,2,2026-09-25T15:57:57+08:00,2026-10-02T07:26:24+08:00,REFRESH,2,7
50002589,PENDING,12,,,DEFERRED_BUDGET,,7
50002609,BOOTSTRAPPED,2,2026-09-23T02:10:19+08:00,2026-10-10T00:20:09+08:00,REFRESH,2,18
50002610,PENDING,12,,,DEFERRED_BUDGET,,5
50002611,BOOTSTRAPPED,2,2026-09-25T15:49:34+08:00,2026-10-04T02:01:16+08:00,REFRESH,2,8
50002616,BOOTSTRAPPED,2,2026-10-10T00:20:09+08:00,2026-10-10T00:20:09+08:00,BOOTSTRAP,2,4
50002619,BOOTSTRAPPED,2,2026-10-10T00:20:09+08:00,2026-10-10T00:20:09+08:00,BOOTSTRAP,2,5
50002620,PENDING,2,,,DEFERRED_BUDGET,,1
50002623,BOOTSTRAPPED,2,2026-09-22T01:03:48+08:00,2026-10-04T21:17:40+08:00,REFRESH,2,3
50002624,BOOTSTRAPPED,2,2026-09-25T00:19:49+08:00,2026-10-07T01:16:48+08:00,REFRESH,2,1
50002626,PENDING,2,,,DEFERRED_BUDGET,,0
50002634,PENDING,2,,,DEFERRED_BUDGET,,0
50002637,PENDING,2,,,DEFERRED_BUDGET,,12
50002640,BOOTSTRAPPED,2,2026-09-28T23:29:01+08:00,2026-09-29T09:17:42+08:00,REFRESH,2,1
50002641,BOOTSTRAPPED,2,2026-09-25T15:57:57+08:00,2026-10-06T08:50:05+08:00,REFRESH,2,5
50002644,BOOTSTRAPPED,2,2026-09-26T05:51:14+08:00,2026-10-04T02:01:16+08:00,REFRESH,2,10
50002645,PENDING,12,,,DEFERRED_BUDGET,,4
50002647,PENDING,2,,,DEFERRED_BUDGET,,2
50002649,BOOTSTRAPPED,2,2026-09-24T18:10:23+08:00,2026-10-05T05:37:26+08:00,REFRESH,2,3
50002651,BOOTSTRAPPED,2,2026-09-29T05:24:40+08:00,2026-10-06T06:45:02+08:00,REFRESH,2,1
50002653,BOOTSTRAPPED,2,2026-09-26T09:40:20+08:00,2026-10-05T09:02:59+08:00,REFRESH,2,17
50002654,PENDING,2,,,DEFERRED_BUDGET,,1
50002659,BOOTSTRAPPED,2,2026-10-08T21:30:19+08:00,2026-10-09T17:16:09+08:00,REFRESH,2,4
50002660,BOOTSTRAPPED,2,2026-09-22T00:32:02+08:00,2026-10-06T11:06:42+08:00,REFRESH,2,5
50002665,PENDING,2,,,DEFERRED_BUDGET,,1
50002670,BOOTSTRAPPED,2,2026-09-28T23:37:23+08:00,2026-10-06T11:06:42+08:00,REFRESH,2,2
50002671,BOOTSTRAPPED,2,2026-10-04T20:52:34+08:00,2026-10-05T09:02:59+08:00,REFRESH,2,0
50002672,BOOTSTRAPPED,2,2026-10-07T21:24:00+08:00,2026-10-07T21:24:00+08:00,BOOTSTRAP,2,1
50002676,BOOTSTRAPPED,2,2026-09-28T23:37:23+08:00,2026-09-29T15:31:56+08:00,REFRESH,2,0
50002681,BOOTSTRAPPED,2,2026-10-08T17:08:23+08:00,2026-10-09T10:16:46+08:00,REFRESH,2,4
50002691,BOOTSTRAPPED,2,2026-09-26T05:51:14+08:00,2026-10-03T16:16:26+08:00,REFRESH,2,5
50002694,BOOTSTRAPPED,2,2026-09-29T22:22:36+08:00,2026-10-03T13:47:07+08:00,REFRESH,2,11
50002695,BOOTSTRAPPED,2,2026-09-22T00:50:55+08:00,2026-10-09T00:37:18+08:00,REFRESH,2,13
50002707,BOOTSTRAPPED,2,2026-09-22T00:20:31+08:00,2026-10-06T08:50:05+08:00,REFRESH,2,5
50002709,PENDING,12,,,DEFERRED_BUDGET,,2
50002712,BOOTSTRAPPED,2,2026-10-03T02:31:24+08:00,2026-10-04T08:38:34+08:00,REFRESH,2,9
50002715,BOOTSTRAPPED,2,2026-09-27T01:16:34+08:00,2026-10-10T00:20:09+08:00,REFRESH,2,11
50002716,BOOTSTRAPPED,2,2026-10-02T20:49:30+08:00,2026-10-02T20:49:30+08:00,BOOTSTRAP,2,12
50002719,BOOTSTRAPPED,2,2026-09-26T02:43:38+08:00,2026-10-06T15:35:16+08:00,REFRESH,2,3
50002725,PENDING,12,,,DEFERRED_BUDGET,,2
50002729,BOOTSTRAPPED,2,2026-09-28T23:29:01+08:00,2026-10-09T03:28:08+08:00,REFRESH,2,15
50002732,PENDING,12,,,DEFERRED_BUDGET,,1
50002735,PENDING,2,,,DEFERRED_BUDGET,,3
50002739,BOOTSTRAPPED,12,2026-09-16T07:05:00+08:00,2026-10-09T06:11:28+08:00,REFRESH,2,69
50002740,BOOTSTRAPPED,2,2026-09-27T01:16:34+08:00,2026-10-10T00:20:09+08:00,REFRESH,2,23
50002743,BOOTSTRAPPED,2,2026-09-24T07:06:34+08:00,2026-10-07T05:43:55+08:00,REFRESH,2,10
50002746,BOOTSTRAPPED,12,2026-09-20T13:35:55+08:00,2026-10-07T21:24:00+08:00,REFRESH,2,63
50002749,BOOTSTRAPPED,2,2026-10-09T00:37:18+08:00,2026-10-09T00:37:18+08:00,BOOTSTRAP,2,11
50002750,PENDING,12,,,DEFERRED_BUDGET,,0
50002752,PENDING,12,,,DEFERRED_BUDGET,,3
50002754,BOOTSTRAPPED,2,2026-09-22T23:01:54+08:00,2026-10-06T15:35:16+08:00,REFRESH,2,4
50002755,BOOTSTRAPPED,2,2026-09-21T11:46:29+08:00,2026-09-25T06:31:47+08:00,REFRESH,2,2
50002757,BOOTSTRAPPED,2,2026-10-06T15:35:16+08:00,2026-10-06T15:35:16+08:00,BOOTSTRAP,2,0
50002766,PENDING,12,,,DEFERRED_BUDGET,,5
50002769,BOOTSTRAPPED,2,2026-09-25T15:57:57+08:00,2026-10-06T11:06:42+08:00,REFRESH,2,3
50002770,BOOTSTRAPPED,2,2026-09-29T05:24:40+08:00,2026-09-30T03:40:16+08:00,REFRESH,2,0
50002773,BOOTSTRAPPED,2,2026-09-23T02:10:19+08:00,2026-10-01T07:57:03+08:00,REFRESH,2,14
50002777,BOOTSTRAPPED,2,2026-09-24T20:44:27+08:00,2026-09-29T09:17:42+08:00,REFRESH,2,1
50002795,BOOTSTRAPPED,2,2026-10-08T14:04:45+08:00,2026-10-09T07:58:30+08:00,REFRESH,2,8
50002798,BOOTSTRAPPED,2,2026-09-21T17:36:36+08:00,2026-10-04T20:52:34+08:00,REFRESH,2,3
50002800,BOOTSTRAPPED,2,2026-10-04T20:52:34+08:00,2026-10-05T09:02:59+08:00,REFRESH,2,0
50002802,PENDING,2,,,DEFERRED_BUDGET,,0
50002804,PENDING,2,,,DEFERRED_BUDGET,,2
50002807,BOOTSTRAPPED,2,2026-09-30T14:50:28+08:00,2026-09-30T14:50:28+08:00,BOOTSTRAP,2,0
50002809,BOOTSTRAPPED,2,2026-10-01T14:07:59+08:00,2026-10-08T07:50:46+08:00,REFRESH,2,6
50002817,BOOTSTRAPPED,2,2026-09-29T22:22:36+08:00,2026-10-09T07:58:30+08:00,REFRESH,2,7
50002818,PENDING,2,,,DEFERRED_BUDGET,,3
50002819,BOOTSTRAPPED,2,2026-09-22T00:20:31+08:00,2026-10-09T21:20:53+08:00,REFRESH,2,11
50002822,BOOTSTRAPPED,2,2026-10-06T00:10:03+08:00,2026-10-09T03:28:08+08:00,REFRESH,2,11
50002827,BOOTSTRAPPED,2,2026-09-25T09:37:20+08:00,2026-10-09T03:28:08+08:00,REFRESH,2,14
50002829,BOOTSTRAPPED,2,2026-09-22T00:20:31+08:00,2026-10-06T08:50:05+08:00,REFRESH,2,5
50002836,PENDING,12,,,DEFERRED_BUDGET,,0
50002837,BOOTSTRAPPED,2,2026-09-24T20:44:27+08:00,2026-10-01T03:28:14+08:00,REFRESH,2,5
50002840,PENDING,12,,,DEFERRED_BUDGET,,4
50002841,PENDING,2,,,DEFERRED_BUDGET,,0
50002842,BOOTSTRAPPED,2,2026-10-10T00:20:09+08:00,2026-10-10T00:20:09+08:00,BOOTSTRAP,2,4
50002857,BOOTSTRAPPED,2,2026-09-26T09:40:20+08:00,2026-10-07T01:16:48+08:00,REFRESH,2,3
50002859,BOOTSTRAPPED,2,2026-09-25T00:19:49+08:00,2026-10-01T14:07:59+08:00,REFRESH,2,1
50002862,BOOTSTRAPPED,2,2026-09-25T15:57:57+08:00,2026-10-06T22:29:17+08:00,REFRESH,2,3
50002863,BOOTSTRAPPED,2,2026-09-28T23:37:23+08:00,2026-10-02T17:02:09+08:00,REFRESH,2,1
50002864,BOOTSTRAPPED,2,2026-10-09T00:37:18+08:00,2026-10-09T00:37:18+08:00,BOOTSTRAP,2,2
50002868,PENDING,12,,,DEFERRED_BUDGET,,1
50002871,BOOTSTRAPPED,2,2026-09-26T02:37:39+08:00,2026-10-05T01:35:18+08:00,REFRESH,2,2
50002873,BOOTSTRAPPED,2,2026-09-21T16:26:22+08:00,2026-09-23T14:05:18+08:00,REFRESH,2,1
50002889,BOOTSTRAPPED,2,2026-10-08T07:50:46+08:00,2026-10-09T06:11:28+08:00,REFRESH,2,5
50002890,BOOTSTRAPPED,2,2026-09-25T03:17:18+08:00,2026-09-29T15:31:56+08:00,REFRESH,2,1
50002891,PENDING,2,,,DEFERRED_BUDGET,,6
50002894,BOOTSTRAPPED,2,2026-09-26T06:29:24+08:00,2026-10-06T11:06:42+08:00,REFRESH,2,3
50002897,BOOTSTRAPPED,2,2026-09-25T00:19:49+08:00,2026-10-06T00:10:03+08:00,REFRESH,2,1
50002898,PENDING,2,,,DEFERRED_BUDGET,,0
50002939,PENDING,2,,,DEFERRED_BUDGET,,4
50002940,PENDING,2,,,DEFERRED_BUDGET,,1
50002948,BOOTSTRAPPED,2,2026-09-26T09:40:20+08:00,2026-10-07T03:51:21+08:00,REFRESH,2,13
50002951,BOOTSTRAPPED,2,2026-10-09T06:11:28+08:00,2026-10-09T06:11:28+08:00,BOOTSTRAP,2,5
50002954,BOOTSTRAPPED,2,2026-09-26T21:12:50+08:00,2026-10-01T07:57:03+08:00,REFRESH,2,10
50002956,BOOTSTRAPPED,2,2026-09-30T14:50:28+08:00,2026-09-30T14:50:28+08:00,BOOTSTRAP,2,0
50002962,PENDING,2,,,DEFERRED_BUDGET,,4
50002963,PENDING,12,,,DEFERRED_BUDGET,,0
50002964,PENDING,2,,,DEFERRED_BUDGET,,3
50002966,BOOTSTRAPPED,2,2026-10-09T17:16:09+08:00,2026-10-09T17:16:09+08:00,BOOTSTRAP,2,4
50002968,PENDING,12,,,DEFERRED_BUDGET,,3
50002970,BOOTSTRAPPED,2,2026-09-29T15:31:56+08:00,2026-10-06T15:35:16+08:00,REFRESH,2,1
50002975,PENDING,12,,,DEFERRED_BUDGET,,3
50002976,PENDING,12,,,DEFERRED_BUDGET,,1
50002980,BOOTSTRAPPED,2,2026-09-22T00:20:31+08:00,2026-09-22T12:54:57+08:00,REFRESH,2,4
50002985,BOOTSTRAPPED,2,2026-09-25T15:57:57+08:00,2026-10-07T01:16:48+08:00,REFRESH,2,9
50002986,PENDING,2,,,DEFERRED_BUDGET,,5
50002989,PENDING,2,,,DEFERRED_BUDGET,,0
50002993,PENDING,12,,,DEFERRED_BUDGET,,0
50002994,BOOTSTRAPPED,2,2026-10-09T14:09:14+08:00,2026-10-09T14:09:14+08:00,BOOTSTRAP,2,8
50002997,BOOTSTRAPPED,2,2026-09-24T20:44:27+08:00,2026-09-29T09:17:42+08:00,REFRESH,2,1
50002999,BOOTSTRAPPED,2,2026-10-08T17:08:23+08:00,2026-10-09T10:16:46+08:00,REFRESH,2,4
50003000,BOOTSTRAPPED,2,2026-10-05T15:11:15+08:00,2026-10-09T06:11:28+08:00,REFRESH,2,7
50003004,BOOTSTRAPPED,2,2026-09-25T09:37:20+08:00,2026-10-05T15:11:15+08:00,REFRESH,2,3
50003007,PENDING,2,,,DEFERRED_BUDGET,,4
50003008,BOOTSTRAPPED,2,2026-10-08T14:04:45+08:00,2026-10-09T07:58:30+08:00,REFRESH,2,8
50003009,BOOTSTRAPPED,2,2026-10-09T21:20:53+08:00,2026-10-09T21:20:53+08:00,BOOTSTRAP,2,7
50003010,BOOTSTRAPPED,2,2026-09-24T13:02:21+08:00,2026-10-05T05:37:26+08:00,REFRESH,2,3
50003012,BOOTSTRAPPED,2,2026-09-29T05:24:40+08:00,2026-10-05T09:02:59+08:00,REFRESH,2,1
50003017,BOOTSTRAPPED,2,2026-09-21T17:26:28+08:00,2026-10-02T07:26:24+08:00,REFRESH,2,3
50003019,BOOTSTRAPPED,2,2026-09-26T06:29:24+08:00,2026-10-06T22:29:17+08:00,REFRESH,2,3
50003022,BOOTSTRAPPED,2,2026-09-25T03:17:18+08:00,2026-10-07T01:16:48+08:00,REFRESH,2,2
50003030,BOOTSTRAPPED,2,2026-09-27T09:33:58+08:00,2026-09-30T21:53:21+08:00,REFRESH,2,1
50003037,PENDING,2,,,DEFERRED_BUDGET,,2
50003041,BOOTSTRAPPED,2,2026-09-22T23:01:54+08:00,2026-10-06T15:35:16+08:00,REFRESH,2,1
50003045,BOOTSTRAPPED,2,2026-10-03T02:31:24+08:00,2026-10-05T01:40:52+08:00,REFRESH,2,13
50003046,BOOTSTRAPPED,2,2026-10-02T20:49:30+08:00,2026-10-04T05:26:30+08:00,REFRESH,2,3
50003048,BOOTSTRAPPED,2,2026-10-02T03:32:50+08:00,2026-10-02T03:32:50+08:00,BOOTSTRAP,2,12
50003049,BOOTSTRAPPED,2,2026-10-06T22:29:17+08:00,2026-10-07T21:24:00+08:00,REFRESH,2,1
50003051,BOOTSTRAPPED,2,2026-09-24T20:44:27+08:00,2026-09-25T09:37:20+08:00,REFRESH,2,0
50003056,PENDING,12,,,DEFERRED_BUDGET,,6
50003058,BOOTSTRAPPED,2,2026-09-26T05:51:14+08:00,2026-10-05T01:40:52+08:00,REFRESH,2,5
50003062,BOOTSTRAPPED,2,2026-09-25T21:48:15+08:00,2026-10-05T01:40:52+08:00,REFRESH,2,9
50003063,BOOTSTRAPPED,2,2026-09-21T17:36:36+08:00,2026-09-26T05:51:14+08:00,REFRESH,2,2
50003065,BOOTSTRAPPED,12,2026-09-21T11:28:58+08:00,2026-09-21T17:36:36+08:00,REFRESH,2,5
50003072,PENDING,12,,,DEFERRED_BUDGET,,0
50003074,BOOTSTRAPPED,12,2026-09-21T10:20:29+08:00,2026-10-05T01:40:52+08:00,REFRESH,2,45
50003075,BOOTSTRAPPED,2,2026-09-27T01:16:34+08:00,2026-10-09T10:16:46+08:00,REFRESH,2,30
50003076,BOOTSTRAPPED,12,2026-09-21T09:00:48+08:00,2026-10-09T21:20:53+08:00,REFRESH,2,38
50003083,BOOTSTRAPPED,2,2026-09-22T01:03:48+08:00,2026-10-09T17:16:09+08:00,REFRESH,2,15
50003085,BOOTSTRAPPED,2,2026-09-22T00:50:55+08:00,2026-10-09T17:16:09+08:00,REFRESH,2,12
50003086,BOOTSTRAPPED,2,2026-09-28T23:29:01+08:00,2026-10-09T06:11:28+08:00,REFRESH,2,15
50003088,BOOTSTRAPPED,12,2026-09-16T06:55:00+08:00,2026-10-09T10:16:46+08:00,REFRESH,2,56
50003092,BOOTSTRAPPED,2,2026-09-26T15:50:52+08:00,2026-10-09T21:20:53+08:00,REFRESH,2,11
50003099,BOOTSTRAPPED,2,2026-10-05T15:11:15+08:00,2026-10-09T03:28:08+08:00,REFRESH,2,10
50003109,PENDING,2,,,DEFERRED_BUDGET,,0
50003113,BOOTSTRAPPED,2,2026-09-22T00:20:31+08:00,2026-10-02T07:26:24+08:00,REFRESH,2,3
50003123,BOOTSTRAPPED,2,2026-09-23T20:20:07+08:00,2026-10-05T05:37:26+08:00,REFRESH,2,3
50003128,PENDING,12,,,DEFERRED_BUDGET,,1
50003129,PENDING,2,,,DEFERRED_BUDGET,,1
50003134,BOOTSTRAPPED,2,2026-09-23T20:20:07+08:00,2026-09-28T08:55:49+08:00,REFRESH,2,1
50003142,BOOTSTRAPPED,2,2026-09-24T18:10:23+08:00,2026-10-05T05:37:26+08:00,REFRESH,2,3
50003144,BOOTSTRAPPED,2,2026-09-26T02:43:38+08:00,2026-10-06T00:10:03+08:00,REFRESH,2,1
50003150,BOOTSTRAPPED,12,2026-09-21T07:08:31+08:00,2026-10-09T17:16:09+08:00,REFRESH,2,43
50003168,BOOTSTRAPPED,2,2026-09-26T09:40:20+08:00,2026-10-07T07:49:16+08:00,REFRESH,2,3
50003170,PENDING,2,,,DEFERRED_BUDGET,,3
50003181,PENDING,2,,,DEFERRED_BUDGET,,3
50003183,BOOTSTRAPPED,2,2026-09-23T20:20:07+08:00,2026-10-05T09:02:59+08:00,REFRESH,2,1
50003185,BOOTSTRAPPED,2,2026-09-24T18:10:23+08:00,2026-10-05T05:37:26+08:00,REFRESH,2,3
50003187,BOOTSTRAPPED,2,2026-09-26T02:43:38+08:00,2026-10-01T14:07:59+08:00,REFRESH,2,1
50003190,PENDING,2,,,DEFERRED_BUDGET,,15
50003192,BOOTSTRAPPED,2,2026-09-21T16:26:22+08:00,2026-09-29T15:31:56+08:00,REFRESH,2,1
50003196,BOOTSTRAPPED,2,2026-10-09T14:09:14+08:00,2026-10-09T14:09:14+08:00,BOOTSTRAP,2,7
50003199,BOOTSTRAPPED,2,2026-09-22T01:03:48+08:00,2026-10-08T21:30:19+08:00,REFRESH,2,10
50003201,PENDING,12,,,DEFERRED_BUDGET,,5
50003203,BOOTSTRAPPED,2,2026-10-02T03:32:50+08:00,2026-10-09T14:09:14+08:00,REFRESH,2,12
50003206,BOOTSTRAPPED,2,2026-09-23T19:49:44+08:00,2026-10-06T15:35:16+08:00,REFRESH,2,4
50003207,BOOTSTRAPPED,2,2026-09-21T17:26:28+08:00,2026-09-23T14:48:14+08:00,REFRESH,2,2
50003210,BOOTSTRAPPED,2,2026-09-22T01:03:48+08:00,2026-10-09T17:16:09+08:00,REFRESH,2,11
50003212,BOOTSTRAPPED,2,2026-09-22T04:28:18+08:00,2026-10-09T03:28:08+08:00,REFRESH,2,9
50003213,BOOTSTRAPPED,2,2026-10-01T21:30:47+08:00,2026-10-09T17:16:09+08:00,REFRESH,2,8
50003214,BOOTSTRAPPED,2,2026-09-26T06:29:24+08:00,2026-10-05T01:40:52+08:00,REFRESH,2,12
50003221,BOOTSTRAPPED,2,2026-09-28T23:29:01+08:00,2026-10-09T03:28:08+08:00,REFRESH,2,13
50003222,BOOTSTRAPPED,2,2026-09-23T02:10:19+08:00,2026-10-06T00:10:03+08:00,REFRESH,2,2
50003243,PENDING,12,,,DEFERRED_BUDGET,,6
50003245,BOOTSTRAPPED,2,2026-09-23T19:49:44+08:00,2026-10-06T15:35:16+08:00,REFRESH,2,2
50003246,BOOTSTRAPPED,2,2026-09-21T11:46:29+08:00,2026-10-03T07:03:25+08:00,REFRESH,2,5
50003253,BOOTSTRAPPED,2,2026-10-06T00:10:03+08:00,2026-10-09T03:28:08+08:00,REFRESH,2,12
50003254,BOOTSTRAPPED,2,2026-10-06T22:29:17+08:00,2026-10-08T07:50:46+08:00,REFRESH,2,4
50003256,PENDING,12,,,DEFERRED_BUDGET,,0
50003258,PENDING,12,,,DEFERRED_BUDGET,,2
50003260,PENDING,12,,,DEFERRED_BUDGET,,0
50003261,BOOTSTRAPPED,2,2026-09-27T03:56:49+08:00,2026-10-05T01:35:18+08:00,REFRESH,2,7
50003262,BOOTSTRAPPED,2,2026-10-09T07:58:30+08:00,2026-10-09T07:58:30+08:00,BOOTSTRAP,2,7
50003266,BOOTSTRAPPED,2,2026-09-27T01:16:34+08:00,2026-10-07T01:16:48+08:00,REFRESH,2,18
50003268,BOOTSTRAPPED,2,2026-09-25T15:49:34+08:00,2026-10-09T00:37:18+08:00,REFRESH,2,13
50003279,BOOTSTRAPPED,2,2026-10-06T06:45:02+08:00,2026-10-07T16:50:19+08:00,REFRESH,2,21
50003281,BOOTSTRAPPED,2,2026-10-08T21:30:19+08:00,2026-10-09T17:16:09+08:00,REFRESH,2,3
50003284,BOOTSTRAPPED,2,2026-09-25T15:49:34+08:00,2026-10-09T00:37:18+08:00,REFRESH,2,14
50003287,BOOTSTRAPPED,12,2026-09-21T10:20:29+08:00,2026-10-05T01:40:52+08:00,REFRESH,2,37
50003288,BOOTSTRAPPED,2,2026-10-02T03:32:50+08:00,2026-10-02T03:32:50+08:00,BOOTSTRAP,2,11
50003290,PENDING,2,,,DEFERRED_BUDGET,,2
50003291,BOOTSTRAPPED,2,2026-09-27T16:20:28+08:00,2026-10-06T15:35:16+08:00,REFRESH,2,2
50003297,BOOTSTRAPPED,2,2026-09-26T05:51:14+08:00,2026-10-09T00:37:18+08:00,REFRESH,2,11
50003298,BOOTSTRAPPED,2,2026-09-22T00:50:55+08:00,2026-10-09T00:37:18+08:00,REFRESH,2,11
50003307,PENDING,12,,,DEFERRED_BUDGET,,1
50003310,BOOTSTRAPPED,2,2026-09-25T21:56:26+08:00,2026-10-05T01:40:52+08:00,REFRESH,2,8
50003311,BOOTSTRAPPED,2,2026-09-21T11:46:29+08:00,2026-09-25T06:31:47+08:00,REFRESH,2,3
50003314,BOOTSTRAPPED,12,2026-09-21T11:28:58+08:00,2026-09-25T03:17:18+08:00,REFRESH,2,9
50003316,BOOTSTRAPPED,2,2026-10-08T21:30:19+08:00,2026-10-09T17:16:09+08:00,REFRESH,2,4
50003322,BOOTSTRAPPED,2,2026-09-24T07:06:34+08:00,2026-10-07T09:38:47+08:00,REFRESH,2,8
50003323,PENDING,12,,,DEFERRED_BUDGET,,5
50003328,PENDING,12,,,DEFERRED_BUDGET,,1
50003329,BOOTSTRAPPED,12,2026-09-16T06:55:00+08:00,2026-10-09T07:58:30+08:00,REFRESH,2,49
50003330,BOOTSTRAPPED,2,2026-09-26T02:37:39+08:00,2026-10-09T14:09:14+08:00,REFRESH,2,11
50003331,BOOTSTRAPPED,2,2026-10-06T00:10:03+08:00,2026-10-07T16:50:19+08:00,REFRESH,2,18
50003336,BOOTSTRAPPED,2,2026-09-26T05:51:14+08:00,2026-10-09T14:09:14+08:00,REFRESH,2,12
50003344,BOOTSTRAPPED,2,2026-10-09T03:28:08+08:00,2026-10-09T03:28:08+08:00,BOOTSTRAP,2,3
50003347,BOOTSTRAPPED,2,2026-09-21T17:36:36+08:00,2026-10-04T20:52:34+08:00,REFRESH,2,3
50003348,BOOTSTRAPPED,2,2026-09-29T05:24:40+08:00,2026-10-06T06:45:02+08:00,REFRESH,2,1
50003349,BOOTSTRAPPED,2,2026-09-22T00:20:31+08:00,2026-09-26T09:40:20+08:00,REFRESH,2,5
50003353,PENDING,12,,,DEFERRED_BUDGET,,7
50003360,BOOTSTRAPPED,2,2026-10-09T03:28:08+08:00,2026-10-09T03:28:08+08:00,BOOTSTRAP,2,4
50003361,BOOTSTRAPPED,2,2026-10-09T21:20:53+08:00,2026-10-09T21:20:53+08:00,BOOTSTRAP,2,8
50003362,BOOTSTRAPPED,2,2026-10-09T03:28:08+08:00,2026-10-09T03:28:08+08:00,BOOTSTRAP,2,11
50003363,PENDING,12,,,DEFERRED_BUDGET,,2
50003369,BOOTSTRAPPED,2,2026-09-21T17:26:28+08:00,2026-09-22T23:01:54+08:00,REFRESH,2,4
50003371,PENDING,2,,,DEFERRED_BUDGET,,3
50003376,PENDING,2,,,DEFERRED_BUDGET,,0
50003377,PENDING,12,,,DEFERRED_BUDGET,,4
50003380,PENDING,12,,,DEFERRED_BUDGET,,10
50003382,PENDING,2,,,DEFERRED_BUDGET,,4
50003385,BOOTSTRAPPED,2,2026-09-25T15:57:57+08:00,2026-10-07T01:16:48+08:00,REFRESH,2,9
50003395,BOOTSTRAPPED,2,2026-09-23T19:49:44+08:00,2026-09-30T04:53:50+08:00,REFRESH,2,2
50003400,BOOTSTRAPPED,2,2026-09-28T23:29:01+08:00,2026-10-09T10:16:46+08:00,REFRESH,2,12
50003402,BOOTSTRAPPED,2,2026-09-22T00:32:02+08:00,2026-09-26T09:40:20+08:00,REFRESH,2,2
50003403,PENDING,2,,,DEFERRED_BUDGET,,1
50003409,BOOTSTRAPPED,2,2026-09-25T06:31:47+08:00,2026-09-26T02:43:38+08:00,REFRESH,2,0
50003410,BOOTSTRAPPED,2,2026-09-21T16:26:22+08:00,2026-09-23T20:20:07+08:00,REFRESH,2,1
50003417,PENDING,2,,,DEFERRED_BUDGET,,1
50003420,BOOTSTRAPPED,2,2026-09-27T22:08:03+08:00,2026-09-28T08:55:49+08:00,REFRESH,2,0
50003428,PENDING,2,,,DEFERRED_BUDGET,,2
50003429,PENDING,2,,,DEFERRED_BUDGET,,0
50003431,PENDING,12,,,DEFERRED_BUDGET,,4
50239611,BOOTSTRAPPED,12,2026-09-21T07:08:31+08:00,2026-10-08T21:30:19+08:00,REFRESH,2,45
50240301,BOOTSTRAPPED,2,2026-10-06T22:29:17+08:00,2026-10-08T07:50:46+08:00,REFRESH,2,4
50240303,PENDING,2,,,DEFERRED_BUDGET,,2
50240645,BOOTSTRAPPED,2,2026-09-22T08:07:22+08:00,2026-09-26T05:51:14+08:00,REFRESH,2,6
50240646,PENDING,12,,,DEFERRED_BUDGET,,0
50240649,BOOTSTRAPPED,2,2026-09-21T11:46:29+08:00,2026-09-27T22:08:03+08:00,REFRESH,2,6
50260356,BOOTSTRAPPED,2,2026-10-09T14:09:14+08:00,2026-10-09T14:09:14+08:00,BOOTSTRAP,2,0
50264495,BOOTSTRAPPED,2,2026-10-09T10:16:46+08:00,2026-10-09T10:16:46+08:00,BOOTSTRAP,2,0
50264497,BOOTSTRAPPED,2,2026-09-23T02:59:32+08:00,2026-09-25T15:57:57+08:00,REFRESH,2,7
50264782,BOOTSTRAPPED,2,2026-10-09T21:20:53+08:00,2026-10-09T21:20:53+08:00,BOOTSTRAP,2,4
50267252,BOOTSTRAPPED,2,2026-09-27T09:33:58+08:00,2026-10-01T14:07:59+08:00,REFRESH,2,3
50267911,BOOTSTRAPPED,2,2026-09-25T15:49:34+08:00,2026-10-09T03:28:08+08:00,REFRESH,2,12
50267912,BOOTSTRAPPED,2,2026-09-26T13:32:05+08:00,2026-10-01T07:57:03+08:00,REFRESH,2,11
50268766,BOOTSTRAPPED,2,2026-09-23T02:10:19+08:00,2026-10-09T14:09:14+08:00,REFRESH,2,11
50271428,BOOTSTRAPPED,2,2026-09-22T12:54:57+08:00,2026-09-22T12:54:57+08:00,BOOTSTRAP,2,0
50271432,BOOTSTRAPPED,2,2026-10-08T14:04:45+08:00,2026-10-08T14:04:45+08:00,BOOTSTRAP,2,0
50271433,BOOTSTRAPPED,2,2026-10-09T10:16:46+08:00,2026-10-09T10:16:46+08:00,BOOTSTRAP,2,0
50272543,BOOTSTRAPPED,2,2026-10-08T21:30:19+08:00,2026-10-09T17:16:09+08:00,REFRESH,2,4
50281563,BOOTSTRAPPED,2,2026-10-08T14:04:45+08:00,2026-10-09T07:58:30+08:00,REFRESH,2,5
50281565,BOOTSTRAPPED,2,2026-10-09T06:11:28+08:00,2026-10-09T06:11:28+08:00,BOOTSTRAP,2,6
50281602,BOOTSTRAPPED,2,2026-10-08T14:04:45+08:00,2026-10-09T07:58:30+08:00,REFRESH,2,6
50282096,BOOTSTRAPPED,2,2026-10-09T10:16:46+08:00,2026-10-09T10:16:46+08:00,BOOTSTRAP,2,0
50282150,BOOTSTRAPPED,2,2026-10-08T14:04:45+08:00,2026-10-09T07:58:30+08:00,REFRESH,2,5
50282151,BOOTSTRAPPED,2,2026-10-09T06:11:28+08:00,2026-10-09T06:11:28+08:00,BOOTSTRAP,2,6
50282153,BOOTSTRAPPED,2,2026-10-09T10:16:46+08:00,2026-10-09T10:16:46+08:00,BOOTSTRAP,2,0
50282154,BOOTSTRAPPED,2,2026-10-09T10:16:46+08:00,2026-10-09T10:16:46+08:00,BOOTSTRAP,2,0
50282157,BOOTSTRAPPED,2,2026-10-09T10:16:46+08:00,2026-10-09T10:16:46+08:00,BOOTSTRAP,2,0
50282163,BOOTSTRAPPED,2,2026-10-08T21:30:19+08:00,2026-10-09T14:09:14+08:00,REFRESH,2,0
50282164,BOOTSTRAPPED,2,2026-10-09T10:16:46+08:00,2026-10-09T10:16:46+08:00,BOOTSTRAP,2,0
50282194,BOOTSTRAPPED,12,2026-09-20T15:09:55+08:00,2026-10-09T17:16:09+08:00,REFRESH,2,24
50283453,BOOTSTRAPPED,2,2026-09-29T22:22:36+08:00,2026-10-03T10:05:20+08:00,REFRESH,2,7
50283454,BOOTSTRAPPED,2,2026-09-25T06:31:47+08:00,2026-09-26T02:43:38+08:00,REFRESH,2,8
50283456,BOOTSTRAPPED,12,2026-09-16T07:05:00+08:00,2026-10-04T21:17:40+08:00,REFRESH,2,31
50283457,BOOTSTRAPPED,2,2026-09-26T21:12:50+08:00,2026-10-04T08:38:34+08:00,REFRESH,2,12
50283462,BOOTSTRAPPED,2,2026-10-03T02:31:24+08:00,2026-10-04T08:38:34+08:00,REFRESH,2,6
50283463,BOOTSTRAPPED,2,2026-09-25T06:31:47+08:00,2026-10-04T05:26:30+08:00,REFRESH,2,8
50283465,BOOTSTRAPPED,12,2026-09-16T07:05:00+08:00,2026-10-04T05:26:30+08:00,REFRESH,2,22
50283468,BOOTSTRAPPED,2,2026-09-29T22:22:36+08:00,2026-10-03T13:47:07+08:00,REFRESH,2,10
50285722,BOOTSTRAPPED,2,2026-10-03T02:31:24+08:00,2026-10-05T01:40:52+08:00,REFRESH,2,8
50286103,BOOTSTRAPPED,2,2026-10-09T06:11:28+08:00,2026-10-09T06:11:28+08:00,BOOTSTRAP,2,5
50288123,PENDING,2,,,DEFERRED_BUDGET,,1
50288596,BOOTSTRAPPED,2,2026-09-28T23:29:01+08:00,2026-09-28T23:29:01+08:00,BOOTSTRAP,2,0
50288598,BOOTSTRAPPED,2,2026-09-29T15:31:56+08:00,2026-10-06T15:35:16+08:00,REFRESH,2,1
50288636,BOOTSTRAPPED,2,2026-09-24T01:13:02+08:00,2026-10-05T05:37:26+08:00,REFRESH,2,3
50288881,BOOTSTRAPPED,2,2026-09-22T04:28:18+08:00,2026-09-28T02:30:11+08:00,REFRESH,2,1
50289793,PENDING,2,,,DEFERRED_BUDGET,,1
50289795,BOOTSTRAPPED,2,2026-09-28T15:03:27+08:00,2026-10-07T16:50:19+08:00,REFRESH,2,5
50303163,BOOTSTRAPPED,2,2026-10-09T10:16:46+08:00,2026-10-09T10:16:46+08:00,BOOTSTRAP,2,0
50303168,BOOTSTRAPPED,2,2026-10-09T14:09:14+08:00,2026-10-09T14:09:14+08:00,BOOTSTRAP,2,0
50303171,BOOTSTRAPPED,2,2026-10-08T21:30:19+08:00,2026-10-09T14:09:14+08:00,REFRESH,2,0
50303172,BOOTSTRAPPED,2,2026-10-07T16:50:19+08:00,2026-10-07T16:50:19+08:00,BOOTSTRAP,2,0
50304919,BOOTSTRAPPED,2,2026-10-09T17:16:09+08:00,2026-10-09T17:16:09+08:00,BOOTSTRAP,2,0
50307552,BOOTSTRAPPED,2,2026-10-06T22:29:17+08:00,2026-10-07T21:24:00+08:00,REFRESH,2,4
50312807,BOOTSTRAPPED,2,2026-10-03T02:31:24+08:00,2026-10-05T01:40:52+08:00,REFRESH,2,13
50319129,BOOTSTRAPPED,2,2026-09-25T15:49:34+08:00,2026-10-09T03:28:08+08:00,REFRESH,2,12
50319600,BOOTSTRAPPED,2,2026-10-08T14:04:45+08:00,2026-10-08T14:04:45+08:00,BOOTSTRAP,2,0
50319630,BOOTSTRAPPED,2,2026-10-08T17:08:23+08:00,2026-10-08T17:08:23+08:00,BOOTSTRAP,2,0
50322929,BOOTSTRAPPED,2,2026-10-09T06:11:28+08:00,2026-10-09T06:11:28+08:00,BOOTSTRAP,2,5
50324150,BOOTSTRAPPED,2,2026-10-08T17:08:23+08:00,2026-10-08T17:08:23+08:00,BOOTSTRAP,2,0
50325170,BOOTSTRAPPED,2,2026-09-29T22:22:36+08:00,2026-10-03T10:05:20+08:00,REFRESH,2,4
50325834,BOOTSTRAPPED,2,2026-09-25T09:37:20+08:00,2026-10-04T05:26:30+08:00,REFRESH,2,10
50331022,BOOTSTRAPPED,2,2026-09-22T01:03:48+08:00,2026-10-09T00:37:18+08:00,REFRESH,2,11
50331025,PENDING,2,,,DEFERRED_BUDGET,,6
50334216,BOOTSTRAPPED,2,2026-09-23T02:59:32+08:00,2026-10-09T14:09:14+08:00,REFRESH,2,14
50334218,BOOTSTRAPPED,12,2026-09-16T06:55:00+08:00,2026-10-04T08:38:34+08:00,REFRESH,2,32
50334219,BOOTSTRAPPED,2,2026-10-02T20:49:30+08:00,2026-10-09T00:37:18+08:00,REFRESH,2,12
50334220,BOOTSTRAPPED,2,2026-10-02T03:32:50+08:00,2026-10-02T03:32:50+08:00,BOOTSTRAP,2,15
50334221,BOOTSTRAPPED,2,2026-09-26T09:40:20+08:00,2026-10-09T21:20:53+08:00,REFRESH,2,14
50334368,BOOTSTRAPPED,2,2026-10-01T14:07:59+08:00,2026-10-09T07:58:30+08:00,REFRESH,2,4
50334369,BOOTSTRAPPED,2,2026-09-22T12:54:57+08:00,2026-10-07T16:50:19+08:00,REFRESH,2,8
50334370,BOOTSTRAPPED,2,2026-09-29T15:31:56+08:00,2026-09-29T15:31:56+08:00,BOOTSTRAP,2,4
50334371,BOOTSTRAPPED,2,2026-09-22T12:54:57+08:00,2026-09-29T15:31:56+08:00,REFRESH,2,1
50334372,BOOTSTRAPPED,2,2026-09-28T15:03:27+08:00,2026-10-10T00:20:09+08:00,REFRESH,2,5
50334373,PENDING,2,,,DEFERRED_BUDGET,,2
50334374,BOOTSTRAPPED,2,2026-10-08T17:08:23+08:00,2026-10-09T10:16:46+08:00,REFRESH,2,3
50334377,BOOTSTRAPPED,2,2026-10-08T17:08:23+08:00,2026-10-09T10:16:46+08:00,REFRESH,2,4
50334379,PENDING,2,,,DEFERRED_BUDGET,,2
50353873,BOOTSTRAPPED,2,2026-09-26T21:12:50+08:00,2026-10-04T20:52:34+08:00,REFRESH,2,11
50353874,BOOTSTRAPPED,2,2026-09-27T22:08:03+08:00,2026-09-27T22:08:03+08:00,BOOTSTRAP,2,6
50353875,BOOTSTRAPPED,2,2026-09-25T21:48:15+08:00,2026-10-04T20:52:34+08:00,REFRESH,2,4
50353876,BOOTSTRAPPED,2,2026-10-04T20:52:34+08:00,2026-10-04T20:52:34+08:00,BOOTSTRAP,2,3
50353877,BOOTSTRAPPED,2,2026-09-25T21:48:15+08:00,2026-10-04T20:52:34+08:00,REFRESH,2,6
50353878,BOOTSTRAPPED,2,2026-09-27T22:08:03+08:00,2026-10-03T02:31:24+08:00,REFRESH,2,8
50353879,BOOTSTRAPPED,2,2026-09-27T22:08:03+08:00,2026-09-27T22:08:03+08:00,BOOTSTRAP,2,4
50353881,BOOTSTRAPPED,2,2026-09-25T21:48:15+08:00,2026-09-25T21:48:15+08:00,BOOTSTRAP,2,6
50353882,BOOTSTRAPPED,2,2026-09-25T21:48:15+08:00,2026-09-25T21:48:15+08:00,BOOTSTRAP,2,7
50353883,BOOTSTRAPPED,2,2026-09-25T21:48:15+08:00,2026-10-02T20:49:30+08:00,REFRESH,2,5
50353884,BOOTSTRAPPED,2,2026-09-27T22:08:03+08:00,2026-09-27T22:08:03+08:00,BOOTSTRAP,2,6
50353885,BOOTSTRAPPED,2,2026-09-26T21:12:50+08:00,2026-10-04T20:52:34+08:00,REFRESH,2,3
50353887,BOOTSTRAPPED,2,2026-09-27T03:56:49+08:00,2026-09-27T16:20:28+08:00,REFRESH,2,2
50353888,BOOTSTRAPPED,2,2026-09-21T23:56:59+08:00,2026-09-30T04:53:50+08:00,REFRESH,2,3
50353889,BOOTSTRAPPED,2,2026-09-23T14:05:18+08:00,2026-09-30T14:50:28+08:00,REFRESH,2,2
50353890,BOOTSTRAPPED,2,2026-09-25T21:56:26+08:00,2026-10-02T17:02:09+08:00,REFRESH,2,2
50353891,BOOTSTRAPPED,2,2026-10-02T17:02:09+08:00,2026-10-04T05:26:30+08:00,REFRESH,2,1
50353893,BOOTSTRAPPED,2,2026-10-02T17:02:09+08:00,2026-10-02T17:02:09+08:00,BOOTSTRAP,2,0
50353894,BOOTSTRAPPED,2,2026-09-27T03:56:49+08:00,2026-10-02T17:02:09+08:00,REFRESH,2,3
50353895,BOOTSTRAPPED,2,2026-09-25T21:56:26+08:00,2026-10-02T17:02:09+08:00,REFRESH,2,3
50353896,BOOTSTRAPPED,2,2026-09-25T21:56:26+08:00,2026-10-02T17:02:09+08:00,REFRESH,2,2
50353897,BOOTSTRAPPED,2,2026-09-27T03:56:49+08:00,2026-09-27T16:20:28+08:00,REFRESH,2,3
50353898,BOOTSTRAPPED,2,2026-09-25T21:56:26+08:00,2026-10-04T05:26:30+08:00,REFRESH,2,3
50353901,BOOTSTRAPPED,2,2026-09-23T14:48:14+08:00,2026-10-03T21:30:31+08:00,REFRESH,2,7
50353902,BOOTSTRAPPED,2,2026-10-03T19:41:53+08:00,2026-10-04T21:17:40+08:00,REFRESH,2,1
50353903,BOOTSTRAPPED,2,2026-09-23T14:05:18+08:00,2026-09-26T15:50:52+08:00,REFRESH,2,3
50353904,BOOTSTRAPPED,2,2026-09-25T21:48:15+08:00,2026-10-03T19:41:53+08:00,REFRESH,2,2
50353905,BOOTSTRAPPED,2,2026-10-03T19:41:53+08:00,2026-10-08T17:08:23+08:00,REFRESH,2,1
50353906,BOOTSTRAPPED,2,2026-09-25T21:56:26+08:00,2026-10-04T05:26:30+08:00,REFRESH,2,1
50353907,BOOTSTRAPPED,2,2026-09-25T21:56:26+08:00,2026-10-03T19:41:53+08:00,REFRESH,2,1
50353911,BOOTSTRAPPED,2,2026-10-05T01:35:18+08:00,2026-10-05T09:02:59+08:00,REFRESH,2,2
50353912,BOOTSTRAPPED,2,2026-10-05T01:35:18+08:00,2026-10-05T01:35:18+08:00,BOOTSTRAP,2,2
50353913,BOOTSTRAPPED,2,2026-10-02T20:49:30+08:00,2026-10-02T20:49:30+08:00,BOOTSTRAP,2,2
50353914,BOOTSTRAPPED,2,2026-09-21T23:56:59+08:00,2026-10-03T02:31:24+08:00,REFRESH,2,5
50353915,BOOTSTRAPPED,2,2026-10-02T20:49:30+08:00,2026-10-02T20:49:30+08:00,BOOTSTRAP,2,3
50353916,BOOTSTRAPPED,2,2026-09-28T23:29:01+08:00,2026-10-03T07:03:25+08:00,REFRESH,2,5
50353918,BOOTSTRAPPED,2,2026-09-21T23:56:59+08:00,2026-09-28T23:29:01+08:00,REFRESH,2,7
50353920,BOOTSTRAPPED,2,2026-10-02T20:49:30+08:00,2026-10-02T20:49:30+08:00,BOOTSTRAP,2,2
50353922,BOOTSTRAPPED,2,2026-09-21T23:56:59+08:00,2026-10-05T01:35:18+08:00,REFRESH,2,3
50353923,BOOTSTRAPPED,2,2026-09-21T23:56:59+08:00,2026-10-03T21:30:31+08:00,REFRESH,2,6
50353924,BOOTSTRAPPED,2,2026-09-27T22:08:03+08:00,2026-09-27T22:08:03+08:00,BOOTSTRAP,2,5
50353925,BOOTSTRAPPED,2,2026-09-21T23:56:59+08:00,2026-10-05T09:02:59+08:00,REFRESH,2,7
50353926,BOOTSTRAPPED,2,2026-09-28T23:29:01+08:00,2026-10-03T21:30:31+08:00,REFRESH,2,2
50353928,BOOTSTRAPPED,2,2026-09-21T23:56:59+08:00,2026-10-02T20:49:30+08:00,REFRESH,2,5
50355584,BOOTSTRAPPED,2,2026-09-22T22:14:11+08:00,2026-09-27T13:20:06+08:00,REFRESH,2,3
50355585,BOOTSTRAPPED,2,2026-09-22T22:14:11+08:00,2026-10-03T19:41:53+08:00,REFRESH,2,9
50355586,BOOTSTRAPPED,2,2026-09-22T22:14:11+08:00,2026-10-03T19:41:53+08:00,REFRESH,2,5
50355587,BOOTSTRAPPED,2,2026-09-22T22:14:11+08:00,2026-10-03T19:41:53+08:00,REFRESH,2,5
50355588,BOOTSTRAPPED,2,2026-09-22T22:14:11+08:00,2026-10-03T02:31:24+08:00,REFRESH,2,4
50355589,BOOTSTRAPPED,2,2026-09-22T22:14:11+08:00,2026-10-03T19:41:53+08:00,REFRESH,2,8
50355590,BOOTSTRAPPED,2,2026-09-27T01:16:34+08:00,2026-10-03T02:31:24+08:00,REFRESH,2,6
50355591,BOOTSTRAPPED,2,2026-09-22T22:14:11+08:00,2026-10-03T19:41:53+08:00,REFRESH,2,8
50355592,BOOTSTRAPPED,12,2026-09-20T15:09:55+08:00,2026-10-03T19:41:53+08:00,REFRESH,2,13
50355593,BOOTSTRAPPED,2,2026-09-22T22:14:11+08:00,2026-10-10T00:20:09+08:00,REFRESH,2,5
50355594,BOOTSTRAPPED,2,2026-09-22T22:14:11+08:00,2026-10-03T02:31:24+08:00,REFRESH,2,8
50355595,BOOTSTRAPPED,12,2026-09-20T15:09:55+08:00,2026-10-03T02:31:24+08:00,REFRESH,2,15
50355596,BOOTSTRAPPED,2,2026-09-22T12:54:57+08:00,2026-10-04T21:17:40+08:00,REFRESH,2,3
50355597,BOOTSTRAPPED,2,2026-09-27T06:58:06+08:00,2026-09-27T06:58:06+08:00,BOOTSTRAP,2,0
50355599,BOOTSTRAPPED,2,2026-09-23T14:48:14+08:00,2026-10-04T21:17:40+08:00,REFRESH,2,6
50355600,BOOTSTRAPPED,2,2026-09-27T06:58:06+08:00,2026-09-27T06:58:06+08:00,BOOTSTRAP,2,0
50355601,BOOTSTRAPPED,2,2026-09-22T23:01:54+08:00,2026-09-27T13:20:06+08:00,REFRESH,2,1
50355603,BOOTSTRAPPED,2,2026-09-27T06:58:06+08:00,2026-10-03T10:05:20+08:00,REFRESH,2,2
50355604,BOOTSTRAPPED,2,2026-09-21T23:56:59+08:00,2026-10-03T21:30:31+08:00,REFRESH,2,3
50355605,BOOTSTRAPPED,2,2026-09-27T03:56:49+08:00,2026-10-03T02:31:24+08:00,REFRESH,2,1
50355606,BOOTSTRAPPED,2,2026-09-22T23:01:54+08:00,2026-10-04T21:17:40+08:00,REFRESH,2,2
50355607,BOOTSTRAPPED,2,2026-09-22T23:01:54+08:00,2026-10-04T21:17:40+08:00,REFRESH,2,2
50355608,BOOTSTRAPPED,2,2026-09-21T23:56:59+08:00,2026-10-03T10:05:20+08:00,REFRESH,2,2
50355609,BOOTSTRAPPED,2,2026-10-01T21:30:47+08:00,2026-10-01T21:30:47+08:00,BOOTSTRAP,2,0
50355610,BOOTSTRAPPED,2,2026-10-03T19:41:53+08:00,2026-10-04T21:17:40+08:00,REFRESH,2,0
50355611,BOOTSTRAPPED,2,2026-10-02T17:02:09+08:00,2026-10-02T17:02:09+08:00,BOOTSTRAP,2,0
50355612,BOOTSTRAPPED,2,2026-09-21T11:40:16+08:00,2026-10-01T21:30:47+08:00,REFRESH,2,2
50355613,BOOTSTRAPPED,2,2026-10-03T19:41:53+08:00,2026-10-04T21:17:40+08:00,REFRESH,2,2
50355619,BOOTSTRAPPED,2,2026-09-21T23:56:59+08:00,2026-10-03T21:30:31+08:00,REFRESH,2,5
50355620,BOOTSTRAPPED,2,2026-09-22T00:32:02+08:00,2026-10-03T19:41:53+08:00,REFRESH,2,4
50355621,BOOTSTRAPPED,2,2026-09-27T03:56:49+08:00,2026-10-04T21:17:40+08:00,REFRESH,2,1
50355622,BOOTSTRAPPED,2,2026-09-27T03:56:49+08:00,2026-10-03T02:31:24+08:00,REFRESH,2,1
50355623,BOOTSTRAPPED,2,2026-09-25T21:56:26+08:00,2026-10-03T02:31:24+08:00,REFRESH,2,2
50355624,BOOTSTRAPPED,2,2026-09-22T04:28:18+08:00,2026-10-03T10:05:20+08:00,REFRESH,2,3
50355625,BOOTSTRAPPED,2,2026-10-03T19:41:53+08:00,2026-10-03T19:41:53+08:00,BOOTSTRAP,2,0
50355626,BOOTSTRAPPED,2,2026-09-25T21:48:15+08:00,2026-10-03T19:41:53+08:00,REFRESH,2,2
50355627,BOOTSTRAPPED,2,2026-09-27T06:58:06+08:00,2026-10-03T02:31:24+08:00,REFRESH,2,1
50356280,BOOTSTRAPPED,2,2026-09-23T14:48:14+08:00,2026-10-04T21:17:40+08:00,REFRESH,2,3
50356281,BOOTSTRAPPED,2,2026-09-22T00:32:02+08:00,2026-10-04T21:17:40+08:00,REFRESH,2,6
50356282,BOOTSTRAPPED,2,2026-09-27T06:58:06+08:00,2026-10-03T19:41:53+08:00,REFRESH,2,2
50356284,BOOTSTRAPPED,2,2026-09-27T01:16:34+08:00,2026-09-27T16:20:28+08:00,REFRESH,2,1
50356285,BOOTSTRAPPED,2,2026-09-26T02:37:39+08:00,2026-10-03T07:03:25+08:00,REFRESH,2,2
50356286,BOOTSTRAPPED,2,2026-09-27T01:16:34+08:00,2026-10-04T21:17:40+08:00,REFRESH,2,1
50356287,BOOTSTRAPPED,2,2026-09-27T03:56:49+08:00,2026-09-27T16:20:28+08:00,REFRESH,2,0
50356288,BOOTSTRAPPED,2,2026-09-26T02:37:39+08:00,2026-10-03T19:41:53+08:00,REFRESH,2,2
50356289,BOOTSTRAPPED,2,2026-09-23T14:48:14+08:00,2026-10-03T21:30:31+08:00,REFRESH,2,6
50356290,BOOTSTRAPPED,2,2026-09-27T01:16:34+08:00,2026-10-03T19:41:53+08:00,REFRESH,2,1
50356294,BOOTSTRAPPED,2,2026-10-03T07:03:25+08:00,2026-10-03T07:03:25+08:00,BOOTSTRAP,2,0
50356295,BOOTSTRAPPED,2,2026-09-23T14:05:18+08:00,2026-09-30T14:50:28+08:00,REFRESH,2,2
50356297,BOOTSTRAPPED,2,2026-09-22T00:32:02+08:00,2026-09-30T04:53:50+08:00,REFRESH,2,1
50356299,BOOTSTRAPPED,2,2026-09-27T13:20:06+08:00,2026-10-04T14:23:12+08:00,REFRESH,2,2
50356303,BOOTSTRAPPED,2,2026-09-23T14:05:18+08:00,2026-09-30T14:50:28+08:00,REFRESH,2,5
50356305,BOOTSTRAPPED,2,2026-09-23T14:05:18+08:00,2026-09-30T14:50:28+08:00,REFRESH,2,1
50356306,BOOTSTRAPPED,2,2026-09-22T00:32:02+08:00,2026-09-30T14:50:28+08:00,REFRESH,2,3
50356307,BOOTSTRAPPED,2,2026-09-23T14:05:18+08:00,2026-10-01T03:28:14+08:00,REFRESH,2,1
50356308,BOOTSTRAPPED,2,2026-09-23T14:48:14+08:00,2026-09-30T04:53:50+08:00,REFRESH,2,1
50356309,BOOTSTRAPPED,2,2026-09-23T14:05:18+08:00,2026-09-30T14:50:28+08:00,REFRESH,2,3
50356310,BOOTSTRAPPED,2,2026-09-23T14:48:14+08:00,2026-10-04T02:01:16+08:00,REFRESH,2,3
50356311,BOOTSTRAPPED,2,2026-09-27T09:33:58+08:00,2026-09-27T09:33:58+08:00,BOOTSTRAP,2,0
50356312,BOOTSTRAPPED,2,2026-10-04T02:01:16+08:00,2026-10-04T02:01:16+08:00,BOOTSTRAP,2,0
50356313,BOOTSTRAPPED,2,2026-09-27T06:58:06+08:00,2026-09-27T06:58:06+08:00,BOOTSTRAP,2,0
50356444,BOOTSTRAPPED,2,2026-09-27T06:58:06+08:00,2026-10-03T07:03:25+08:00,REFRESH,2,1
50357011,BOOTSTRAPPED,2,2026-10-09T14:09:14+08:00,2026-10-09T14:09:14+08:00,BOOTSTRAP,2,3
50357018,PENDING,2,,,DEFERRED_BUDGET,,2
50361308,BOOTSTRAPPED,2,2026-09-21T16:26:22+08:00,2026-09-21T17:36:36+08:00,REFRESH,2,0
50361309,BOOTSTRAPPED,2,2026-09-21T16:26:22+08:00,2026-09-23T20:20:07+08:00,REFRESH,2,1
50361310,BOOTSTRAPPED,2,2026-09-21T16:26:22+08:00,2026-09-21T16:26:22+08:00,BOOTSTRAP,2,0
50361311,BOOTSTRAPPED,2,2026-09-23T14:05:18+08:00,2026-09-23T14:05:18+08:00,BOOTSTRAP,2,0
50361313,BOOTSTRAPPED,2,2026-09-21T16:26:22+08:00,2026-09-21T17:36:36+08:00,REFRESH,2,0
50362113,BOOTSTRAPPED,2,2026-09-26T13:32:05+08:00,2026-10-04T14:23:12+08:00,REFRESH,2,1
50362114,BOOTSTRAPPED,2,2026-09-26T13:32:05+08:00,2026-10-04T14:23:12+08:00,REFRESH,2,5
50362115,BOOTSTRAPPED,2,2026-09-27T13:20:06+08:00,2026-10-04T14:23:12+08:00,REFRESH,2,1
50362117,BOOTSTRAPPED,2,2026-09-23T14:05:18+08:00,2026-10-04T14:23:12+08:00,REFRESH,2,2
50362119,BOOTSTRAPPED,2,2026-09-27T13:20:06+08:00,2026-10-04T14:23:12+08:00,REFRESH,2,2
50362120,BOOTSTRAPPED,2,2026-10-04T14:23:12+08:00,2026-10-04T14:23:12+08:00,BOOTSTRAP,2,0
50362121,BOOTSTRAPPED,2,2026-09-26T13:32:05+08:00,2026-10-04T14:23:12+08:00,REFRESH,2,4
50362123,BOOTSTRAPPED,2,2026-09-27T13:20:06+08:00,2026-10-04T14:23:12+08:00,REFRESH,2,2
50362133,BOOTSTRAPPED,2,2026-09-22T04:28:18+08:00,2026-09-30T14:50:28+08:00,REFRESH,2,3
50379870,BOOTSTRAPPED,2,2026-10-01T03:28:14+08:00,2026-10-07T07:49:16+08:00,REFRESH,2,5
50379871,BOOTSTRAPPED,2,2026-09-22T17:47:03+08:00,2026-10-01T03:28:14+08:00,REFRESH,2,5
50379872,BOOTSTRAPPED,2,2026-10-01T03:28:14+08:00,2026-10-01T03:28:14+08:00,BOOTSTRAP,2,2
50379873,BOOTSTRAPPED,2,2026-10-01T03:28:14+08:00,2026-10-03T10:05:20+08:00,REFRESH,2,4
50379874,BOOTSTRAPPED,2,2026-10-01T03:28:14+08:00,2026-10-07T07:49:16+08:00,REFRESH,2,3
50379875,BOOTSTRAPPED,2,2026-09-22T17:47:03+08:00,2026-10-07T07:49:16+08:00,REFRESH,2,6
50379876,BOOTSTRAPPED,2,2026-10-01T03:28:14+08:00,2026-10-07T07:49:16+08:00,REFRESH,2,4
50379877,BOOTSTRAPPED,2,2026-10-01T03:28:14+08:00,2026-10-03T10:05:20+08:00,REFRESH,2,1
50397925,BOOTSTRAPPED,12,2026-09-21T09:00:48+08:00,2026-10-09T21:20:53+08:00,REFRESH,2,41
50397926,BOOTSTRAPPED,2,2026-09-23T14:05:18+08:00,2026-09-30T14:50:28+08:00,REFRESH,2,5
50397929,BOOTSTRAPPED,2,2026-09-25T21:56:26+08:00,2026-09-26T15:50:52+08:00,REFRESH,2,1
50429162,BOOTSTRAPPED,2,2026-10-01T21:30:47+08:00,2026-10-01T21:30:47+08:00,BOOTSTRAP,2,1
50429165,BOOTSTRAPPED,2,2026-09-25T03:17:18+08:00,2026-10-01T21:30:47+08:00,REFRESH,2,3
50429166,BOOTSTRAPPED,2,2026-09-27T22:08:03+08:00,2026-09-28T08:55:49+08:00,REFRESH,2,2
50429167,BOOTSTRAPPED,2,2026-10-01T21:30:47+08:00,2026-10-01T21:30:47+08:00,BOOTSTRAP,2,2
50429168,BOOTSTRAPPED,2,2026-09-25T03:17:18+08:00,2026-09-26T02:37:39+08:00,REFRESH,2,4
50429170,BOOTSTRAPPED,2,2026-09-27T06:58:06+08:00,2026-10-02T07:26:24+08:00,REFRESH,2,3
50429171,BOOTSTRAPPED,2,2026-09-27T06:58:06+08:00,2026-09-27T06:58:06+08:00,BOOTSTRAP,2,1
50429173,BOOTSTRAPPED,2,2026-10-01T21:30:47+08:00,2026-10-01T21:30:47+08:00,BOOTSTRAP,2,2
50429175,BOOTSTRAPPED,2,2026-09-27T22:08:03+08:00,2026-09-28T08:55:49+08:00,REFRESH,2,3
50430028,BOOTSTRAPPED,2,2026-09-27T09:33:58+08:00,2026-09-27T09:33:58+08:00,BOOTSTRAP,2,2
50430029,BOOTSTRAPPED,2,2026-10-03T13:47:07+08:00,2026-10-03T13:47:07+08:00,BOOTSTRAP,2,0
50430034,BOOTSTRAPPED,2,2026-09-27T09:33:58+08:00,2026-09-27T09:33:58+08:00,BOOTSTRAP,2,2
50430035,BOOTSTRAPPED,2,2026-10-03T13:47:07+08:00,2026-10-03T13:47:07+08:00,BOOTSTRAP,2,0
50430037,BOOTSTRAPPED,2,2026-10-03T13:47:07+08:00,2026-10-03T13:47:07+08:00,BOOTSTRAP,2,2
50430038,BOOTSTRAPPED,2,2026-10-03T13:47:07+08:00,2026-10-03T13:47:07+08:00,BOOTSTRAP,2,1
50430575,BOOTSTRAPPED,2,2026-09-21T11:46:29+08:00,2026-09-22T08:11:14+08:00,REFRESH,2,3
50430577,BOOTSTRAPPED,2,2026-09-21T11:40:16+08:00,2026-10-03T02:31:24+08:00,REFRESH,2,8
50430587,BOOTSTRAPPED,2,2026-09-26T09:40:20+08:00,2026-10-03T02:31:24+08:00,REFRESH,2,2
50456851,BOOTSTRAPPED,2,2026-09-22T12:54:57+08:00,2026-10-01T14:07:59+08:00,REFRESH,2,1
50456852,BOOTSTRAPPED,2,2026-09-21T16:26:22+08:00,2026-09-29T15:31:56+08:00,REFRESH,2,5
50456853,BOOTSTRAPPED,2,2026-09-21T16:26:22+08:00,2026-09-28T15:03:27+08:00,REFRESH,2,1
50462420,BOOTSTRAPPED,2,2026-09-23T14:48:14+08:00,2026-09-30T14:50:28+08:00,REFRESH,2,3
50462433,BOOTSTRAPPED,2,2026-09-30T14:50:28+08:00,2026-09-30T14:50:28+08:00,BOOTSTRAP,2,2
50462436,BOOTSTRAPPED,2,2026-10-03T19:41:53+08:00,2026-10-04T21:17:40+08:00,REFRESH,2,0
50462439,BOOTSTRAPPED,2,2026-09-23T14:05:18+08:00,2026-09-23T20:20:07+08:00,REFRESH,2,0
50462444,BOOTSTRAPPED,2,2026-10-03T19:41:53+08:00,2026-10-04T21:17:40+08:00,REFRESH,2,0
50462445,BOOTSTRAPPED,2,2026-10-03T19:41:53+08:00,2026-10-04T21:17:40+08:00,REFRESH,2,0
50462446,BOOTSTRAPPED,2,2026-10-03T19:41:53+08:00,2026-10-04T21:17:40+08:00,REFRESH,2,1
50462454,BOOTSTRAPPED,2,2026-09-26T02:37:39+08:00,2026-10-02T20:49:30+08:00,REFRESH,2,1
50462455,BOOTSTRAPPED,2,2026-09-27T03:56:49+08:00,2026-10-03T02:31:24+08:00,REFRESH,2,1
50462466,BOOTSTRAPPED,2,2026-09-26T13:32:05+08:00,2026-10-04T14:23:12+08:00,REFRESH,2,2
50462476,BOOTSTRAPPED,2,2026-09-30T14:50:28+08:00,2026-09-30T14:50:28+08:00,BOOTSTRAP,2,0
50462478,BOOTSTRAPPED,2,2026-10-09T14:09:14+08:00,2026-10-09T14:09:14+08:00,BOOTSTRAP,2,3
50462484,BOOTSTRAPPED,2,2026-09-26T02:37:39+08:00,2026-10-03T19:41:53+08:00,REFRESH,2,1
50482779,BOOTSTRAPPED,2,2026-10-01T14:07:59+08:00,2026-10-08T07:50:46+08:00,REFRESH,2,5
50482780,BOOTSTRAPPED,2,2026-09-22T22:14:11+08:00,2026-09-23T14:48:14+08:00,REFRESH,2,0
50482781,BOOTSTRAPPED,2,2026-10-01T14:07:59+08:00,2026-10-09T07:58:30+08:00,REFRESH,2,6
50482783,BOOTSTRAPPED,2,2026-09-29T22:22:36+08:00,2026-10-09T07:58:30+08:00,REFRESH,2,7
50482785,BOOTSTRAPPED,2,2026-10-01T14:07:59+08:00,2026-10-08T07:50:46+08:00,REFRESH,2,5
50522005,BOOTSTRAPPED,2,2026-10-02T20:49:30+08:00,2026-10-09T00:37:18+08:00,REFRESH,2,6
50533482,BOOTSTRAPPED,2,2026-10-07T21:24:00+08:00,2026-10-07T21:24:00+08:00,BOOTSTRAP,2,1
50538599,BOOTSTRAPPED,2,2026-09-22T12:54:57+08:00,2026-10-01T14:07:59+08:00,REFRESH,2,1
50538600,BOOTSTRAPPED,2,2026-09-22T12:54:57+08:00,2026-10-01T14:07:59+08:00,REFRESH,2,1
50538601,BOOTSTRAPPED,2,2026-09-21T16:26:22+08:00,2026-09-29T15:31:56+08:00,REFRESH,2,1
50538602,BOOTSTRAPPED,2,2026-09-22T12:54:57+08:00,2026-09-29T15:31:56+08:00,REFRESH,2,1
50541356,BOOTSTRAPPED,2,2026-09-29T22:22:36+08:00,2026-10-08T07:50:46+08:00,REFRESH,2,7
50558124,BOOTSTRAPPED,2,2026-10-09T21:20:53+08:00,2026-10-09T21:20:53+08:00,BOOTSTRAP,2,4
50558126,PENDING,12,,,DEFERRED_BUDGET,,2
50558128,PENDING,12,,,DEFERRED_BUDGET,,3
50558129,BOOTSTRAPPED,2,2026-10-09T21:20:53+08:00,2026-10-09T21:20:53+08:00,BOOTSTRAP,2,4
50558130,BOOTSTRAPPED,2,2026-10-10T00:20:09+08:00,2026-10-10T00:20:09+08:00,BOOTSTRAP,2,4
50562874,BOOTSTRAPPED,2,2026-09-27T22:08:03+08:00,2026-10-08T21:30:19+08:00,REFRESH,2,9
50562875,BOOTSTRAPPED,2,2026-09-21T11:40:16+08:00,2026-10-09T00:37:18+08:00,REFRESH,2,11
50563251,BOOTSTRAPPED,2,2026-10-09T06:11:28+08:00,2026-10-09T06:11:28+08:00,BOOTSTRAP,2,5
50566588,BOOTSTRAPPED,2,2026-09-25T21:48:15+08:00,2026-09-25T21:48:15+08:00,BOOTSTRAP,2,4
50566589,BOOTSTRAPPED,2,2026-10-04T20:52:34+08:00,2026-10-04T20:52:34+08:00,BOOTSTRAP,2,5
50566591,BOOTSTRAPPED,2,2026-09-25T21:56:26+08:00,2026-10-02T17:02:09+08:00,REFRESH,2,2
50566592,BOOTSTRAPPED,2,2026-09-25T21:48:15+08:00,2026-10-08T17:08:23+08:00,REFRESH,2,2
50566593,BOOTSTRAPPED,2,2026-09-25T21:48:15+08:00,2026-10-04T05:26:30+08:00,REFRESH,2,1
50566595,BOOTSTRAPPED,2,2026-10-01T21:30:47+08:00,2026-10-01T21:30:47+08:00,BOOTSTRAP,2,1
50566596,BOOTSTRAPPED,2,2026-09-25T06:31:47+08:00,2026-09-30T08:33:46+08:00,REFRESH,2,4
50566597,BOOTSTRAPPED,2,2026-09-22T23:01:54+08:00,2026-10-03T10:05:20+08:00,REFRESH,2,4
50581603,BOOTSTRAPPED,2,2026-09-30T03:40:16+08:00,2026-09-30T03:40:16+08:00,BOOTSTRAP,2,0
50585201,BOOTSTRAPPED,2,2026-09-27T16:20:28+08:00,2026-10-07T03:51:21+08:00,REFRESH,2,11
50587195,BOOTSTRAPPED,2,2026-10-08T14:04:45+08:00,2026-10-08T14:04:45+08:00,BOOTSTRAP,2,0
50597760,BOOTSTRAPPED,2,2026-09-25T21:56:26+08:00,2026-09-26T15:50:52+08:00,REFRESH,2,0
50599152,BOOTSTRAPPED,2,2026-09-30T14:50:28+08:00,2026-10-06T08:50:05+08:00,REFRESH,2,1
50600021,BOOTSTRAPPED,2,2026-10-09T03:28:08+08:00,2026-10-09T03:28:08+08:00,BOOTSTRAP,2,3
50600022,BOOTSTRAPPED,2,2026-09-29T22:22:36+08:00,2026-10-08T07:50:46+08:00,REFRESH,2,7
50600402,BOOTSTRAPPED,2,2026-10-10T00:20:09+08:00,2026-10-10T00:20:09+08:00,BOOTSTRAP,2,3
50600403,PENDING,12,,,DEFERRED_BUDGET,,1
50600404,PENDING,12,,,DEFERRED_BUDGET,,1
50600408,BOOTSTRAPPED,2,2026-10-06T22:29:17+08:00,2026-10-07T21:24:00+08:00,REFRESH,2,0
50600409,BOOTSTRAPPED,2,2026-09-22T23:01:54+08:00,2026-10-01T03:28:14+08:00,REFRESH,2,3
50600412,BOOTSTRAPPED,2,2026-10-02T17:02:09+08:00,2026-10-02T17:02:09+08:00,BOOTSTRAP,2,1
50600413,BOOTSTRAPPED,2,2026-09-21T11:40:16+08:00,2026-10-04T21:17:40+08:00,REFRESH,2,1
50600414,BOOTSTRAPPED,2,2026-10-03T07:03:25+08:00,2026-10-03T07:03:25+08:00,BOOTSTRAP,2,0
50600440,PENDING,2,,,DEFERRED_BUDGET,,0
50600441,PENDING,12,,,DEFERRED_BUDGET,,0
50600442,PENDING,12,,,DEFERRED_BUDGET,,0
50600443,PENDING,2,,,DEFERRED_BUDGET,,0
50600444,BOOTSTRAPPED,2,2026-10-03T19:41:53+08:00,2026-10-03T19:41:53+08:00,BOOTSTRAP,2,1
50600445,BOOTSTRAPPED,2,2026-09-23T14:05:18+08:00,2026-09-30T14:50:28+08:00,REFRESH,2,2
50600446,BOOTSTRAPPED,2,2026-09-22T12:54:57+08:00,2026-09-30T14:50:28+08:00,REFRESH,2,3
50601674,BOOTSTRAPPED,2,2026-09-23T02:59:32+08:00,2026-10-04T08:38:34+08:00,REFRESH,2,7
50601675,BOOTSTRAPPED,2,2026-09-26T06:29:24+08:00,2026-10-09T21:20:53+08:00,REFRESH,2,8
50601676,BOOTSTRAPPED,2,2026-09-26T21:12:50+08:00,2026-10-04T08:38:34+08:00,REFRESH,2,8
50602800,BOOTSTRAPPED,2,2026-09-26T05:51:14+08:00,2026-10-04T02:01:16+08:00,REFRESH,2,4
50621165,BOOTSTRAPPED,2,2026-09-21T11:46:29+08:00,2026-09-26T05:51:14+08:00,REFRESH,2,7
50621329,BOOTSTRAPPED,2,2026-09-23T02:10:19+08:00,2026-10-07T21:24:00+08:00,REFRESH,2,1
50622150,BOOTSTRAPPED,2,2026-09-23T02:10:19+08:00,2026-09-23T19:49:44+08:00,REFRESH,2,1
50623690,BOOTSTRAPPED,2,2026-09-21T11:46:29+08:00,2026-09-22T04:28:18+08:00,REFRESH,2,2
50626491,BOOTSTRAPPED,2,2026-09-22T12:54:57+08:00,2026-09-22T12:54:57+08:00,BOOTSTRAP,2,0
50626774,BOOTSTRAPPED,2,2026-09-28T15:03:27+08:00,2026-09-28T15:03:27+08:00,BOOTSTRAP,2,0
50626775,BOOTSTRAPPED,2,2026-09-21T23:56:59+08:00,2026-10-04T15:01:30+08:00,REFRESH,2,2
50626776,BOOTSTRAPPED,2,2026-09-21T23:56:59+08:00,2026-09-22T22:14:11+08:00,REFRESH,2,0
50626777,BOOTSTRAPPED,2,2026-09-22T23:01:54+08:00,2026-09-29T09:17:42+08:00,REFRESH,2,1
50626778,BOOTSTRAPPED,2,2026-09-22T12:54:57+08:00,2026-09-28T15:03:27+08:00,REFRESH,2,1
50626779,BOOTSTRAPPED,2,2026-09-28T15:03:27+08:00,2026-10-04T15:01:30+08:00,REFRESH,2,1
50626780,BOOTSTRAPPED,2,2026-09-22T12:54:57+08:00,2026-09-22T12:54:57+08:00,BOOTSTRAP,2,0
50626781,BOOTSTRAPPED,2,2026-09-29T09:17:42+08:00,2026-09-29T09:17:42+08:00,BOOTSTRAP,2,0
50626783,BOOTSTRAPPED,2,2026-09-22T23:01:54+08:00,2026-09-23T14:48:14+08:00,REFRESH,2,0
50626784,BOOTSTRAPPED,2,2026-09-22T23:01:54+08:00,2026-10-04T15:01:30+08:00,REFRESH,2,2
50627478,BOOTSTRAPPED,2,2026-10-06T08:50:05+08:00,2026-10-06T08:50:05+08:00,BOOTSTRAP,2,0
50628048,BOOTSTRAPPED,2,2026-09-29T09:17:42+08:00,2026-10-04T15:01:30+08:00,REFRESH,2,1
50629085,BOOTSTRAPPED,2,2026-10-06T15:35:16+08:00,2026-10-06T15:35:16+08:00,BOOTSTRAP,2,0
50629094,BOOTSTRAPPED,2,2026-10-08T14:04:45+08:00,2026-10-08T14:04:45+08:00,BOOTSTRAP,2,0
