hkjc_team_id,hkjc_team_name,provider,provider_team_id,manager_id,canonical_name,role,appointment_date,tenure_days,evidence_class,confirmed,confidence,source_url,source_timestamp,fetched_at,raw_context
50000022,AFC Wimbledon,fotmob,158319,33691,Johnnie Jackson,squad_coach,,,FACT,true,1.0,https://www.fotmob.com/api/data/teams?id=158319,2026-09-24T14:31:11.690502+00:00,2026-09-24T14:31:11.690502+00:00,"{""id"":33691,""height"":185,""age"":44,""dateOfBirth"":""1982-08-15"",""name"":""Johnnie Jackson"",""ccode"":""ENG"",""cname"":""England"",""role"":{""key"":""coach"",""fallback"":""Coach""},""excludeFromRanking"":true}"
50000049,Accrington Stanley,fotmob,8671,1618077,John Doolan,squad_coach,,,FACT,true,1.0,https://www.fotmob.com/api/data/teams?id=8671,2026-09-24T14:31:11.690502+00:00,2026-09-24T14:31:11.690502+00:00,"{""id"":1618077,""height"":null,""age"":57,""dateOfBirth"":""1968-11-10"",""name"":""John Doolan"",""ccode"":""ENG"",""cname"":""England"",""role"":{""key"":""coach"",""fallback"":""Coach""},""excludeFromRanking"":true}"
50000121,Albacete,fotmob,8393,1630646,Alberto González,squad_coach,,,FACT,true,1.0,https://www.fotmob.com/api/data/teams?id=8393,2026-09-24T14:31:11.690502+00:00,2026-09-24T14:31:11.690502+00:00,"{""id"":1630646,""height"":null,""age"":47,""dateOfBirth"":""1979-06-07"",""name"":""Alberto González"",""ccode"":""ESP"",""cname"":""Spain"",""role"":{""key"":""coach"",""fallback"":""Coach""},""excludeFromRanking"":true}"
50000155,Almere City,fotmob,4116,645131,Anoush Dastgir,squad_coach,,,FACT,true,1.0,https://www.fotmob.com/api/data/teams?id=4116,2026-09-24T14:31:11.690502+00:00,2026-09-24T14:31:11.690502+00:00,"{""id"":645131,""height"":null,""age"":36,""dateOfBirth"":""1989-11-27"",""name"":""Anoush Dastgir"",""ccode"":""AFG"",""cname"":""Afghanistan"",""role"":{""key"":""coach"",""fallback"":""Coach""},""excludeFromRanking"":true}"
50000180,Angola,fotmob,6712,31473,Aliou Cissé,squad_coach,,,FACT,true,1.0,https://www.fotmob.com/api/data/teams?id=6712,2026-09-24T14:31:11.690502+00:00,2026-09-24T14:31:11.690502+00:00,"{""id"":31473,""height"":null,""age"":50,""dateOfBirth"":""1976-03-24"",""name"":""Aliou Cissé"",""ccode"":""SEN"",""cname"":""Senegal"",""role"":{""key"":""coach"",""fallback"":""Coach""},""excludeFromRanking"":true}"
50000236,Armenia,fotmob,6583,1806110,Yegishe Melikyan,squad_coach,,,FACT,true,1.0,https://www.fotmob.com/api/data/teams?id=6583,2026-09-24T14:31:11.690502+00:00,2026-09-24T14:31:11.690502+00:00,"{""id"":1806110,""height"":null,""age"":47,""dateOfBirth"":""1979-04-13"",""name"":""Yegishe Melikyan"",""ccode"":""ARM"",""cname"":""Armenia"",""role"":{""key"":""coach"",""fallback"":""Coach""},""excludeFromRanking"":true}"
50000257,Atlante,fotmob,1942,277948,Miguel Herrera,squad_coach,,,FACT,true,1.0,https://www.fotmob.com/api/data/teams?id=1942,2026-09-24T14:31:11.690502+00:00,2026-09-24T14:31:11.690502+00:00,"{""id"":277948,""height"":170,""age"":58,""dateOfBirth"":""1968-03-18"",""name"":""Miguel Herrera"",""ccode"":""MEX"",""cname"":""Mexico"",""role"":{""key"":""coach"",""fallback"":""Coach""},""excludeFromRanking"":true}"
50000258,Atlas,fotmob,6577,35561,Hernán Crespo,squad_coach,,,FACT,true,1.0,https://www.fotmob.com/api/data/teams?id=6577,2026-09-24T14:31:11.690502+00:00,2026-09-24T14:31:11.690502+00:00,"{""id"":35561,""height"":185,""age"":51,""dateOfBirth"":""1975-07-05"",""name"":""Hernán Crespo"",""ccode"":""ARG"",""cname"":""Argentina"",""role"":{""key"":""coach"",""fallback"":""Coach""},""excludeFromRanking"":true}"
50000291,Audax Italiano,fotmob,4058,3086,Patricio Graff,squad_coach,,,FACT,true,1.0,https://www.fotmob.com/api/data/teams?id=4058,2026-09-24T14:31:11.690502+00:00,2026-09-24T14:31:11.690502+00:00,"{""id"":3086,""height"":null,""age"":50,""dateOfBirth"":""1975-11-18"",""name"":""Patricio Graff"",""ccode"":""ARG"",""cname"":""Argentina"",""role"":{""key"":""coach"",""fallback"":""Coach""},""excludeFromRanking"":true}"
50000299,Australia,fotmob,6716,34482,Tony Popović,squad_coach,,,FACT,true,1.0,https://www.fotmob.com/api/data/teams?id=6716,2026-09-24T14:31:11.690502+00:00,2026-09-24T14:31:11.690502+00:00,"{""id"":34482,""height"":194,""age"":53,""dateOfBirth"":""1973-07-04"",""name"":""Tony Popović"",""ccode"":""AUS"",""cname"":""Australia"",""role"":{""key"":""coach"",""fallback"":""Coach""},""excludeFromRanking"":true}"
50000320,Austria,fotmob,8255,148889,Ralf Rangnick,squad_coach,,,FACT,true,1.0,https://www.fotmob.com/api/data/teams?id=8255,2026-09-24T14:31:11.690502+00:00,2026-09-24T14:31:11.690502+00:00,"{""id"":148889,""height"":null,""age"":68,""dateOfBirth"":""1958-06-29"",""name"":""Ralf Rangnick"",""ccode"":""GER"",""cname"":""Germany"",""role"":{""key"":""coach"",""fallback"":""Coach""},""excludeFromRanking"":true}"
50000349,Bahrain,fotmob,5901,910413,Dragan Talajić,squad_coach,,,FACT,true,1.0,https://www.fotmob.com/api/data/teams?id=5901,2026-09-24T14:31:11.690502+00:00,2026-09-24T14:31:11.690502+00:00,"{""id"":910413,""height"":null,""age"":61,""dateOfBirth"":""1965-08-25"",""name"":""Dragan Talajić"",""ccode"":""CRO"",""cname"":""Croatia"",""role"":{""key"":""coach"",""fallback"":""Coach""},""excludeFromRanking"":true}"
50000438,Belgium,fotmob,8263,38244,Mark van Bommel,squad_coach,,,FACT,true,1.0,https://www.fotmob.com/api/data/teams?id=8263,2026-09-24T14:31:11.690502+00:00,2026-09-24T14:31:11.690502+00:00,"{""id"":38244,""height"":187,""age"":49,""dateOfBirth"":""1977-04-22"",""name"":""Mark van Bommel"",""ccode"":""NED"",""cname"":""Netherlands"",""role"":{""key"":""coach"",""fallback"":""Coach""},""excludeFromRanking"":true}"
50000498,Bosnia-Herzegovina,fotmob,10106,27294,Sergej Barbarez,squad_coach,,,FACT,true,1.0,https://www.fotmob.com/api/data/teams?id=10106,2026-09-24T14:31:11.690502+00:00,2026-09-24T14:31:11.690502+00:00,"{""id"":27294,""height"":188,""age"":55,""dateOfBirth"":""1971-09-17"",""name"":""Sergej Barbarez"",""ccode"":""BIH"",""cname"":""Bosnia and Herzegovina"",""role"":{""key"":""coach"",""fallback"":""Coach""},""excludeFromRanking"":true}"
50000524,Brazil,fotmob,8256,78619,Carlo Ancelotti,squad_coach,,,FACT,true,1.0,https://www.fotmob.com/api/data/teams?id=8256,2026-09-24T14:31:11.690502+00:00,2026-09-24T14:31:11.690502+00:00,"{""id"":78619,""height"":null,""age"":67,""dateOfBirth"":""1959-06-10"",""name"":""Carlo Ancelotti"",""ccode"":""ITA"",""cname"":""Italy"",""role"":{""key"":""coach"",""fallback"":""Coach""},""excludeFromRanking"":true}"
50000578,Bristol Rovers,fotmob,10104,248403,Steve Evans,squad_coach,,,FACT,true,1.0,https://www.fotmob.com/api/data/teams?id=10104,2026-09-24T14:31:11.690502+00:00,2026-09-24T14:31:11.690502+00:00,"{""id"":248403,""height"":null,""age"":63,""dateOfBirth"":""1962-10-30"",""name"":""Steve Evans"",""ccode"":""SCO"",""cname"":""Scotland"",""role"":{""key"":""coach"",""fallback"":""Coach""},""excludeFromRanking"":true}"
50000604,Burton Albion,fotmob,9792,480765,Gary Bowyer,squad_coach,,,FACT,true,1.0,https://www.fotmob.com/api/data/teams?id=9792,2026-09-24T14:31:11.690502+00:00,2026-09-24T14:31:11.690502+00:00,"{""id"":480765,""height"":null,""age"":55,""dateOfBirth"":""1971-06-29"",""name"":""Gary Bowyer"",""ccode"":""ENG"",""cname"":""England"",""role"":{""key"":""coach"",""fallback"":""Coach""},""excludeFromRanking"":true}"
50000630,CF Granada,fotmob,7878,2858,Pacheta,squad_coach,,,FACT,true,1.0,https://www.fotmob.com/api/data/teams?id=7878,2026-09-24T14:31:11.690502+00:00,2026-09-24T14:31:11.690502+00:00,"{""id"":2858,""height"":null,""age"":58,""dateOfBirth"":""1968-03-23"",""name"":""Pacheta"",""ccode"":""ESP"",""cname"":""Spain"",""role"":{""key"":""coach"",""fallback"":""Coach""},""excludeFromRanking"":true}"
50000654,Cambridge Utd,fotmob,9834,23537,Neil Harris,squad_coach,,,FACT,true,1.0,https://www.fotmob.com/api/data/teams?id=9834,2026-09-24T14:31:11.690502+00:00,2026-09-24T14:31:11.690502+00:00,"{""id"":23537,""height"":180,""age"":49,""dateOfBirth"":""1977-07-12"",""name"":""Neil Harris"",""ccode"":""ENG"",""cname"":""England"",""role"":{""key"":""coach"",""fallback"":""Coach""},""excludeFromRanking"":true}"
50000656,Cameroon,fotmob,6629,1867062,David Pagou,squad_coach,,,FACT,true,1.0,https://www.fotmob.com/api/data/teams?id=6629,2026-09-24T14:31:11.690502+00:00,2026-09-24T14:31:11.690502+00:00,"{""id"":1867062,""height"":null,""age"":57,""dateOfBirth"":""1969-01-13"",""name"":""David Pagou"",""ccode"":""CMR"",""cname"":""Cameroon"",""role"":{""key"":""coach"",""fallback"":""Coach""},""excludeFromRanking"":true}"
50000673,Cape Verde Islands,fotmob,5888,2274667,Humberto Bettencourt,squad_coach,,,FACT,true,1.0,https://www.fotmob.com/api/data/teams?id=5888,2026-09-24T14:31:11.690502+00:00,2026-09-24T14:31:11.690502+00:00,"{""id"":2274667,""height"":null,""age"":51,""dateOfBirth"":""1975-04-24"",""name"":""Humberto Bettencourt"",""ccode"":""CPV"",""cname"":""Cape Verde"",""role"":{""key"":""coach"",""fallback"":""Coach""},""excludeFromRanking"":true}"
50000696,Central African Republic,fotmob,230693,26423,Éloge Enza-Yamissi,squad_coach,,,FACT,true,1.0,https://www.fotmob.com/api/data/teams?id=230693,2026-09-24T14:31:11.690502+00:00,2026-09-24T14:31:11.690502+00:00,"{""id"":26423,""height"":175,""age"":43,""dateOfBirth"":""1983-01-23"",""name"":""Éloge Enza-Yamissi"",""ccode"":""CTA"",""cname"":""Central African Rep."",""role"":{""key"":""coach"",""fallback"":""Coach""},""excludeFromRanking"":true}"
50000705,Ceuta,fotmob,357259,1432594,José Juan Romero,squad_coach,,,FACT,true,1.0,https://www.fotmob.com/api/data/teams?id=357259,2026-09-24T14:31:11.690502+00:00,2026-09-24T14:31:11.690502+00:00,"{""id"":1432594,""height"":null,""age"":51,""dateOfBirth"":""1974-11-22"",""name"":""José Juan Romero"",""ccode"":""ESP"",""cname"":""Spain"",""role"":{""key"":""coach"",""fallback"":""Coach""},""excludeFromRanking"":true}"
50000732,Cheltenham,fotmob,8680,302906,Steve Cotterill,squad_coach,,,FACT,true,1.0,https://www.fotmob.com/api/data/teams?id=8680,2026-09-24T14:31:11.690502+00:00,2026-09-24T14:31:11.690502+00:00,"{""id"":302906,""height"":null,""age"":62,""dateOfBirth"":""1964-07-20"",""name"":""Steve Cotterill"",""ccode"":""ENG"",""cname"":""England"",""role"":{""key"":""coach"",""fallback"":""Coach""},""excludeFromRanking"":true}"
50000738,Chesterfield,fotmob,9786,25245,Paul Cook,squad_coach,,,FACT,true,1.0,https://www.fotmob.com/api/data/teams?id=9786,2026-09-24T14:31:11.690502+00:00,2026-09-24T14:31:11.690502+00:00,"{""id"":25245,""height"":null,""age"":59,""dateOfBirth"":""1967-02-22"",""name"":""Paul Cook"",""ccode"":""ENG"",""cname"":""England"",""role"":{""key"":""coach"",""fallback"":""Coach""},""excludeFromRanking"":true}"
50000793,Colchester,fotmob,8416,662587,Danny Cowley,squad_coach,,,FACT,true,1.0,https://www.fotmob.com/api/data/teams?id=8416,2026-09-24T14:31:11.690502+00:00,2026-09-24T14:31:11.690502+00:00,"{""id"":662587,""height"":null,""age"":47,""dateOfBirth"":""1979-02-04"",""name"":""Danny Cowley"",""ccode"":""ENG"",""cname"":""England"",""role"":{""key"":""coach"",""fallback"":""Coach""},""excludeFromRanking"":true}"
50000796,Colo Colo,fotmob,7815,18524,Fernando Ortíz,squad_coach,,,FACT,true,1.0,https://www.fotmob.com/api/data/teams?id=7815,2026-09-24T14:31:11.690502+00:00,2026-09-24T14:31:11.690502+00:00,"{""id"":18524,""height"":183,""age"":48,""dateOfBirth"":""1977-12-25"",""name"":""Fernando Ortíz"",""ccode"":""ARG"",""cname"":""Argentina"",""role"":{""key"":""coach"",""fallback"":""Coach""},""excludeFromRanking"":true}"
50000823,Comoros,fotmob,230692,192140,Hubert Velud,squad_coach,,,FACT,true,1.0,https://www.fotmob.com/api/data/teams?id=230692,2026-09-24T14:31:11.690502+00:00,2026-09-24T14:31:11.690502+00:00,"{""id"":192140,""height"":179,""age"":67,""dateOfBirth"":""1959-06-08"",""name"":""Hubert Velud"",""ccode"":""FRA"",""cname"":""France"",""role"":{""key"":""coach"",""fallback"":""Coach""},""excludeFromRanking"":true}"
50000847,Costa Rica,fotmob,6705,1278951,Fernando Batista,squad_coach,,,FACT,true,1.0,https://www.fotmob.com/api/data/teams?id=6705,2026-09-24T14:31:11.690502+00:00,2026-09-24T14:31:11.690502+00:00,"{""id"":1278951,""height"":null,""age"":56,""dateOfBirth"":""1970-08-20"",""name"":""Fernando Batista"",""ccode"":""ARG"",""cname"":""Argentina"",""role"":{""key"":""coach"",""fallback"":""Coach""},""excludeFromRanking"":true}"
50000912,Curacao,fotmob,287981,78614,Dick Advocaat,squad_coach,,,FACT,true,1.0,https://www.fotmob.com/api/data/teams?id=287981,2026-09-24T14:31:11.690502+00:00,2026-09-24T14:31:11.690502+00:00,"{""id"":78614,""height"":null,""age"":78,""dateOfBirth"":""1947-09-27"",""name"":""Dick Advocaat"",""ccode"":""NED"",""cname"":""Netherlands"",""role"":{""key"":""coach"",""fallback"":""Coach""},""excludeFromRanking"":true}"
50000915,Cyprus,fotmob,5793,369325,Apostolos Mantzios,squad_coach,,,FACT,true,1.0,https://www.fotmob.com/api/data/teams?id=5793,2026-09-24T14:31:11.690502+00:00,2026-09-24T14:31:11.690502+00:00,"{""id"":369325,""height"":null,""age"":56,""dateOfBirth"":""1969-10-21"",""name"":""Apostolos Mantzios"",""ccode"":""GRE"",""cname"":""Greece"",""role"":{""key"":""coach"",""fallback"":""Coach""},""excludeFromRanking"":true}"
50000923,D R Congo,fotmob,6321,535886,Sébastien Desabre,squad_coach,,,FACT,true,1.0,https://www.fotmob.com/api/data/teams?id=6321,2026-09-24T14:31:11.690502+00:00,2026-09-24T14:31:11.690502+00:00,"{""id"":535886,""height"":null,""age"":50,""dateOfBirth"":""1976-08-02"",""name"":""Sébastien Desabre"",""ccode"":""FRA"",""cname"":""France"",""role"":{""key"":""coach"",""fallback"":""Coach""},""excludeFromRanking"":true}"
50000950,Denmark,fotmob,8238,1426106,Brian Riemer,squad_coach,,,FACT,true,1.0,https://www.fotmob.com/api/data/teams?id=8238,2026-09-24T14:31:11.690502+00:00,2026-09-24T14:31:11.690502+00:00,"{""id"":1426106,""height"":null,""age"":48,""dateOfBirth"":""1978-09-22"",""name"":""Brian Riemer"",""ccode"":""DEN"",""cname"":""Denmark"",""role"":{""key"":""coach"",""fallback"":""Coach""},""excludeFromRanking"":true}"
50001004,Dordrecht,fotmob,6631,1599284,Paul Nuijten,squad_coach,,,FACT,true,1.0,https://www.fotmob.com/api/data/teams?id=6631,2026-09-24T14:31:11.690502+00:00,2026-09-24T14:31:11.690502+00:00,"{""id"":1599284,""height"":null,""age"":33,""dateOfBirth"":""1992-12-31"",""name"":""Paul Nuijten"",""ccode"":""NED"",""cname"":""Netherlands"",""role"":{""key"":""coach"",""fallback"":""Coach""},""excludeFromRanking"":true}"
50001051,Egypt,fotmob,10255,505814,Hossam Hassan,squad_coach,,,FACT,true,1.0,https://www.fotmob.com/api/data/teams?id=10255,2026-09-24T14:31:11.690502+00:00,2026-09-24T14:31:11.690502+00:00,"{""id"":505814,""height"":178,""age"":60,""dateOfBirth"":""1966-08-10"",""name"":""Hossam Hassan"",""ccode"":""EGY"",""cname"":""Egypt"",""role"":{""key"":""coach"",""fallback"":""Coach""},""excludeFromRanking"":true}"
50001110,Equatorial Guinea,fotmob,8323,1238750,Juan Michá,squad_coach,,,FACT,true,1.0,https://www.fotmob.com/api/data/teams?id=8323,2026-09-24T14:31:11.690502+00:00,2026-09-24T14:31:11.690502+00:00,"{""id"":1238750,""height"":null,""age"":51,""dateOfBirth"":""1975-07-28"",""name"":""Juan Michá"",""ccode"":""EQG"",""cname"":""Equatorial Guinea"",""role"":{""key"":""coach"",""fallback"":""Coach""},""excludeFromRanking"":true}"
50001139,Everton VM,fotmob,1890,18392,Walter Ribonetto,squad_coach,,,FACT,true,1.0,https://www.fotmob.com/api/data/teams?id=1890,2026-09-24T14:31:11.690502+00:00,2026-09-24T14:31:11.690502+00:00,"{""id"":18392,""height"":180,""age"":52,""dateOfBirth"":""1974-07-06"",""name"":""Walter Ribonetto"",""ccode"":""ARG"",""cname"":""Argentina"",""role"":{""key"":""coach"",""fallback"":""Coach""},""excludeFromRanking"":true}"
50001142,Exeter City,fotmob,9833,95495,Matt Taylor,squad_coach,,,FACT,true,1.0,https://www.fotmob.com/api/data/teams?id=9833,2026-09-24T14:31:11.690502+00:00,2026-09-24T14:31:11.690502+00:00,"{""id"":95495,""height"":183,""age"":44,""dateOfBirth"":""1982-01-30"",""name"":""Matt Taylor"",""ccode"":""ENG"",""cname"":""England"",""role"":{""key"":""coach"",""fallback"":""Coach""},""excludeFromRanking"":true}"
50001144,FC Andorra,fotmob,494050,1863760,Carles Manso,squad_coach,,,FACT,true,1.0,https://www.fotmob.com/api/data/teams?id=494050,2026-09-24T14:31:11.690502+00:00,2026-09-24T14:31:11.690502+00:00,"{""id"":1863760,""height"":null,""age"":34,""dateOfBirth"":""1992-05-11"",""name"":""Carles Manso"",""ccode"":""ESP"",""cname"":""Spain"",""role"":{""key"":""coach"",""fallback"":""Coach""},""excludeFromRanking"":true}"
50001193,FC Tulsa,fotmob,614325,837857,Luke Spencer,squad_coach,,,FACT,true,1.0,https://www.fotmob.com/api/data/teams?id=614325,2026-09-24T14:31:11.690502+00:00,2026-09-24T14:31:11.690502+00:00,"{""id"":837857,""height"":188,""age"":35,""dateOfBirth"":""1990-11-28"",""name"":""Luke Spencer"",""ccode"":""USA"",""cname"":""USA"",""role"":{""key"":""coach"",""fallback"":""Coach""},""excludeFromRanking"":true}"
50001248,Fleetwood,fotmob,45723,112162,Matt Lawlor,squad_coach,,,FACT,true,1.0,https://www.fotmob.com/api/data/teams?id=45723,2026-09-24T14:31:11.690502+00:00,2026-09-24T14:31:11.690502+00:00,"{""id"":112162,""height"":null,""age"":38,""dateOfBirth"":""1988-08-20"",""name"":""Matt Lawlor"",""ccode"":""ENG"",""cname"":""England"",""role"":{""key"":""coach"",""fallback"":""Coach""},""excludeFromRanking"":true}"
50001268,France,fotmob,6723,38422,Zinédine Zidane,squad_coach,,,FACT,true,1.0,https://www.fotmob.com/api/data/teams?id=6723,2026-09-24T14:31:11.690502+00:00,2026-09-24T14:31:11.690502+00:00,"{""id"":38422,""height"":null,""age"":54,""dateOfBirth"":""1972-06-23"",""name"":""Zinédine Zidane"",""ccode"":""FRA"",""cname"":""France"",""role"":{""key"":""coach"",""fallback"":""Coach""},""excludeFromRanking"":true}"
50001326,Gabon,fotmob,5889,878257,Sébastien Migné,squad_coach,,,FACT,true,1.0,https://www.fotmob.com/api/data/teams?id=5889,2026-09-24T14:31:11.690502+00:00,2026-09-24T14:31:11.690502+00:00,"{""id"":878257,""height"":null,""age"":53,""dateOfBirth"":""1972-11-30"",""name"":""Sébastien Migné"",""ccode"":""FRA"",""cname"":""France"",""role"":{""key"":""coach"",""fallback"":""Coach""},""excludeFromRanking"":true}"
50001354,Georgia,fotmob,8268,30644,Willy Sagnol,squad_coach,,,FACT,true,1.0,https://www.fotmob.com/api/data/teams?id=8268,2026-09-24T14:31:11.690502+00:00,2026-09-24T14:31:11.690502+00:00,"{""id"":30644,""height"":182,""age"":49,""dateOfBirth"":""1977-03-18"",""name"":""Willy Sagnol"",""ccode"":""FRA"",""cname"":""France"",""role"":{""key"":""coach"",""fallback"":""Coach""},""excludeFromRanking"":true}"
50001357,Germany,fotmob,8570,78660,Jürgen Klopp,squad_coach,,,FACT,true,1.0,https://www.fotmob.com/api/data/teams?id=8570,2026-09-24T14:31:11.690502+00:00,2026-09-24T14:31:11.690502+00:00,"{""id"":78660,""height"":null,""age"":59,""dateOfBirth"":""1967-06-16"",""name"":""Jürgen Klopp"",""ccode"":""GER"",""cname"":""Germany"",""role"":{""key"":""coach"",""fallback"":""Coach""},""excludeFromRanking"":true}"
50001419,Gillingham,fotmob,10173,23208,Gareth Ainsworth,squad_coach,,,FACT,true,1.0,https://www.fotmob.com/api/data/teams?id=10173,2026-09-24T14:31:11.690502+00:00,2026-09-24T14:31:11.690502+00:00,"{""id"":23208,""height"":178,""age"":53,""dateOfBirth"":""1973-05-10"",""name"":""Gareth Ainsworth"",""ccode"":""ENG"",""cname"":""England"",""role"":{""key"":""coach"",""fallback"":""Coach""},""excludeFromRanking"":true}"
50001424,Girona,fotmob,7732,38464,Quique Alvarez,squad_coach,,,FACT,true,1.0,https://www.fotmob.com/api/data/teams?id=7732,2026-09-24T14:31:11.690502+00:00,2026-09-24T14:31:11.690502+00:00,"{""id"":38464,""height"":180,""age"":51,""dateOfBirth"":""1975-07-20"",""name"":""Quique Alvarez"",""ccode"":""ESP"",""cname"":""Spain"",""role"":{""key"":""coach"",""fallback"":""Coach""},""excludeFromRanking"":true}"
50001451,Greece,fotmob,6383,181507,Ivan Jovanović,squad_coach,,,FACT,true,1.0,https://www.fotmob.com/api/data/teams?id=6383,2026-09-24T14:31:11.690502+00:00,2026-09-24T14:31:11.690502+00:00,"{""id"":181507,""height"":null,""age"":64,""dateOfBirth"":""1962-07-08"",""name"":""Ivan Jovanović"",""ccode"":""SRB"",""cname"":""Serbia"",""role"":{""key"":""coach"",""fallback"":""Coach""},""excludeFromRanking"":true}"
50001462,Grimsby,fotmob,10005,24309,David Artell,squad_coach,,,FACT,true,1.0,https://www.fotmob.com/api/data/teams?id=10005,2026-09-24T14:31:11.690502+00:00,2026-09-24T14:31:11.690502+00:00,"{""id"":24309,""height"":188,""age"":45,""dateOfBirth"":""1980-11-22"",""name"":""David Artell"",""ccode"":""GIB"",""cname"":""Gibraltar"",""role"":{""key"":""coach"",""fallback"":""Coach""},""excludeFromRanking"":true}"
50001484,Guinea Bissau,fotmob,230700,1826541,Emiliano Te,squad_coach,,,FACT,true,1.0,https://www.fotmob.com/api/data/teams?id=230700,2026-09-24T14:31:11.690502+00:00,2026-09-24T14:31:11.690502+00:00,"{""id"":1826541,""height"":null,""age"":0,""dateOfBirth"":null,""name"":""Emiliano Te"",""ccode"":""GNB"",""cname"":""Guinea-Bissau"",""role"":{""key"":""coach"",""fallback"":""Coach""},""excludeFromRanking"":true}"
50001536,Heracles,fotmob,9791,1353039,Vincent Heilmann,squad_coach,,,FACT,true,1.0,https://www.fotmob.com/api/data/teams?id=9791,2026-09-24T14:31:11.690502+00:00,2026-09-24T14:31:11.690502+00:00,"{""id"":1353039,""height"":null,""age"":29,""dateOfBirth"":""1997-02-24"",""name"":""Vincent Heilmann"",""ccode"":""GER"",""cname"":""Germany"",""role"":{""key"":""coach"",""fallback"":""Coach""},""excludeFromRanking"":true}"
50001573,Hungary,fotmob,8565,385164,Marco Rossi,squad_coach,,,FACT,true,1.0,https://www.fotmob.com/api/data/teams?id=8565,2026-09-24T14:31:11.690502+00:00,2026-09-24T14:31:11.690502+00:00,"{""id"":385164,""height"":null,""age"":62,""dateOfBirth"":""1964-09-09"",""name"":""Marco Rossi"",""ccode"":""ITA"",""cname"":""Italy"",""role"":{""key"":""coach"",""fallback"":""Coach""},""excludeFromRanking"":true}"
50001601,Indonesia,fotmob,6324,325881,John Herdman,squad_coach,,,FACT,true,1.0,https://www.fotmob.com/api/data/teams?id=6324,2026-09-24T14:31:11.690502+00:00,2026-09-24T14:31:11.690502+00:00,"{""id"":325881,""height"":null,""age"":51,""dateOfBirth"":""1975-07-19"",""name"":""John Herdman"",""ccode"":""ENG"",""cname"":""England"",""role"":{""key"":""coach"",""fallback"":""Coach""},""excludeFromRanking"":true}"
50001650,Israel,fotmob,8567,762686,Ran Ben Shimon,squad_coach,,,FACT,true,1.0,https://www.fotmob.com/api/data/teams?id=8567,2026-09-24T14:31:11.690502+00:00,2026-09-24T14:31:11.690502+00:00,"{""id"":762686,""height"":null,""age"":55,""dateOfBirth"":""1970-11-28"",""name"":""Ran Ben Shimon"",""ccode"":""ISR"",""cname"":""Israel"",""role"":{""key"":""coach"",""fallback"":""Coach""},""excludeFromRanking"":true}"
50001655,Italy,fotmob,8204,78702,Roberto Mancini,squad_coach,,,FACT,true,1.0,https://www.fotmob.com/api/data/teams?id=8204,2026-09-24T14:31:11.690502+00:00,2026-09-24T14:31:11.690502+00:00,"{""id"":78702,""height"":null,""age"":61,""dateOfBirth"":""1964-11-27"",""name"":""Roberto Mancini"",""ccode"":""ITA"",""cname"":""Italy"",""role"":{""key"":""coach"",""fallback"":""Coach""},""excludeFromRanking"":true}"
50001685,Japan AM,fotmob,298067,20026,Go Oiwa,squad_coach,,,FACT,true,1.0,https://www.fotmob.com/api/data/teams?id=298067,2026-09-24T14:31:11.690502+00:00,2026-09-24T14:31:11.690502+00:00,"{""id"":20026,""height"":180,""age"":54,""dateOfBirth"":""1972-06-23"",""name"":""Go Oiwa"",""ccode"":""JPN"",""cname"":""Japan"",""role"":{""key"":""coach"",""fallback"":""Coach""},""excludeFromRanking"":true}"
50001809,Korea Republic AM,fotmob,300702,29427,Lee Min-Sung,squad_coach,,,FACT,true,1.0,https://www.fotmob.com/api/data/teams?id=300702,2026-09-24T14:31:11.690502+00:00,2026-09-24T14:31:11.690502+00:00,"{""id"":29427,""height"":183,""age"":53,""dateOfBirth"":""1973-06-23"",""name"":""Lee Min-Sung"",""ccode"":""KOR"",""cname"":""Korea Republic"",""role"":{""key"":""coach"",""fallback"":""Coach""},""excludeFromRanking"":true}"
50001873,Latvia,fotmob,5795,1240386,Paolo Nicolato,squad_coach,,,FACT,true,1.0,https://www.fotmob.com/api/data/teams?id=5795,2026-09-24T14:31:11.690502+00:00,2026-09-24T14:31:11.690502+00:00,"{""id"":1240386,""height"":null,""age"":59,""dateOfBirth"":""1966-12-21"",""name"":""Paolo Nicolato"",""ccode"":""ITA"",""cname"":""Italy"",""role"":{""key"":""coach"",""fallback"":""Coach""},""excludeFromRanking"":true}"
50001907,Libya,fotmob,6328,1232648,Youssouph Dabo,squad_coach,,,FACT,true,1.0,https://www.fotmob.com/api/data/teams?id=6328,2026-09-24T14:31:11.690502+00:00,2026-09-24T14:31:11.690502+00:00,"{""id"":1232648,""height"":null,""age"":46,""dateOfBirth"":""1979-11-11"",""name"":""Youssouph Dabo"",""ccode"":""SEN"",""cname"":""Senegal"",""role"":{""key"":""coach"",""fallback"":""Coach""},""excludeFromRanking"":true}"
50001909,Liechtenstein,fotmob,5799,1493037,Konrad Fünfstück,squad_coach,,,FACT,true,1.0,https://www.fotmob.com/api/data/teams?id=5799,2026-09-24T14:31:11.690502+00:00,2026-09-24T14:31:11.690502+00:00,"{""id"":1493037,""height"":null,""age"":45,""dateOfBirth"":""1980-10-07"",""name"":""Konrad Fünfstück"",""ccode"":""GER"",""cname"":""Germany"",""role"":{""key"":""coach"",""fallback"":""Coach""},""excludeFromRanking"":true}"
50001926,Lithuania,fotmob,8254,32565,Edgaras Jankauskas,squad_coach,,,FACT,true,1.0,https://www.fotmob.com/api/data/teams?id=8254,2026-09-24T14:31:11.690502+00:00,2026-09-24T14:31:11.690502+00:00,"{""id"":32565,""height"":193,""age"":51,""dateOfBirth"":""1975-03-12"",""name"":""Edgaras Jankauskas"",""ccode"":""LTU"",""cname"":""Lithuania"",""role"":{""key"":""coach"",""fallback"":""Coach""},""excludeFromRanking"":true}"
50001955,Londrina,fotmob,298660,643692,Rogério Micale,squad_coach,,,FACT,true,1.0,https://www.fotmob.com/api/data/teams?id=298660,2026-09-24T14:31:11.690502+00:00,2026-09-24T14:31:11.690502+00:00,"{""id"":643692,""height"":null,""age"":57,""dateOfBirth"":""1969-03-28"",""name"":""Rogério Micale"",""ccode"":""BRA"",""cname"":""Brazil"",""role"":{""key"":""coach"",""fallback"":""Coach""},""excludeFromRanking"":true}"
50001959,Louisville City,fotmob,614316,1944737,Simon Bird,squad_coach,,,FACT,true,1.0,https://www.fotmob.com/api/data/teams?id=614316,2026-09-24T14:31:11.690502+00:00,2026-09-24T14:31:11.690502+00:00,"{""id"":1944737,""height"":null,""age"":0,""dateOfBirth"":null,""name"":""Simon Bird"",""ccode"":""ENG"",""cname"":""England"",""role"":{""key"":""coach"",""fallback"":""Coach""},""excludeFromRanking"":true}"
50001993,Madagascar,fotmob,5809,2923,Corentin Martins,squad_coach,,,FACT,true,1.0,https://www.fotmob.com/api/data/teams?id=5809,2026-09-24T14:31:11.690502+00:00,2026-09-24T14:31:11.690502+00:00,"{""id"":2923,""height"":172,""age"":57,""dateOfBirth"":""1969-07-11"",""name"":""Corentin Martins"",""ccode"":""FRA"",""cname"":""France"",""role"":{""key"":""coach"",""fallback"":""Coach""},""excludeFromRanking"":true}"
50002004,Malawi,fotmob,6020,819739,Callisto Pasuwa,squad_coach,,,FACT,true,1.0,https://www.fotmob.com/api/data/teams?id=6020,2026-09-24T14:31:11.690502+00:00,2026-09-24T14:31:11.690502+00:00,"{""id"":819739,""height"":null,""age"":56,""dateOfBirth"":""1970-06-20"",""name"":""Callisto Pasuwa"",""ccode"":""ZIM"",""cname"":""Zimbabwe"",""role"":{""key"":""coach"",""fallback"":""Coach""},""excludeFromRanking"":true}"
50002005,Malaysia,fotmob,5823,919708,Tan Cheng Hoe,squad_coach,,,FACT,true,1.0,https://www.fotmob.com/api/data/teams?id=5823,2026-09-24T14:31:11.690502+00:00,2026-09-24T14:31:11.690502+00:00,"{""id"":919708,""height"":null,""age"":58,""dateOfBirth"":""1968-05-30"",""name"":""Tan Cheng Hoe"",""ccode"":""MAS"",""cname"":""Malaysia"",""role"":{""key"":""coach"",""fallback"":""Coach""},""excludeFromRanking"":true}"
50002012,Mali,fotmob,5815,22128,Tony,squad_coach,,,FACT,true,1.0,https://www.fotmob.com/api/data/teams?id=5815,2026-09-24T14:31:11.690502+00:00,2026-09-24T14:31:11.690502+00:00,"{""id"":22128,""height"":174,""age"":45,""dateOfBirth"":""1980-12-20"",""name"":""Tony"",""ccode"":""POR"",""cname"":""Portugal"",""role"":{""key"":""coach"",""fallback"":""Coach""},""excludeFromRanking"":true}"
50002063,Mauritania,fotmob,68374,75331,Aritz López,squad_coach,,,FACT,true,1.0,https://www.fotmob.com/api/data/teams?id=68374,2026-09-24T14:31:11.690502+00:00,2026-09-24T14:31:11.690502+00:00,"{""id"":75331,""height"":182,""age"":45,""dateOfBirth"":""1980-11-06"",""name"":""Aritz López"",""ccode"":""ESP"",""cname"":""Spain"",""role"":{""key"":""coach"",""fallback"":""Coach""},""excludeFromRanking"":true}"
50002150,Montenegro,fotmob,49437,38717,Mirko Vučinić,squad_coach,,,FACT,true,1.0,https://www.fotmob.com/api/data/teams?id=49437,2026-09-24T14:31:11.690502+00:00,2026-09-24T14:31:11.690502+00:00,"{""id"":38717,""height"":186,""age"":42,""dateOfBirth"":""1983-10-01"",""name"":""Mirko Vučinić"",""ccode"":""MNE"",""cname"":""Montenegro"",""role"":{""key"":""coach"",""fallback"":""Coach""},""excludeFromRanking"":true}"
50002152,Monterrey,fotmob,7849,30538,Matías Almeyda,squad_coach,,,FACT,true,1.0,https://www.fotmob.com/api/data/teams?id=7849,2026-09-24T14:31:11.690502+00:00,2026-09-24T14:31:11.690502+00:00,"{""id"":30538,""height"":177,""age"":52,""dateOfBirth"":""1973-12-21"",""name"":""Matías Almeyda"",""ccode"":""ARG"",""cname"":""Argentina"",""role"":{""key"":""coach"",""fallback"":""Coach""},""excludeFromRanking"":true}"
50002168,Morocco,fotmob,6262,1816954,Mohamed Ouahbi,squad_coach,,,FACT,true,1.0,https://www.fotmob.com/api/data/teams?id=6262,2026-09-24T14:31:11.690502+00:00,2026-09-24T14:31:11.690502+00:00,"{""id"":1816954,""height"":null,""age"":50,""dateOfBirth"":""1976-09-07"",""name"":""Mohamed Ouahbi"",""ccode"":""BEL"",""cname"":""Belgium"",""role"":{""key"":""coach"",""fallback"":""Coach""},""excludeFromRanking"":true}"
50002222,Netherlands,fotmob,6708,39854,Xavi Hernández,squad_coach,,,FACT,true,1.0,https://www.fotmob.com/api/data/teams?id=6708,2026-09-24T14:31:11.690502+00:00,2026-09-24T14:31:11.690502+00:00,"{""id"":39854,""height"":170,""age"":46,""dateOfBirth"":""1980-01-25"",""name"":""Xavi Hernández"",""ccode"":""ESP"",""cname"":""Spain"",""role"":{""key"":""coach"",""fallback"":""Coach""},""excludeFromRanking"":true}"
50002256,Newport County,fotmob,10262,24747,Hayden Mullins,squad_coach,,,FACT,true,1.0,https://www.fotmob.com/api/data/teams?id=10262,2026-09-24T14:31:11.690502+00:00,2026-09-24T14:31:11.690502+00:00,"{""id"":24747,""height"":180,""age"":47,""dateOfBirth"":""1979-03-27"",""name"":""Hayden Mullins"",""ccode"":""ENG"",""cname"":""England"",""role"":{""key"":""coach"",""fallback"":""Coach""},""excludeFromRanking"":true}"
50002258,Nicaragua,fotmob,5807,424307,Marco Antonio Figueroa,squad_coach,,,FACT,true,1.0,https://www.fotmob.com/api/data/teams?id=5807,2026-09-24T14:31:11.690502+00:00,2026-09-24T14:31:11.690502+00:00,"{""id"":424307,""height"":null,""age"":64,""dateOfBirth"":""1962-02-21"",""name"":""Marco Antonio Figueroa"",""ccode"":""CHI"",""cname"":""Chile"",""role"":{""key"":""coach"",""fallback"":""Coach""},""excludeFromRanking"":true}"
50002260,Niger,fotmob,121281,738043,Nabil Neghiz,squad_coach,,,FACT,true,1.0,https://www.fotmob.com/api/data/teams?id=121281,2026-09-24T14:31:11.690502+00:00,2026-09-24T14:31:11.690502+00:00,"{""id"":738043,""height"":null,""age"":58,""dateOfBirth"":""1967-09-25"",""name"":""Nabil Neghiz"",""ccode"":""ALG"",""cname"":""Algeria"",""role"":{""key"":""coach"",""fallback"":""Coach""},""excludeFromRanking"":true}"
50002261,Nigeria,fotmob,6346,41312,Éric Chelle,squad_coach,,,FACT,true,1.0,https://www.fotmob.com/api/data/teams?id=6346,2026-09-24T14:31:11.690502+00:00,2026-09-24T14:31:11.690502+00:00,"{""id"":41312,""height"":175,""age"":48,""dateOfBirth"":""1977-11-11"",""name"":""Éric Chelle"",""ccode"":""FRA"",""cname"":""France"",""role"":{""key"":""coach"",""fallback"":""Coach""},""excludeFromRanking"":true}"
50002291,Northern Ireland,fotmob,10259,191542,Michael O'Neill,squad_coach,,,FACT,true,1.0,https://www.fotmob.com/api/data/teams?id=10259,2026-09-24T14:31:11.690502+00:00,2026-09-24T14:31:11.690502+00:00,"{""id"":191542,""height"":null,""age"":57,""dateOfBirth"":""1969-07-05"",""name"":""Michael O'Neill"",""ccode"":""NIR"",""cname"":""Northern Ireland"",""role"":{""key"":""coach"",""fallback"":""Coach""},""excludeFromRanking"":true}"
50002295,Norway,fotmob,8492,78638,Ståle Solbakken,squad_coach,,,FACT,true,1.0,https://www.fotmob.com/api/data/teams?id=8492,2026-09-24T14:31:11.690502+00:00,2026-09-24T14:31:11.690502+00:00,"{""id"":78638,""height"":null,""age"":58,""dateOfBirth"":""1968-02-27"",""name"":""Ståle Solbakken"",""ccode"":""NOR"",""cname"":""Norway"",""role"":{""key"":""coach"",""fallback"":""Coach""},""excludeFromRanking"":true}"
50002305,Novorizontino,fotmob,581838,449836,Enderson Moreira,squad_coach,,,FACT,true,1.0,https://www.fotmob.com/api/data/teams?id=581838,2026-09-24T14:31:11.690502+00:00,2026-09-24T14:31:11.690502+00:00,"{""id"":449836,""height"":null,""age"":54,""dateOfBirth"":""1971-09-28"",""name"":""Enderson Moreira"",""ccode"":""BRA"",""cname"":""Brazil"",""role"":{""key"":""coach"",""fallback"":""Coach""},""excludeFromRanking"":true}"
50002311,O'Higgins,fotmob,6296,52228,Lucas Bovaglio,squad_coach,,,FACT,true,1.0,https://www.fotmob.com/api/data/teams?id=6296,2026-09-24T14:31:11.690502+00:00,2026-09-24T14:31:11.690502+00:00,"{""id"":52228,""height"":183,""age"":47,""dateOfBirth"":""1979-04-19"",""name"":""Lucas Bovaglio"",""ccode"":""ARG"",""cname"":""Argentina"",""role"":{""key"":""coach"",""fallback"":""Coach""},""excludeFromRanking"":true}"
50002398,Panama,fotmob,5922,36053,Thomas Christiansen,squad_coach,,,FACT,true,1.0,https://www.fotmob.com/api/data/teams?id=5922,2026-09-24T14:31:11.690502+00:00,2026-09-24T14:31:11.690502+00:00,"{""id"":36053,""height"":null,""age"":53,""dateOfBirth"":""1973-03-11"",""name"":""Thomas Christiansen"",""ccode"":""ESP"",""cname"":""Spain"",""role"":{""key"":""coach"",""fallback"":""Coach""},""excludeFromRanking"":true}"
50002449,Peterborough,fotmob,8677,23597,Ryan Harley,squad_coach,,,FACT,true,1.0,https://www.fotmob.com/api/data/teams?id=8677,2026-09-24T14:31:11.690502+00:00,2026-09-24T14:31:11.690502+00:00,"{""id"":23597,""height"":175,""age"":41,""dateOfBirth"":""1985-01-22"",""name"":""Ryan Harley"",""ccode"":""ENG"",""cname"":""England"",""role"":{""key"":""coach"",""fallback"":""Coach""},""excludeFromRanking"":true}"
50002466,Plymouth,fotmob,8401,160713,Tom Cleverley,squad_coach,,,FACT,true,1.0,https://www.fotmob.com/api/data/teams?id=8401,2026-09-24T14:31:11.690502+00:00,2026-09-24T14:31:11.690502+00:00,"{""id"":160713,""height"":175,""age"":37,""dateOfBirth"":""1989-08-12"",""name"":""Tom Cleverley"",""ccode"":""ENG"",""cname"":""England"",""role"":{""key"":""coach"",""fallback"":""Coach""},""excludeFromRanking"":true}"
50002470,Poland,fotmob,8568,178511,Jan Urban,squad_coach,,,FACT,true,1.0,https://www.fotmob.com/api/data/teams?id=8568,2026-09-24T14:31:11.690502+00:00,2026-09-24T14:31:11.690502+00:00,"{""id"":178511,""height"":null,""age"":64,""dateOfBirth"":""1962-05-14"",""name"":""Jan Urban"",""ccode"":""POL"",""cname"":""Poland"",""role"":{""key"":""coach"",""fallback"":""Coach""},""excludeFromRanking"":true}"
50002502,Portugal,fotmob,8361,159073,Jorge Jesus,squad_coach,,,FACT,true,1.0,https://www.fotmob.com/api/data/teams?id=8361,2026-09-24T14:31:11.690502+00:00,2026-09-24T14:31:11.690502+00:00,"{""id"":159073,""height"":null,""age"":72,""dateOfBirth"":""1954-07-24"",""name"":""Jorge Jesus"",""ccode"":""POR"",""cname"":""Portugal"",""role"":{""key"":""coach"",""fallback"":""Coach""},""excludeFromRanking"":true}"
50002546,Qatar,fotmob,5902,396454,Julen Lopetegui,squad_coach,,,FACT,true,1.0,https://www.fotmob.com/api/data/teams?id=5902,2026-09-24T14:31:11.690502+00:00,2026-09-24T14:31:11.690502+00:00,"{""id"":396454,""height"":185,""age"":60,""dateOfBirth"":""1966-08-28"",""name"":""Julen Lopetegui"",""ccode"":""ESP"",""cname"":""Spain"",""role"":{""key"":""coach"",""fallback"":""Coach""},""excludeFromRanking"":true}"
50002611,Real Sociedad B,fotmob,161744,33959,Ion Ansotegui,squad_coach,,,FACT,true,1.0,https://www.fotmob.com/api/data/teams?id=161744,2026-09-24T14:31:11.690502+00:00,2026-09-24T14:31:11.690502+00:00,"{""id"":33959,""height"":182,""age"":44,""dateOfBirth"":""1982-07-13"",""name"":""Ion Ansotegui"",""ccode"":""ESP"",""cname"":""Spain"",""role"":{""key"":""coach"",""fallback"":""Coach""},""excludeFromRanking"":true}"
50002641,Rochdale,fotmob,8493,806981,Ian Watson,squad_coach,,,FACT,true,1.0,https://www.fotmob.com/api/data/teams?id=8493,2026-09-24T14:31:11.690502+00:00,2026-09-24T14:31:11.690502+00:00,"{""id"":806981,""height"":null,""age"":40,""dateOfBirth"":""1985-12-30"",""name"":""Ian Watson"",""ccode"":""ENG"",""cname"":""England"",""role"":{""key"":""coach"",""fallback"":""Coach""},""excludeFromRanking"":true}"
50002649,Romania,fotmob,9730,101591,Gheorghe Hagi,squad_coach,,,FACT,true,1.0,https://www.fotmob.com/api/data/teams?id=9730,2026-09-24T14:31:11.690502+00:00,2026-09-24T14:31:11.690502+00:00,"{""id"":101591,""height"":null,""age"":61,""dateOfBirth"":""1965-02-05"",""name"":""Gheorghe Hagi"",""ccode"":""ROU"",""cname"":""Romania"",""role"":{""key"":""coach"",""fallback"":""Coach""},""excludeFromRanking"":true}"
50002660,Rotherham,fotmob,8119,35480,Alex Bruce,squad_coach,,,FACT,true,1.0,https://www.fotmob.com/api/data/teams?id=8119,2026-09-24T14:31:11.690502+00:00,2026-09-24T14:31:11.690502+00:00,"{""id"":35480,""height"":180,""age"":41,""dateOfBirth"":""1984-09-28"",""name"":""Alex Bruce"",""ccode"":""NIR"",""cname"":""Northern Ireland"",""role"":{""key"":""coach"",""fallback"":""Coach""},""excludeFromRanking"":true}"
50002743,Sao Bernardo,fotmob,231931,1460518,Ricardo Catalá,squad_coach,,,FACT,true,1.0,https://www.fotmob.com/api/data/teams?id=231931,2026-09-24T14:31:11.690502+00:00,2026-09-24T14:31:11.690502+00:00,"{""id"":1460518,""height"":null,""age"":44,""dateOfBirth"":""1982-04-28"",""name"":""Ricardo Catalá"",""ccode"":""BRA"",""cname"":""Brazil"",""role"":{""key"":""coach"",""fallback"":""Coach""},""excludeFromRanking"":true}"
50002755,Saudi Arabia AM,fotmob,610874,41639,Luigi Di Biagio,squad_coach,,,FACT,true,1.0,https://www.fotmob.com/api/data/teams?id=610874,2026-09-24T14:31:11.690502+00:00,2026-09-24T14:31:11.690502+00:00,"{""id"":41639,""height"":175,""age"":55,""dateOfBirth"":""1971-06-03"",""name"":""Luigi Di Biagio"",""ccode"":""ITA"",""cname"":""Italy"",""role"":{""key"":""coach"",""fallback"":""Coach""},""excludeFromRanking"":true}"
50002769,Scotland,fotmob,8498,38795,Sébastien Pocognoli,squad_coach,,,FACT,true,1.0,https://www.fotmob.com/api/data/teams?id=8498,2026-09-24T14:31:11.690502+00:00,2026-09-24T14:31:11.690502+00:00,"{""id"":38795,""height"":182,""age"":39,""dateOfBirth"":""1987-08-01"",""name"":""Sébastien Pocognoli"",""ccode"":""BEL"",""cname"":""Belgium"",""role"":{""key"":""coach"",""fallback"":""Coach""},""excludeFromRanking"":true}"
50002777,Senegal,fotmob,6395,34942,Patrick Vieira,squad_coach,,,FACT,true,1.0,https://www.fotmob.com/api/data/teams?id=6395,2026-09-24T14:31:11.690502+00:00,2026-09-24T14:31:11.690502+00:00,"{""id"":34942,""height"":193,""age"":50,""dateOfBirth"":""1976-06-23"",""name"":""Patrick Vieira"",""ccode"":""FRA"",""cname"":""France"",""role"":{""key"":""coach"",""fallback"":""Coach""},""excludeFromRanking"":true}"
50002798,Serbia,fotmob,8205,30568,Veljko Paunović,squad_coach,,,FACT,true,1.0,https://www.fotmob.com/api/data/teams?id=8205,2026-09-24T14:31:11.690502+00:00,2026-09-24T14:31:11.690502+00:00,"{""id"":30568,""height"":183,""age"":49,""dateOfBirth"":""1977-08-21"",""name"":""Veljko Paunović"",""ccode"":""SRB"",""cname"":""Serbia"",""role"":{""key"":""coach"",""fallback"":""Coach""},""excludeFromRanking"":true}"
50002829,Shrewsbury,fotmob,9896,35904,Gavin Cowan,squad_coach,,,FACT,true,1.0,https://www.fotmob.com/api/data/teams?id=9896,2026-09-24T14:31:11.690502+00:00,2026-09-24T14:31:11.690502+00:00,"{""id"":35904,""height"":193,""age"":45,""dateOfBirth"":""1981-05-24"",""name"":""Gavin Cowan"",""ccode"":""ENG"",""cname"":""England"",""role"":{""key"":""coach"",""fallback"":""Coach""},""excludeFromRanking"":true}"
50002837,Singapore,fotmob,5825,1269807,Gavin Lee,squad_coach,,,FACT,true,1.0,https://www.fotmob.com/api/data/teams?id=5825,2026-09-24T14:31:11.690502+00:00,2026-09-24T14:31:11.690502+00:00,"{""id"":1269807,""height"":null,""age"":0,""dateOfBirth"":null,""name"":""Gavin Lee"",""ccode"":""SIN"",""cname"":""Singapore"",""role"":{""key"":""coach"",""fallback"":""Coach""},""excludeFromRanking"":true}"
50002862,Slovenia,fotmob,5787,26223,Boštjan Cesar,squad_coach,,,FACT,true,1.0,https://www.fotmob.com/api/data/teams?id=5787,2026-09-24T14:31:11.690502+00:00,2026-09-24T14:31:11.690502+00:00,"{""id"":26223,""height"":191,""age"":44,""dateOfBirth"":""1982-07-09"",""name"":""Boštjan Cesar"",""ccode"":""SVN"",""cname"":""Slovenia"",""role"":{""key"":""coach"",""fallback"":""Coach""},""excludeFromRanking"":true}"
50002985,Stockport,fotmob,10007,35377,Jim McNulty,squad_coach,,,FACT,true,1.0,https://www.fotmob.com/api/data/teams?id=10007,2026-09-24T14:31:11.690502+00:00,2026-09-24T14:31:11.690502+00:00,"{""id"":35377,""height"":183,""age"":41,""dateOfBirth"":""1985-02-13"",""name"":""Jim McNulty"",""ccode"":""SCO"",""cname"":""Scotland"",""role"":{""key"":""coach"",""fallback"":""Coach""},""excludeFromRanking"":true}"
50003010,Sweden,fotmob,8520,24347,Graham Potter,squad_coach,,,FACT,true,1.0,https://www.fotmob.com/api/data/teams?id=8520,2026-09-24T14:31:11.690502+00:00,2026-09-24T14:31:11.690502+00:00,"{""id"":24347,""height"":null,""age"":51,""dateOfBirth"":""1975-05-20"",""name"":""Graham Potter"",""ccode"":""ENG"",""cname"":""England"",""role"":{""key"":""coach"",""fallback"":""Coach""},""excludeFromRanking"":true}"
50003017,Swindon,fotmob,9795,208928,Ian Holloway,squad_coach,,,FACT,true,1.0,https://www.fotmob.com/api/data/teams?id=9795,2026-09-24T14:31:11.690502+00:00,2026-09-24T14:31:11.690502+00:00,"{""id"":208928,""height"":null,""age"":63,""dateOfBirth"":""1963-03-12"",""name"":""Ian Holloway"",""ccode"":""ENG"",""cname"":""England"",""role"":{""key"":""coach"",""fallback"":""Coach""},""excludeFromRanking"":true}"
50003051,Tanzania,fotmob,7941,1202459,Miguel Gamondi,squad_coach,,,FACT,true,1.0,https://www.fotmob.com/api/data/teams?id=7941,2026-09-24T14:31:11.690502+00:00,2026-09-24T14:31:11.690502+00:00,"{""id"":1202459,""height"":null,""age"":59,""dateOfBirth"":""1966-11-30"",""name"":""Miguel Gamondi"",""ccode"":""ARG"",""cname"":""Argentina"",""role"":{""key"":""coach"",""fallback"":""Coach""},""excludeFromRanking"":true}"
50003063,Thailand AM,fotmob,623768,432002,Thawatchai Damrong-Ongtrakul,squad_coach,,,FACT,true,1.0,https://www.fotmob.com/api/data/teams?id=623768,2026-09-24T14:31:11.690502+00:00,2026-09-24T14:31:11.690502+00:00,"{""id"":432002,""height"":168,""age"":52,""dateOfBirth"":""1974-06-25"",""name"":""Thawatchai Damrong-Ongtrakul"",""ccode"":""THA"",""cname"":""Thailand"",""role"":{""key"":""coach"",""fallback"":""Coach""},""excludeFromRanking"":true}"
50003076,Tijuana,fotmob,162418,3240,Sebastián Abreu,squad_coach,,,FACT,true,1.0,https://www.fotmob.com/api/data/teams?id=162418,2026-09-24T14:31:11.690502+00:00,2026-09-24T14:31:11.690502+00:00,"{""id"":3240,""height"":193,""age"":49,""dateOfBirth"":""1976-10-17"",""name"":""Sebastián Abreu"",""ccode"":""URU"",""cname"":""Uruguay"",""role"":{""key"":""coach"",""fallback"":""Coach""},""excludeFromRanking"":true}"
50003113,Tranmere,fotmob,8313,35573,Darrell Clarke,squad_coach,,,FACT,true,1.0,https://www.fotmob.com/api/data/teams?id=8313,2026-09-24T14:31:11.690502+00:00,2026-09-24T14:31:11.690502+00:00,"{""id"":35573,""height"":null,""age"":48,""dateOfBirth"":""1977-12-16"",""name"":""Darrell Clarke"",""ccode"":""ENG"",""cname"":""England"",""role"":{""key"":""coach"",""fallback"":""Coach""},""excludeFromRanking"":true}"
50003134,Tunisia,fotmob,6719,105471,Mouine Chaâbani,squad_coach,,,FACT,true,1.0,https://www.fotmob.com/api/data/teams?id=6719,2026-09-24T14:31:11.690502+00:00,2026-09-24T14:31:11.690502+00:00,"{""id"":105471,""height"":null,""age"":45,""dateOfBirth"":""1981-06-18"",""name"":""Mouine Chaâbani"",""ccode"":""TUN"",""cname"":""Tunisia"",""role"":{""key"":""coach"",""fallback"":""Coach""},""excludeFromRanking"":true}"
50003142,Turkiye,fotmob,6595,30286,Vincenzo Montella,squad_coach,,,FACT,true,1.0,https://www.fotmob.com/api/data/teams?id=6595,2026-09-24T14:31:11.690502+00:00,2026-09-24T14:31:11.690502+00:00,"{""id"":30286,""height"":172,""age"":52,""dateOfBirth"":""1974-06-18"",""name"":""Vincenzo Montella"",""ccode"":""ITA"",""cname"":""Italy"",""role"":{""key"":""coach"",""fallback"":""Coach""},""excludeFromRanking"":true}"
50003183,Uganda,fotmob,5890,420777,Paul Put,squad_coach,,,FACT,true,1.0,https://www.fotmob.com/api/data/teams?id=5890,2026-09-24T14:31:11.690502+00:00,2026-09-24T14:31:11.690502+00:00,"{""id"":420777,""height"":null,""age"":70,""dateOfBirth"":""1956-05-26"",""name"":""Paul Put"",""ccode"":""BEL"",""cname"":""Belgium"",""role"":{""key"":""coach"",""fallback"":""Coach""},""excludeFromRanking"":true}"
50003185,Ukraine,fotmob,6718,1447596,Andrea Maldera,squad_coach,,,FACT,true,1.0,https://www.fotmob.com/api/data/teams?id=6718,2026-09-24T14:31:11.690502+00:00,2026-09-24T14:31:11.690502+00:00,"{""id"":1447596,""height"":null,""age"":55,""dateOfBirth"":""1971-05-18"",""name"":""Andrea Maldera"",""ccode"":""ITA"",""cname"":""Italy"",""role"":{""key"":""coach"",""fallback"":""Coach""},""excludeFromRanking"":true}"
50003212,Universidad Chile,fotmob,6310,18814,Fernando Gago,squad_coach,,,FACT,true,1.0,https://www.fotmob.com/api/data/teams?id=6310,2026-09-24T14:31:11.690502+00:00,2026-09-24T14:31:11.690502+00:00,"{""id"":18814,""height"":178,""age"":40,""dateOfBirth"":""1986-04-10"",""name"":""Fernando Gago"",""ccode"":""ARG"",""cname"":""Argentina"",""role"":{""key"":""coach"",""fallback"":""Coach""},""excludeFromRanking"":true}"
50003246,Uzbekistan AM,fotmob,613636,643621,Ravshan Khaydarov,squad_coach,,,FACT,true,1.0,https://www.fotmob.com/api/data/teams?id=613636,2026-09-24T14:31:11.690502+00:00,2026-09-24T14:31:11.690502+00:00,"{""id"":643621,""height"":null,""age"":65,""dateOfBirth"":""1961-07-15"",""name"":""Ravshan Khaydarov"",""ccode"":""UZB"",""cname"":""Uzbekistan"",""role"":{""key"":""coach"",""fallback"":""Coach""},""excludeFromRanking"":true}"
50003311,Vietnam AM,fotmob,624125,31089,Kim Sang-Sik,squad_coach,,,FACT,true,1.0,https://www.fotmob.com/api/data/teams?id=624125,2026-09-24T14:31:11.690502+00:00,2026-09-24T14:31:11.690502+00:00,"{""id"":31089,""height"":184,""age"":49,""dateOfBirth"":""1976-12-17"",""name"":""Kim Sang-Sik"",""ccode"":""KOR"",""cname"":""Korea Republic"",""role"":{""key"":""coach"",""fallback"":""Coach""},""excludeFromRanking"":true}"
50003322,Vila Nova,fotmob,109706,493689,Guto Ferreira,squad_coach,,,FACT,true,1.0,https://www.fotmob.com/api/data/teams?id=109706,2026-09-24T14:31:11.690502+00:00,2026-09-24T14:31:11.690502+00:00,"{""id"":493689,""height"":null,""age"":61,""dateOfBirth"":""1965-09-07"",""name"":""Guto Ferreira"",""ccode"":""BRA"",""cname"":""Brazil"",""role"":{""key"":""coach"",""fallback"":""Coach""},""excludeFromRanking"":true}"
50003330,Vitesse,fotmob,8277,38662,Rüdiger Rehm,squad_coach,,,FACT,true,1.0,https://www.fotmob.com/api/data/teams?id=8277,2026-09-24T14:31:11.690502+00:00,2026-09-24T14:31:11.690502+00:00,"{""id"":38662,""height"":null,""age"":47,""dateOfBirth"":""1978-11-22"",""name"":""Rüdiger Rehm"",""ccode"":""GER"",""cname"":""Germany"",""role"":{""key"":""coach"",""fallback"":""Coach""},""excludeFromRanking"":true}"
50003347,Wales,fotmob,5790,33781,Craig Bellamy,squad_coach,,,FACT,true,1.0,https://www.fotmob.com/api/data/teams?id=5790,2026-09-24T14:31:11.690502+00:00,2026-09-24T14:31:11.690502+00:00,"{""id"":33781,""height"":175,""age"":47,""dateOfBirth"":""1979-07-13"",""name"":""Craig Bellamy"",""ccode"":""WAL"",""cname"":""Wales"",""role"":{""key"":""coach"",""fallback"":""Coach""},""excludeFromRanking"":true}"
50003349,Walsall,fotmob,10006,25669,Lee Grant,squad_coach,,,FACT,true,1.0,https://www.fotmob.com/api/data/teams?id=10006,2026-09-24T14:31:11.690502+00:00,2026-09-24T14:31:11.690502+00:00,"{""id"":25669,""height"":193,""age"":43,""dateOfBirth"":""1983-01-27"",""name"":""Lee Grant"",""ccode"":""ENG"",""cname"":""England"",""role"":{""key"":""coach"",""fallback"":""Coach""},""excludeFromRanking"":true}"
50003402,York City,fotmob,9916,470725,Scott Lindsey,squad_coach,,,FACT,true,1.0,https://www.fotmob.com/api/data/teams?id=9916,2026-09-24T14:31:11.690502+00:00,2026-09-24T14:31:11.690502+00:00,"{""id"":470725,""height"":175,""age"":54,""dateOfBirth"":""1972-05-04"",""name"":""Scott Lindsey"",""ccode"":""ENG"",""cname"":""England"",""role"":{""key"":""coach"",""fallback"":""Coach""},""excludeFromRanking"":true}"
50283454,Hartford Athletic,fotmob,1003206,1263595,Brendan Burke,squad_coach,,,FACT,true,1.0,https://www.fotmob.com/api/data/teams?id=1003206,2026-09-24T14:31:11.690502+00:00,2026-09-24T14:31:11.690502+00:00,"{""id"":1263595,""height"":null,""age"":43,""dateOfBirth"":""1982-11-12"",""name"":""Brendan Burke"",""ccode"":""USA"",""cname"":""USA"",""role"":{""key"":""coach"",""fallback"":""Coach""},""excludeFromRanking"":true}"
50288881,Deportes Santa Cruz,fotmob,584834,335720,Dalcio Giovagnoli,squad_coach,,,FACT,true,1.0,https://www.fotmob.com/api/data/teams?id=584834,2026-09-24T14:31:11.690502+00:00,2026-09-24T14:31:11.690502+00:00,"{""id"":335720,""height"":null,""age"":63,""dateOfBirth"":""1963-06-05"",""name"":""Dalcio Giovagnoli"",""ccode"":""ARG"",""cname"":""Argentina"",""role"":{""key"":""coach"",""fallback"":""Coach""},""excludeFromRanking"":true}"
50325834,El Paso Locomotive,fotmob,1003209,1781754,Junior Gonzalez,squad_coach,,,FACT,true,1.0,https://www.fotmob.com/api/data/teams?id=1003209,2026-09-24T14:31:11.690502+00:00,2026-09-24T14:31:11.690502+00:00,"{""id"":1781754,""height"":null,""age"":48,""dateOfBirth"":""1977-09-26"",""name"":""Junior Gonzalez"",""ccode"":""USA"",""cname"":""USA"",""role"":{""key"":""coach"",""fallback"":""Coach""},""excludeFromRanking"":true}"
