hkjc_team_id,hkjc_name_en,hkjc_name_ch,cohort,external_source,external_team_id,external_name,evidence_class,confirmed,confidence,source_url,source_timestamp,fetched_at,raw_context
50430577,Corinthians Women,哥連泰斯女足,WOMEN,thesportsdb,143590,Corinthians Women,CONFIRMED_FACT,true,1.0,https://www.thesportsdb.com/api/v1/json/123/searchevents.php,2026-09-22T08:30:00+08:00,2026-09-22T00:28:52.981123+00:00,"{""hkjc_event_id"":""FB5583"",""thesportsdb_event_id"":""2600647""}"
50430575,Bahia Women,巴希亞女足,WOMEN,thesportsdb,143600,Bahia Women,CONFIRMED_FACT,true,1.0,https://www.thesportsdb.com/api/v1/json/123/searchevents.php,2026-09-22T08:30:00+08:00,2026-09-22T00:28:52.981123+00:00,"{""hkjc_event_id"":""FB5583"",""thesportsdb_event_id"":""2600647""}"
50000835,Coquimbo Unido,哥甘保,SENIOR,thesportsdb,137725,Coquimbo Unido,CONFIRMED_FACT,true,1.0,https://www.thesportsdb.com/api/v1/json/123/searchevents.php,2026-09-23T07:30:00+08:00,2026-09-22T00:28:52.981123+00:00,"{""hkjc_event_id"":""FB5607"",""thesportsdb_event_id"":""2599869""}"
50001845,Kyoto Sanga,京都不死鳥,SENIOR,thesportsdb,139888,Kyoto Sanga,CONFIRMED_FACT,true,1.0,https://www.thesportsdb.com/api/v1/json/123/searchevents.php,2026-09-23T16:00:00+08:00,2026-09-22T00:28:52.981123+00:00,"{""hkjc_event_id"":""FB5611"",""thesportsdb_event_id"":""2593322""}"
50001318,Fujieda MYFC,藤枝MYFC,SENIOR,thesportsdb,141245,Fujieda MYFC,CONFIRMED_FACT,true,1.0,https://www.thesportsdb.com/api/v1/json/123/searchevents.php,2026-09-23T16:00:00+08:00,2026-09-22T00:28:52.981123+00:00,"{""hkjc_event_id"":""FB5611"",""thesportsdb_event_id"":""2593322""}"
50003017,Swindon,史雲頓,SENIOR,fotmob,9795,Swindon Town,CONFIRMED_FACT,true,0.889,https://www.fotmob.com/api/data/matches?date=20260923,2026-09-23T02:00:00+08:00,2026-09-22T00:29:05.520107+00:00,"{""hkjc_event_id"":""FB5588"",""fotmob_match_id"":6016317}"
50002256,Newport County,紐波特郡,SENIOR,fotmob,10262,Newport County,CONFIRMED_FACT,true,0.889,https://www.fotmob.com/api/data/matches?date=20260923,2026-09-23T02:00:00+08:00,2026-09-22T00:29:05.520107+00:00,"{""hkjc_event_id"":""FB5588"",""fotmob_match_id"":6016317}"
50002120,Milton Keynes Dons,米爾頓凱恩斯,SENIOR,fotmob,8645,Milton Keynes Dons,CONFIRMED_FACT,true,1.0,https://www.fotmob.com/api/data/matches?date=20260923,2026-09-23T02:00:00+08:00,2026-09-22T00:29:05.520107+00:00,"{""hkjc_event_id"":""FB5589"",""fotmob_match_id"":6016329}"
50000890,Crawley Town,卡維尼,SENIOR,fotmob,8647,Crawley Town,CONFIRMED_FACT,true,1.0,https://www.fotmob.com/api/data/matches?date=20260923,2026-09-23T02:00:00+08:00,2026-09-22T00:29:05.520107+00:00,"{""hkjc_event_id"":""FB5589"",""fotmob_match_id"":6016329}"
50002303,Notts County,諾士郡,SENIOR,fotmob,9819,Notts County,CONFIRMED_FACT,true,0.889,https://www.fotmob.com/api/data/matches?date=20260923,2026-09-23T02:00:00+08:00,2026-09-22T00:29:05.520107+00:00,"{""hkjc_event_id"":""FB5590"",""fotmob_match_id"":6015564}"
50001462,Grimsby,甘士比,SENIOR,fotmob,10005,Grimsby Town,CONFIRMED_FACT,true,0.889,https://www.fotmob.com/api/data/matches?date=20260923,2026-09-23T02:00:00+08:00,2026-09-22T00:29:05.520107+00:00,"{""hkjc_event_id"":""FB5590"",""fotmob_match_id"":6015564}"
50002707,Salford City,沙福特城,SENIOR,fotmob,282326,Salford City,CONFIRMED_FACT,true,0.938,https://www.fotmob.com/api/data/matches?date=20260923,2026-09-23T02:00:00+08:00,2026-09-22T00:29:05.520107+00:00,"{""hkjc_event_id"":""FB5620"",""fotmob_match_id"":6014405}"
50002819,Sheff Wednesday,錫周三,SENIOR,fotmob,10163,Sheffield Wednesday,CONFIRMED_FACT,true,0.938,https://www.fotmob.com/api/data/matches?date=20260923,2026-09-23T02:00:00+08:00,2026-09-22T00:29:05.520107+00:00,"{""hkjc_event_id"":""FB5620"",""fotmob_match_id"":6014405}"
50002449,Peterborough,彼德堡,SENIOR,fotmob,8677,Peterborough United,CONFIRMED_FACT,true,0.785,https://www.fotmob.com/api/data/matches?date=20260923,2026-09-23T02:00:00+08:00,2026-09-22T00:29:05.520107+00:00,"{""hkjc_event_id"":""FB5622"",""fotmob_match_id"":6016310}"
50000793,Colchester,高車士打,SENIOR,fotmob,8416,Colchester United,CONFIRMED_FACT,true,0.785,https://www.fotmob.com/api/data/matches?date=20260923,2026-09-23T02:00:00+08:00,2026-09-22T00:29:05.520107+00:00,"{""hkjc_event_id"":""FB5622"",""fotmob_match_id"":6016310}"
50003113,Tranmere,燦美爾,SENIOR,fotmob,8313,Tranmere Rovers,CONFIRMED_FACT,true,0.78,https://www.fotmob.com/api/data/matches?date=20260923,2026-09-23T02:00:00+08:00,2026-09-22T00:29:05.520107+00:00,"{""hkjc_event_id"":""FB5623"",""fotmob_match_id"":6015012}"
50002829,Shrewsbury,梳士貝利,SENIOR,fotmob,9896,Shrewsbury Town,CONFIRMED_FACT,true,0.78,https://www.fotmob.com/api/data/matches?date=20260923,2026-09-23T02:00:00+08:00,2026-09-22T00:29:05.520107+00:00,"{""hkjc_event_id"":""FB5623"",""fotmob_match_id"":6015012}"
50003349,Walsall,華素爾,SENIOR,fotmob,10006,Walsall,CONFIRMED_FACT,true,1.0,https://www.fotmob.com/api/data/matches?date=20260923,2026-09-23T02:00:00+08:00,2026-09-22T00:29:05.520107+00:00,"{""hkjc_event_id"":""FB5624"",""fotmob_match_id"":6016296}"
50002980,Stevenage,史提芬納治,SENIOR,fotmob,10253,Stevenage,CONFIRMED_FACT,true,1.0,https://www.fotmob.com/api/data/matches?date=20260923,2026-09-23T02:00:00+08:00,2026-09-22T00:29:05.520107+00:00,"{""hkjc_event_id"":""FB5624"",""fotmob_match_id"":6016296}"
50001419,Gillingham,基寧咸,SENIOR,fotmob,10173,Gillingham,CONFIRMED_FACT,true,0.944,https://www.fotmob.com/api/data/matches?date=20260923,2026-09-23T02:00:00+08:00,2026-09-22T00:29:05.520107+00:00,"{""hkjc_event_id"":""FB5625"",""fotmob_match_id"":6016322}"
50000654,Cambridge Utd,劍橋聯,SENIOR,fotmob,9834,Cambridge United,CONFIRMED_FACT,true,0.944,https://www.fotmob.com/api/data/matches?date=20260923,2026-09-23T02:00:00+08:00,2026-09-22T00:29:05.520107+00:00,"{""hkjc_event_id"":""FB5625"",""fotmob_match_id"":6016322}"
50000738,Chesterfield,車士打菲特,SENIOR,fotmob,9786,Chesterfield,CONFIRMED_FACT,true,1.0,https://www.fotmob.com/api/data/matches?date=20260923,2026-09-23T02:00:00+08:00,2026-09-22T00:29:05.520107+00:00,"{""hkjc_event_id"":""FB5626"",""fotmob_match_id"":6015006}"
50002485,Port Vale,維爾港,SENIOR,fotmob,9799,Port Vale,CONFIRMED_FACT,true,1.0,https://www.fotmob.com/api/data/matches?date=20260923,2026-09-23T02:00:00+08:00,2026-09-22T00:29:05.520107+00:00,"{""hkjc_event_id"":""FB5626"",""fotmob_match_id"":6015006}"
50000732,Cheltenham,車頓咸,SENIOR,fotmob,8680,Cheltenham Town,CONFIRMED_FACT,true,0.917,https://www.fotmob.com/api/data/matches?date=20260923,2026-09-23T02:00:00+08:00,2026-09-22T00:29:05.520107+00:00,"{""hkjc_event_id"":""FB5627"",""fotmob_match_id"":6016267}"
50001142,Exeter City,埃克塞特,SENIOR,fotmob,9833,Exeter City,CONFIRMED_FACT,true,0.917,https://www.fotmob.com/api/data/matches?date=20260923,2026-09-23T02:00:00+08:00,2026-09-22T00:29:05.520107+00:00,"{""hkjc_event_id"":""FB5627"",""fotmob_match_id"":6016267}"
50003402,York City,約克城,SENIOR,fotmob,9916,York City,CONFIRMED_FACT,true,0.875,https://www.fotmob.com/api/data/matches?date=20260923,2026-09-23T02:00:00+08:00,2026-09-22T00:29:05.520107+00:00,"{""hkjc_event_id"":""FB5630"",""fotmob_match_id"":6014988}"
50002660,Rotherham,洛達咸,SENIOR,fotmob,8119,Rotherham United,CONFIRMED_FACT,true,0.875,https://www.fotmob.com/api/data/matches?date=20260923,2026-09-23T02:00:00+08:00,2026-09-22T00:29:05.520107+00:00,"{""hkjc_event_id"":""FB5630"",""fotmob_match_id"":6014988}"
50000790,Cobreloa,哥比路亞,SENIOR,fotmob,1843,Cobreloa,CONFIRMED_FACT,true,1.0,https://www.fotmob.com/api/data/matches?date=20260923,2026-09-23T07:30:00+08:00,2026-09-22T00:29:05.520107+00:00,"{""hkjc_event_id"":""FB5607"",""fotmob_match_id"":6162923}"
50000291,Audax Italiano,奧達斯,SENIOR,fotmob,4058,Audax Italiano,CONFIRMED_FACT,true,1.0,https://www.fotmob.com/api/data/matches?date=20260923,2026-09-23T07:30:00+08:00,2026-09-22T00:29:05.520107+00:00,"{""hkjc_event_id"":""FB5609"",""fotmob_match_id"":6162924}"
50000796,Colo Colo,高路高路,SENIOR,fotmob,7815,Colo Colo,CONFIRMED_FACT,true,1.0,https://www.fotmob.com/api/data/matches?date=20260923,2026-09-23T07:30:00+08:00,2026-09-22T00:29:05.520107+00:00,"{""hkjc_event_id"":""FB5609"",""fotmob_match_id"":6162924}"
50001338,Gamba Osaka,大阪飛腳,SENIOR,fotmob,6582,Gamba Osaka,CONFIRMED_FACT,true,1.0,https://www.fotmob.com/api/data/matches?date=20260923,2026-09-23T16:00:00+08:00,2026-09-22T00:29:05.520107+00:00,"{""hkjc_event_id"":""FB5610"",""fotmob_match_id"":6097138}"
50003085,Tokushima Vortis,德島漩渦,SENIOR,fotmob,162199,Tokushima Vortis,CONFIRMED_FACT,true,1.0,https://www.fotmob.com/api/data/matches?date=20260923,2026-09-23T16:00:00+08:00,2026-09-22T00:29:05.520107+00:00,"{""hkjc_event_id"":""FB5610"",""fotmob_match_id"":6097138}"
50001775,Kashiwa Reysol,柏雷素爾,SENIOR,fotmob,8699,Kashiwa Reysol,CONFIRMED_FACT,true,1.0,https://www.fotmob.com/api/data/matches?date=20260923,2026-09-23T16:00:00+08:00,2026-09-22T00:29:05.520107+00:00,"{""hkjc_event_id"":""FB5612"",""fotmob_match_id"":6097140}"
50001167,FC Imabari,FC今治,SENIOR,fotmob,820969,FC Imabari,CONFIRMED_FACT,true,1.0,https://www.fotmob.com/api/data/matches?date=20260923,2026-09-23T16:00:00+08:00,2026-09-22T00:29:05.520107+00:00,"{""hkjc_event_id"":""FB5612"",""fotmob_match_id"":6097140}"
50003329,Vissel Kobe,神戶勝利船,SENIOR,fotmob,4688,Vissel Kobe,CONFIRMED_FACT,true,1.0,https://www.fotmob.com/api/data/matches?date=20260923,2026-09-23T16:00:00+08:00,2026-09-22T00:29:05.520107+00:00,"{""hkjc_event_id"":""FB5613"",""fotmob_match_id"":6097148}"
50002695,Sagan Tosu,鳥棲砂岩,SENIOR,fotmob,162193,Sagan Tosu,CONFIRMED_FACT,true,1.0,https://www.fotmob.com/api/data/matches?date=20260923,2026-09-23T16:00:00+08:00,2026-09-22T00:29:05.520107+00:00,"{""hkjc_event_id"":""FB5613"",""fotmob_match_id"":6097148}"
50001774,Kashima Antlers,鹿島鹿角,SENIOR,fotmob,4397,Kashima Antlers,CONFIRMED_FACT,true,1.0,https://www.fotmob.com/api/data/matches?date=20260923,2026-09-23T16:00:00+08:00,2026-09-22T00:29:05.520107+00:00,"{""hkjc_event_id"":""FB5614"",""fotmob_match_id"":6097139}"
50003298,Ventforet Kofu,甲府風林,SENIOR,fotmob,8539,Ventforet Kofu,CONFIRMED_FACT,true,1.0,https://www.fotmob.com/api/data/matches?date=20260923,2026-09-23T16:00:00+08:00,2026-09-22T00:29:05.520107+00:00,"{""hkjc_event_id"":""FB5614"",""fotmob_match_id"":6097139}"
50001992,Machida Zelvia,町田澤維亞,SENIOR,fotmob,194011,Machida Zelvia,CONFIRMED_FACT,true,0.958,https://www.fotmob.com/api/data/matches?date=20260923,2026-09-23T16:00:00+08:00,2026-09-22T00:29:05.520107+00:00,"{""hkjc_event_id"":""FB5615"",""fotmob_match_id"":6097143}"
50003083,Tochigi City,櫪木城,SENIOR,fotmob,194029,Tochigi City FC,CONFIRMED_FACT,true,0.958,https://www.fotmob.com/api/data/matches?date=20260923,2026-09-23T16:00:00+08:00,2026-09-22T00:29:05.520107+00:00,"{""hkjc_event_id"":""FB5615"",""fotmob_match_id"":6097143}"
50000913,Curico Unido,古里高聯,SENIOR,fotmob,162905,Curicó Unido,CONFIRMED_FACT,true,0.962,https://www.fotmob.com/api/data/matches?date=20260924,2026-09-24T05:00:00+08:00,2026-09-22T00:29:05.520107+00:00,"{""hkjc_event_id"":""FB5632"",""fotmob_match_id"":6162925}"
50331022,Deportes Concepcion,康塞普森體育,SENIOR,fotmob,4134,Deportes Concepción,CONFIRMED_FACT,true,0.962,https://www.fotmob.com/api/data/matches?date=20260924,2026-09-24T05:00:00+08:00,2026-09-22T00:29:05.520107+00:00,"{""hkjc_event_id"":""FB5632"",""fotmob_match_id"":6162925}"
50001621,Iquique,伊基克,SENIOR,fotmob,162904,Deportes Iquique,CONFIRMED_FACT,true,0.818,https://www.fotmob.com/api/data/matches?date=20260924,2026-09-24T07:30:00+08:00,2026-09-22T00:29:05.520107+00:00,"{""hkjc_event_id"":""FB5633"",""fotmob_match_id"":6162927}"
50000186,Antofagasta,安圖法加斯達,SENIOR,fotmob,6201,Antofagasta,CONFIRMED_FACT,true,0.818,https://www.fotmob.com/api/data/matches?date=20260924,2026-09-24T07:30:00+08:00,2026-09-22T00:29:05.520107+00:00,"{""hkjc_event_id"":""FB5633"",""fotmob_match_id"":6162927}"
50003199,Union La Calera,卡拉雷聯,SENIOR,fotmob,192435,Unión La Calera,CONFIRMED_FACT,true,0.966,https://www.fotmob.com/api/data/matches?date=20260924,2026-09-24T07:30:00+08:00,2026-09-22T00:29:05.520107+00:00,"{""hkjc_event_id"":""FB5634"",""fotmob_match_id"":6162926}"
50003210,Universidad Catolica,天主教大學,SENIOR,fotmob,6458,Universidad Católica,CONFIRMED_FACT,true,0.966,https://www.fotmob.com/api/data/matches?date=20260924,2026-09-24T07:30:00+08:00,2026-09-22T00:29:05.520107+00:00,"{""hkjc_event_id"":""FB5634"",""fotmob_match_id"":6162926}"
50353928,Santos Laguna Women,拿根亞女足,WOMEN,fotmob,980709,Santos Laguna (W),CONFIRMED_FACT,true,0.951,https://www.fotmob.com/api/data/matches?date=20260922,2026-09-22T09:06:00+08:00,2026-09-22T00:50:30.339019+00:00,"{""hkjc_event_id"":""FB5619"",""fotmob_match_id"":5977363}"
50353923,Cruz Azul Women,藍十字女足,WOMEN,fotmob,980700,Cruz Azul (W),CONFIRMED_FACT,true,0.951,https://www.fotmob.com/api/data/matches?date=20260922,2026-09-22T09:06:00+08:00,2026-09-22T00:50:30.339019+00:00,"{""hkjc_event_id"":""FB5619"",""fotmob_match_id"":5977363}"
50003311,Vietnam AM,越南男亞足,U23,fotmob,624125,Vietnam U23,CONFIRMED_FACT,true,0.768,https://www.fotmob.com/api/data/matches?date=20260922,2026-09-22T13:00:00+08:00,2026-09-22T00:50:30.339019+00:00,"{""hkjc_event_id"":""FB5575"",""fotmob_match_id"":6052539}"
50003246,Uzbekistan AM,烏茲別克男亞足,U23,fotmob,613636,Uzbekistan U23,CONFIRMED_FACT,true,0.768,https://www.fotmob.com/api/data/matches?date=20260922,2026-09-22T13:00:00+08:00,2026-09-22T00:50:30.339019+00:00,"{""hkjc_event_id"":""FB5575"",""fotmob_match_id"":6052539}"
50623690,Philippines AM,菲律賓男亞足,U23,fotmob,624266,Philippines U23,CONFIRMED_FACT,true,0.76,https://www.fotmob.com/api/data/matches?date=20260922,2026-09-22T13:00:00+08:00,2026-09-22T00:50:30.339019+00:00,"{""hkjc_event_id"":""FB5576"",""fotmob_match_id"":6052540}"
50001842,Kuwait AM,科威特男亞足,U23,fotmob,608810,Kuwait U23,CONFIRMED_FACT,true,0.76,https://www.fotmob.com/api/data/matches?date=20260922,2026-09-22T13:00:00+08:00,2026-09-22T00:50:30.339019+00:00,"{""hkjc_event_id"":""FB5576"",""fotmob_match_id"":6052540}"
50355619,Inter Milan Women,國際米蘭女足,WOMEN,fotmob,1184314,Inter (W),CONFIRMED_FACT,true,0.892,https://www.fotmob.com/api/data/matches?date=20260923,2026-09-23T00:45:00+08:00,2026-09-22T00:50:30.339019+00:00,"{""hkjc_event_id"":""FB5605"",""fotmob_match_id"":6148611}"
50353888,Hacken Women,赫根女足,WOMEN,fotmob,181464,BK Häcken (W),CONFIRMED_FACT,true,0.892,https://www.fotmob.com/api/data/matches?date=20260923,2026-09-23T00:45:00+08:00,2026-09-22T00:50:30.339019+00:00,"{""hkjc_event_id"":""FB5605"",""fotmob_match_id"":6148611}"
50355608,Bayern Munich Women,拜仁慕尼黑女足,WOMEN,fotmob,671935,Bayern München (W),CONFIRMED_FACT,true,0.944,https://www.fotmob.com/api/data/matches?date=20260923,2026-09-23T00:45:00+08:00,2026-09-22T00:50:30.339019+00:00,"{""hkjc_event_id"":""FB5606"",""fotmob_match_id"":6148576}"
50355604,Manchester City Women,曼城女足,WOMEN,fotmob,231488,Manchester City (W),CONFIRMED_FACT,true,0.944,https://www.fotmob.com/api/data/matches?date=20260923,2026-09-23T00:45:00+08:00,2026-09-22T00:50:30.339019+00:00,"{""hkjc_event_id"":""FB5606"",""fotmob_match_id"":6148576}"
50003369,Wigan,韋根,SENIOR,fotmob,8528,Wigan Athletic,CONFIRMED_FACT,true,1.0,https://www.fotmob.com/api/data/matches?date=20260923,2026-09-23T02:00:00+08:00,2026-09-22T00:50:30.339019+00:00,"{""hkjc_event_id"":""FB5591"",""fotmob_match_id"":6014860}"
50000471,Blackpool,黑池,SENIOR,fotmob,8483,Blackpool,CONFIRMED_FACT,true,1.0,https://www.fotmob.com/api/data/matches?date=20260923,2026-09-23T02:00:00+08:00,2026-09-22T00:50:30.339019+00:00,"{""hkjc_event_id"":""FB5591"",""fotmob_match_id"":6014860}"
50002326,Oldham,奧咸,SENIOR,fotmob,9785,Oldham Athletic,CONFIRMED_FACT,true,1.0,https://www.fotmob.com/api/data/matches?date=20260923,2026-09-23T02:00:00+08:00,2026-09-22T00:50:30.339019+00:00,"{""hkjc_event_id"":""FB5621"",""fotmob_match_id"":6015572}"
50001248,Fleetwood,費列活特,SENIOR,fotmob,45723,Fleetwood Town,CONFIRMED_FACT,true,1.0,https://www.fotmob.com/api/data/matches?date=20260923,2026-09-23T02:00:00+08:00,2026-09-22T00:50:30.339019+00:00,"{""hkjc_event_id"":""FB5621"",""fotmob_match_id"":6015572}"
50355620,Juventus Women,祖雲達斯女足,WOMEN,fotmob,956623,Juventus (W),CONFIRMED_FACT,true,0.937,https://www.fotmob.com/api/data/matches?date=20260923,2026-09-23T03:00:00+08:00,2026-09-22T00:50:30.339019+00:00,"{""hkjc_event_id"":""FB5628"",""fotmob_match_id"":6148599}"
50356297,Benfica Women,賓菲加女足,WOMEN,fotmob,1198668,Benfica (W),CONFIRMED_FACT,true,0.937,https://www.fotmob.com/api/data/matches?date=20260923,2026-09-23T03:00:00+08:00,2026-09-22T00:50:30.339019+00:00,"{""hkjc_event_id"":""FB5628"",""fotmob_match_id"":6148599}"
50356281,Real Madrid Women,皇家馬德里女足,WOMEN,fotmob,1077486,Real Madrid (W),CONFIRMED_FACT,true,0.962,https://www.fotmob.com/api/data/matches?date=20260923,2026-09-23T03:00:00+08:00,2026-09-22T00:50:30.339019+00:00,"{""hkjc_event_id"":""FB5629"",""fotmob_match_id"":6148601}"
50356306,Paris Saint Germain Women,巴黎聖日耳門女足,WOMEN,fotmob,294858,Paris Saint Germain (W),CONFIRMED_FACT,true,0.962,https://www.fotmob.com/api/data/matches?date=20260923,2026-09-23T03:00:00+08:00,2026-09-22T00:50:30.339019+00:00,"{""hkjc_event_id"":""FB5629"",""fotmob_match_id"":6148601}"
50002538,Puerto Montt,蒙特港,SENIOR,fotmob,4059,Puerto Montt,CONFIRMED_FACT,true,0.967,https://www.fotmob.com/api/data/matches?date=20260923,2026-09-23T05:00:00+08:00,2026-09-22T00:50:30.339019+00:00,"{""hkjc_event_id"":""FB5608"",""fotmob_match_id"":6162922}"
50000974,Deportivo Nublense,紐柏萊斯,SENIOR,fotmob,49559,Ñublense,CONFIRMED_FACT,true,0.967,https://www.fotmob.com/api/data/matches?date=20260923,2026-09-23T05:00:00+08:00,2026-09-22T00:50:30.339019+00:00,"{""hkjc_event_id"":""FB5608"",""fotmob_match_id"":6162922}"
50621165,Italy Women U20,意大利女足U20,WOMEN_U20,fotmob,2058028,Italy U20 (W),CONFIRMED_FACT,true,0.727,https://www.fotmob.com/api/data/matches?date=20260923,2026-09-23T21:00:00+08:00,2026-09-22T00:50:30.339019+00:00,"{""hkjc_event_id"":""FB5584"",""fotmob_match_id"":5852098}"
50240649,Spain Women U20,西班牙女足U20,WOMEN_U20,fotmob,1459878,Spain U20 (W),CONFIRMED_FACT,true,0.727,https://www.fotmob.com/api/data/matches?date=20260923,2026-09-23T21:00:00+08:00,2026-09-22T00:50:30.339019+00:00,"{""hkjc_event_id"":""FB5584"",""fotmob_match_id"":5852098}"
50362133,OH Leuven Women,奧特海維利女足,WOMEN,fotmob,675812,Oud-Heverlee Leuven (W),CONFIRMED_FACT,true,0.93,https://www.fotmob.com/api/data/matches?date=20260924,2026-09-24T00:45:00+08:00,2026-09-22T00:50:30.339019+00:00,"{""hkjc_event_id"":""FB5637"",""fotmob_match_id"":6148620}"
50355624,Roma Women,羅馬女足,WOMEN,fotmob,584402,Roma (W),CONFIRMED_FACT,true,0.93,https://www.fotmob.com/api/data/matches?date=20260924,2026-09-24T00:45:00+08:00,2026-09-22T00:50:30.339019+00:00,"{""hkjc_event_id"":""FB5637"",""fotmob_match_id"":6148620}"
50001809,Korea Republic AM,南韓男亞足,U23,fotmob,300702,South Korea U23,CONFIRMED_FACT,true,1.0,https://www.fotmob.com/api/data/matches?date=20260922,2026-09-22T18:00:00+08:00,2026-09-22T01:32:11.819390+00:00,"{""hkjc_event_id"":""FB5577"",""fotmob_match_id"":6052546}"
50002755,Saudi Arabia AM,沙特阿拉伯男亞足,U23,fotmob,610874,Saudi Arabia U23,CONFIRMED_FACT,true,1.0,https://www.fotmob.com/api/data/matches?date=20260922,2026-09-22T18:00:00+08:00,2026-09-22T01:32:11.819390+00:00,"{""hkjc_event_id"":""FB5577"",""fotmob_match_id"":6052546}"
50000761,China AM,中國男亞足,U23,fotmob,317240,China U23,CONFIRMED_FACT,true,1.0,https://www.fotmob.com/api/data/matches?date=20260923,2026-09-23T13:30:00+08:00,2026-09-22T01:32:11.819390+00:00,"{""hkjc_event_id"":""FB5602"",""fotmob_match_id"":6052518}"
50003207,United Arab Emirates AM,阿聯酋男亞足,U23,fotmob,316113,UAE U23,CONFIRMED_FACT,true,1.0,https://www.fotmob.com/api/data/matches?date=20260923,2026-09-23T13:30:00+08:00,2026-09-22T01:32:11.819390+00:00,"{""hkjc_event_id"":""FB5602"",""fotmob_match_id"":6052518}"
50001624,Iran AM,伊朗男亞足,U23,fotmob,622101,Iran U23,CONFIRMED_FACT,true,1.0,https://www.fotmob.com/api/data/matches?date=20260923,2026-09-23T13:30:00+08:00,2026-09-22T01:32:11.819390+00:00,"{""hkjc_event_id"":""FB5603"",""fotmob_match_id"":6052519}"
50001803,Korea DPR AM,北韓男亞足,U23,fotmob,624265,North Korea U23,CONFIRMED_FACT,true,1.0,https://www.fotmob.com/api/data/matches?date=20260923,2026-09-23T13:30:00+08:00,2026-09-22T01:32:11.819390+00:00,"{""hkjc_event_id"":""FB5603"",""fotmob_match_id"":6052519}"
50001685,Japan AM,日本男亞足,U23,fotmob,298067,Japan U23,CONFIRMED_FACT,true,1.0,https://www.fotmob.com/api/data/matches?date=20260923,2026-09-23T18:30:00+08:00,2026-09-22T01:32:11.819390+00:00,"{""hkjc_event_id"":""FB5604"",""fotmob_match_id"":6052479}"
50003063,Thailand AM,泰國男亞足,U23,fotmob,623768,Thailand U23,CONFIRMED_FACT,true,1.0,https://www.fotmob.com/api/data/matches?date=20260923,2026-09-23T18:30:00+08:00,2026-09-22T01:32:11.819390+00:00,"{""hkjc_event_id"":""FB5604"",""fotmob_match_id"":6052479}"
50000738,Chesterfield,車士打菲特,SENIOR,thesportsdb,134366,Chesterfield,CONFIRMED_FACT,true,1.0,https://www.thesportsdb.com/api/v1/json/123/searchevents.php,2026-09-23T02:00:00+08:00,2026-09-22T04:33:07.076626+00:00,"{""hkjc_event_id"":""FB5626"",""thesportsdb_event_id"":""2531810""}"
50002485,Port Vale,維爾港,SENIOR,thesportsdb,134375,Port Vale,CONFIRMED_FACT,true,1.0,https://www.thesportsdb.com/api/v1/json/123/searchevents.php,2026-09-23T02:00:00+08:00,2026-09-22T04:33:07.076626+00:00,"{""hkjc_event_id"":""FB5626"",""thesportsdb_event_id"":""2531810""}"
50355620,Juventus Women,祖雲達斯女足,WOMEN,thesportsdb,143652,Juventus Women,CONFIRMED_FACT,true,1.0,https://www.thesportsdb.com/api/v1/json/123/searchevents.php,2026-09-23T03:00:00+08:00,2026-09-22T04:33:07.076626+00:00,"{""hkjc_event_id"":""FB5628"",""thesportsdb_event_id"":""2599909""}"
50356297,Benfica Women,賓菲加女足,WOMEN,thesportsdb,143692,Benfica Women,CONFIRMED_FACT,true,1.0,https://www.thesportsdb.com/api/v1/json/123/searchevents.php,2026-09-23T03:00:00+08:00,2026-09-22T04:33:07.076626+00:00,"{""hkjc_event_id"":""FB5628"",""thesportsdb_event_id"":""2599909""}"
50538600,Al Bidda,艾比達,SENIOR,fotmob,1791633,Al-Bidda SC,CONFIRMED_FACT,true,0.938,https://www.fotmob.com/api/data/matches?date=20260922,2026-09-22T23:00:00+08:00,2026-09-22T04:33:19.576600+00:00,"{""hkjc_event_id"":""FB5640"",""fotmob_match_id"":1000021923}"
50334369,Al Shamal,艾沙瑪,SENIOR,fotmob,101904,Al-Shamal,CONFIRMED_FACT,true,0.938,https://www.fotmob.com/api/data/matches?date=20260922,2026-09-22T23:00:00+08:00,2026-09-22T04:33:19.576600+00:00,"{""hkjc_event_id"":""FB5640"",""fotmob_match_id"":1000021923}"
50456851,Mesaimeer,梅沙美,SENIOR,fotmob,582505,Al Mesaimeer,CONFIRMED_FACT,true,0.879,https://www.fotmob.com/api/data/matches?date=20260923,2026-09-23T01:15:00+08:00,2026-09-22T04:33:19.576600+00:00,"{""hkjc_event_id"":""FB5641"",""fotmob_match_id"":1000021924}"
50538602,Al Waab,艾華比,SENIOR,fotmob,1803046,Al-Waab SC,CONFIRMED_FACT,true,0.879,https://www.fotmob.com/api/data/matches?date=20260923,2026-09-23T01:15:00+08:00,2026-09-22T04:33:19.576600+00:00,"{""hkjc_event_id"":""FB5641"",""fotmob_match_id"":1000021924}"
50538599,Muaither SC,穆阿伊瑟SC,SENIOR,fotmob,479161,Muaither SC,CONFIRMED_FACT,true,1.0,https://www.fotmob.com/api/data/matches?date=20260923,2026-09-23T01:15:00+08:00,2026-09-22T04:33:19.576600+00:00,"{""hkjc_event_id"":""FB5642"",""fotmob_match_id"":1000021925}"
50334371,Al Khor,艾科爾,SENIOR,fotmob,101902,Al-Khor,CONFIRMED_FACT,true,1.0,https://www.fotmob.com/api/data/matches?date=20260923,2026-09-23T01:15:00+08:00,2026-09-22T04:33:19.576600+00:00,"{""hkjc_event_id"":""FB5642"",""fotmob_match_id"":1000021925}"
50355596,Arsenal Women,阿仙奴女足,WOMEN,fotmob,258657,Arsenal (W),CONFIRMED_FACT,true,0.955,https://www.fotmob.com/api/data/matches?date=20260923,2026-09-23T03:00:00+08:00,2026-09-22T04:33:19.576600+00:00,"{""hkjc_event_id"":""FB5639"",""fotmob_match_id"":6148591}"
50600446,HB Koge Women,克厄女足,WOMEN,fotmob,1170164,HB Køge (W),CONFIRMED_FACT,true,0.955,https://www.fotmob.com/api/data/matches?date=20260923,2026-09-23T03:00:00+08:00,2026-09-22T04:33:19.576600+00:00,"{""hkjc_event_id"":""FB5639"",""fotmob_match_id"":6148591}"
50000790,Cobreloa,哥比路亞,SENIOR,thesportsdb,137739,Cobreloa,CONFIRMED_FACT,true,1.0,https://www.thesportsdb.com/api/v1/json/123/searchevents.php,2026-09-23T07:30:00+08:00,2026-09-22T04:44:16.670155+00:00,"{""hkjc_event_id"":""FB5607"",""thesportsdb_event_id"":""2599869""}"
50001338,Gamba Osaka,大阪飛腳,SENIOR,thesportsdb,137705,Gamba Osaka,CONFIRMED_FACT,true,1.0,https://www.thesportsdb.com/api/v1/json/123/searchevents.php,2026-09-23T16:00:00+08:00,2026-09-22T08:31:38.104103+00:00,"{""hkjc_event_id"":""FB5610"",""thesportsdb_event_id"":""2593319""}"
50000894,Criciuma,基斯奧馬,SENIOR,fotmob,7729,Criciúma,CONFIRMED_FACT,true,1.0,https://www.fotmob.com/api/data/matches?date=20260923,2026-09-23T06:30:00+08:00,2026-09-22T09:26:11.164011+00:00,"{""hkjc_event_id"":""FB5646"",""fotmob_match_id"":5190725}"
50002347,Operario Ferroviario,奧柏拉里奧,SENIOR,fotmob,197429,Operário-PR,CONFIRMED_FACT,true,1.0,https://www.fotmob.com/api/data/matches?date=20260923,2026-09-23T06:30:00+08:00,2026-09-22T09:26:11.164011+00:00,"{""hkjc_event_id"":""FB5646"",""fotmob_match_id"":5190725}"
50001807,Korea DPR Women U20,北韓女足U20,WOMEN_U20,fotmob,1619799,North Korea U20 (W),CONFIRMED_FACT,true,1.0,https://www.fotmob.com/api/data/matches?date=20260924,2026-09-24T00:30:00+08:00,2026-09-22T09:26:11.164011+00:00,"{""hkjc_event_id"":""FB5638"",""fotmob_match_id"":5852099}"
50240645,Colombia Women U20,哥倫比亞女足U20,WOMEN_U20,fotmob,1459884,Colombia U20 (W),CONFIRMED_FACT,true,1.0,https://www.fotmob.com/api/data/matches?date=20260924,2026-09-24T00:30:00+08:00,2026-09-22T09:26:11.164011+00:00,"{""hkjc_event_id"":""FB5638"",""fotmob_match_id"":5852099}"
50283465,Birmingham Legion,伯明翰軍團,SENIOR,thesportsdb,138893,Birmingham Legion,CONFIRMED_FACT,true,1.0,https://www.thesportsdb.com/api/v1/json/123/eventsday.php,2026-09-24T00:00:00+08:00,2026-09-22T11:40:13.596746+00:00,"{""hkjc_event_id"":""FB5657"",""thesportsdb_event_id"":""2397339""}"
50566597,Brooklyn FC,布魯克林FC,SENIOR,thesportsdb,154065,Brooklyn FC,CONFIRMED_FACT,true,1.0,https://www.thesportsdb.com/api/v1/json/123/eventsday.php,2026-09-24T00:00:00+08:00,2026-09-22T11:40:13.596746+00:00,"{""hkjc_event_id"":""FB5657"",""thesportsdb_event_id"":""2397339""}"
50002773,Seattle Sounders,西雅圖海灣者,SENIOR,thesportsdb,134149,Seattle Sounders,CONFIRMED_FACT,true,1.0,https://www.thesportsdb.com/api/v1/json/123/eventsday.php,2026-09-24T09:30:00+08:00,2026-09-22T11:40:13.596746+00:00,"{""hkjc_event_id"":""FB5651"",""thesportsdb_event_id"":""2406811""}"
50002609,Real Salt Lake,皇家鹽湖城,SENIOR,thesportsdb,134158,Real Salt Lake,CONFIRMED_FACT,true,1.0,https://www.thesportsdb.com/api/v1/json/123/eventsday.php,2026-09-24T09:30:00+08:00,2026-09-22T11:40:13.596746+00:00,"{""hkjc_event_id"":""FB5651"",""thesportsdb_event_id"":""2406811""}"
50000337,Azerbaijan,阿塞拜疆,SENIOR,fotmob,8566,Azerbaijan,CONFIRMED_FACT,true,1.0,https://www.fotmob.com/api/data/matches?date=20260924,2026-09-24T00:00:00+08:00,2026-09-22T11:40:21.548729+00:00,"{""hkjc_event_id"":""FB5658"",""fotmob_match_id"":6140728}"
50003041,Tajikistan,塔吉克,SENIOR,fotmob,5898,Tajikistan,CONFIRMED_FACT,true,1.0,https://www.fotmob.com/api/data/matches?date=20260924,2026-09-24T00:00:00+08:00,2026-09-22T11:40:21.548729+00:00,"{""hkjc_event_id"":""FB5658"",""fotmob_match_id"":6140728}"
50355601,Everton Women,愛華頓女足,WOMEN,fotmob,258663,Everton (W),CONFIRMED_FACT,true,0.864,https://www.fotmob.com/api/data/matches?date=20260924,2026-09-24T02:00:00+08:00,2026-09-22T11:40:21.548729+00:00,"{""hkjc_event_id"":""FB5662"",""fotmob_match_id"":6006646}"
50600409,Birmingham Women,伯明翰女足,WOMEN,fotmob,258658,Birmingham City (W),CONFIRMED_FACT,true,0.864,https://www.fotmob.com/api/data/matches?date=20260924,2026-09-24T02:00:00+08:00,2026-09-22T11:40:21.548729+00:00,"{""hkjc_event_id"":""FB5662"",""fotmob_match_id"":6006646}"
50001684,Japan,日本,SENIOR,fotmob,6715,Japan,CONFIRMED_FACT,true,1.0,https://www.fotmob.com/api/data/matches?date=20260924,2026-09-24T18:05:00+08:00,2026-09-22T11:40:21.548729+00:00,"{""hkjc_event_id"":""FB5659"",""fotmob_match_id"":6280194}"
50003222,Uruguay,烏拉圭,SENIOR,fotmob,5796,Uruguay,CONFIRMED_FACT,true,1.0,https://www.fotmob.com/api/data/matches?date=20260924,2026-09-24T18:05:00+08:00,2026-09-22T11:40:21.548729+00:00,"{""hkjc_event_id"":""FB5659"",""fotmob_match_id"":6280194}"
50001808,Korea Republic,南韓,SENIOR,fotmob,7804,South Korea,CONFIRMED_FACT,true,1.0,https://www.fotmob.com/api/data/matches?date=20260924,2026-09-24T19:00:00+08:00,2026-09-22T11:40:21.548729+00:00,"{""hkjc_event_id"":""FB5660"",""fotmob_match_id"":6280195}"
50001042,Ecuador,厄瓜多爾,SENIOR,fotmob,6707,Ecuador,CONFIRMED_FACT,true,1.0,https://www.fotmob.com/api/data/matches?date=20260924,2026-09-24T19:00:00+08:00,2026-09-22T11:40:21.548729+00:00,"{""hkjc_event_id"":""FB5660"",""fotmob_match_id"":6280195}"
50000760,China,中國,SENIOR,fotmob,5822,China,CONFIRMED_FACT,true,1.0,https://www.fotmob.com/api/data/matches?date=20260924,2026-09-24T19:35:00+08:00,2026-09-22T11:40:21.548729+00:00,"{""hkjc_event_id"":""FB5661"",""fotmob_match_id"":6280196}"
50002009,Maldives,馬爾代夫,SENIOR,fotmob,5899,Maldives,CONFIRMED_FACT,true,1.0,https://www.fotmob.com/api/data/matches?date=20260924,2026-09-24T19:35:00+08:00,2026-09-22T11:40:21.548729+00:00,"{""hkjc_event_id"":""FB5661"",""fotmob_match_id"":6280196}"
50000894,Criciuma,基斯奧馬,SENIOR,thesportsdb,134292,Criciúma,CONFIRMED_FACT,true,0.939,https://www.thesportsdb.com/api/v1/json/123/searchevents.php,2026-09-23T06:30:00+08:00,2026-09-22T15:29:59.362752+00:00,"{""hkjc_event_id"":""FB5646"",""thesportsdb_event_id"":""2431448""}"
50002347,Operario Ferroviario,奧柏拉里奧,SENIOR,thesportsdb,136829,Operário Ferroviário,CONFIRMED_FACT,true,0.939,https://www.thesportsdb.com/api/v1/json/123/searchevents.php,2026-09-23T06:30:00+08:00,2026-09-22T15:29:59.362752+00:00,"{""hkjc_event_id"":""FB5646"",""thesportsdb_event_id"":""2431448""}"
50003085,Tokushima Vortis,德島漩渦,SENIOR,thesportsdb,139898,Tokushima Vortis,CONFIRMED_FACT,true,1.0,https://www.thesportsdb.com/api/v1/json/123/searchevents.php,2026-09-23T16:00:00+08:00,2026-09-22T15:29:59.362752+00:00,"{""hkjc_event_id"":""FB5610"",""thesportsdb_event_id"":""2593319""}"
50001775,Kashiwa Reysol,柏雷素爾,SENIOR,thesportsdb,137708,Kashiwa Reysol,CONFIRMED_FACT,true,1.0,https://www.thesportsdb.com/api/v1/json/123/searchevents.php,2026-09-23T16:00:00+08:00,2026-09-22T15:29:59.362752+00:00,"{""hkjc_event_id"":""FB5612"",""thesportsdb_event_id"":""2593311""}"
50001167,FC Imabari,FC今治,SENIOR,thesportsdb,141249,FC Imabari,CONFIRMED_FACT,true,1.0,https://www.thesportsdb.com/api/v1/json/123/searchevents.php,2026-09-23T16:00:00+08:00,2026-09-22T15:29:59.362752+00:00,"{""hkjc_event_id"":""FB5612"",""thesportsdb_event_id"":""2593311""}"
50003329,Vissel Kobe,神戶勝利船,SENIOR,thesportsdb,137717,Vissel Kobe,CONFIRMED_FACT,true,1.0,https://www.thesportsdb.com/api/v1/json/123/searchevents.php,2026-09-23T16:00:00+08:00,2026-09-22T15:29:59.362752+00:00,"{""hkjc_event_id"":""FB5613"",""thesportsdb_event_id"":""2593315""}"
50001639,Iraq,伊拉克,SENIOR,fotmob,5819,Iraq,CONFIRMED_FACT,true,1.0,https://www.fotmob.com/api/data/matches?date=20260923,2026-09-23T22:30:00+08:00,2026-09-22T15:30:14.712131+00:00,"{""hkjc_event_id"":""FB5671"",""fotmob_match_id"":6052027}"
50002340,Oman,阿曼,SENIOR,fotmob,5824,Oman,CONFIRMED_FACT,true,1.0,https://www.fotmob.com/api/data/matches?date=20260923,2026-09-23T22:30:00+08:00,2026-09-22T15:30:14.712131+00:00,"{""hkjc_event_id"":""FB5671"",""fotmob_match_id"":6052027}"
50002754,Saudi Arabia,沙特阿拉伯,SENIOR,fotmob,7795,Saudi Arabia,CONFIRMED_FACT,true,1.0,https://www.fotmob.com/api/data/matches?date=20260924,2026-09-24T02:00:00+08:00,2026-09-22T15:30:14.712131+00:00,"{""hkjc_event_id"":""FB5670"",""fotmob_match_id"":6052035}"
50001841,Kuwait,科威特,SENIOR,fotmob,5821,Kuwait,CONFIRMED_FACT,true,1.0,https://www.fotmob.com/api/data/matches?date=20260924,2026-09-24T02:00:00+08:00,2026-09-22T15:30:14.712131+00:00,"{""hkjc_event_id"":""FB5670"",""fotmob_match_id"":6052035}"
50002695,Sagan Tosu,鳥棲砂岩,SENIOR,thesportsdb,137712,Sagan Tosu,CONFIRMED_FACT,true,1.0,https://www.thesportsdb.com/api/v1/json/123/searchevents.php,2026-09-23T16:00:00+08:00,2026-09-22T18:29:49.075564+00:00,"{""hkjc_event_id"":""FB5613"",""thesportsdb_event_id"":""2593315""}"
50001774,Kashima Antlers,鹿島鹿角,SENIOR,thesportsdb,137707,Kashima Antlers,CONFIRMED_FACT,true,1.0,https://www.thesportsdb.com/api/v1/json/123/searchevents.php,2026-09-23T16:00:00+08:00,2026-09-22T18:29:49.075564+00:00,"{""hkjc_event_id"":""FB5614"",""thesportsdb_event_id"":""2593316""}"
50003298,Ventforet Kofu,甲府風林,SENIOR,thesportsdb,139900,Ventforet Kofu,CONFIRMED_FACT,true,1.0,https://www.thesportsdb.com/api/v1/json/123/searchevents.php,2026-09-23T16:00:00+08:00,2026-09-22T18:29:49.075564+00:00,"{""hkjc_event_id"":""FB5614"",""thesportsdb_event_id"":""2593316""}"
50001992,Machida Zelvia,町田澤維亞,SENIOR,thesportsdb,139889,Machida Zelvia,CONFIRMED_FACT,true,1.0,https://www.thesportsdb.com/api/v1/json/123/searchevents.php,2026-09-23T16:00:00+08:00,2026-09-22T18:29:49.075564+00:00,"{""hkjc_event_id"":""FB5615"",""thesportsdb_event_id"":""2593323""}"
50003083,Tochigi City,櫪木城,SENIOR,thesportsdb,150222,Tochigi City,CONFIRMED_FACT,true,1.0,https://www.thesportsdb.com/api/v1/json/123/searchevents.php,2026-09-23T16:00:00+08:00,2026-09-22T18:29:49.075564+00:00,"{""hkjc_event_id"":""FB5615"",""thesportsdb_event_id"":""2593323""}"
50000439,Belgium U21,比利時U21,U21,fotmob,8506,Belgium U21,CONFIRMED_FACT,true,1.0,https://www.fotmob.com/api/data/matches?date=20260925,2026-09-25T02:00:00+08:00,2026-09-22T18:30:09.060651+00:00,"{""hkjc_event_id"":""FB5616"",""fotmob_match_id"":4785812}"
50000432,Belarus U21,白俄羅斯U21,U21,fotmob,5835,Belarus U21,CONFIRMED_FACT,true,1.0,https://www.fotmob.com/api/data/matches?date=20260925,2026-09-25T02:00:00+08:00,2026-09-22T18:30:09.060651+00:00,"{""hkjc_event_id"":""FB5616"",""fotmob_match_id"":4785812}"
50001909,Liechtenstein,列支敦士登,SENIOR,fotmob,5799,Liechtenstein,CONFIRMED_FACT,true,1.0,https://www.fotmob.com/api/data/matches?date=20260925,2026-09-25T02:45:00+08:00,2026-09-22T21:31:11.347118+00:00,"{""hkjc_event_id"":""FB5592"",""fotmob_match_id"":5181880}"
50001926,Lithuania,立陶宛,SENIOR,fotmob,8254,Lithuania,CONFIRMED_FACT,true,1.0,https://www.fotmob.com/api/data/matches?date=20260925,2026-09-25T02:45:00+08:00,2026-09-22T21:31:11.347118+00:00,"{""hkjc_event_id"":""FB5592"",""fotmob_match_id"":5181880}"
50002502,Portugal,葡萄牙,SENIOR,fotmob,8361,Portugal,CONFIRMED_FACT,true,1.0,https://www.fotmob.com/api/data/matches?date=20260925,2026-09-25T02:45:00+08:00,2026-09-22T21:31:11.347118+00:00,"{""hkjc_event_id"":""FB5593"",""fotmob_match_id"":5181862}"
50003347,Wales,威爾斯,SENIOR,fotmob,5790,Wales,CONFIRMED_FACT,true,1.0,https://www.fotmob.com/api/data/matches?date=20260925,2026-09-25T02:45:00+08:00,2026-09-22T21:31:11.347118+00:00,"{""hkjc_event_id"":""FB5593"",""fotmob_match_id"":5181862}"
50002295,Norway,挪威,SENIOR,fotmob,8492,Norway,CONFIRMED_FACT,true,1.0,https://www.fotmob.com/api/data/matches?date=20260925,2026-09-25T02:45:00+08:00,2026-09-22T21:31:11.347118+00:00,"{""hkjc_event_id"":""FB5594"",""fotmob_match_id"":5181861}"
50000950,Denmark,丹麥,SENIOR,fotmob,8238,Denmark,CONFIRMED_FACT,true,1.0,https://www.fotmob.com/api/data/matches?date=20260925,2026-09-25T02:45:00+08:00,2026-09-22T21:31:11.347118+00:00,"{""hkjc_event_id"":""FB5594"",""fotmob_match_id"":5181861}"
50002798,Serbia,塞爾維亞,SENIOR,fotmob,8205,Serbia,CONFIRMED_FACT,true,1.0,https://www.fotmob.com/api/data/matches?date=20260925,2026-09-25T02:45:00+08:00,2026-09-22T21:31:11.347118+00:00,"{""hkjc_event_id"":""FB5595"",""fotmob_match_id"":5181826}"
50001451,Greece,希臘,SENIOR,fotmob,6383,Greece,CONFIRMED_FACT,true,1.0,https://www.fotmob.com/api/data/matches?date=20260925,2026-09-25T02:45:00+08:00,2026-09-22T21:31:11.347118+00:00,"{""hkjc_event_id"":""FB5595"",""fotmob_match_id"":5181826}"
50002222,Netherlands,荷蘭,SENIOR,fotmob,6708,Netherlands,CONFIRMED_FACT,true,1.0,https://www.fotmob.com/api/data/matches?date=20260925,2026-09-25T02:45:00+08:00,2026-09-22T21:31:11.347118+00:00,"{""hkjc_event_id"":""FB5596"",""fotmob_match_id"":5181825}"
50001357,Germany,德國,SENIOR,fotmob,8570,Germany,CONFIRMED_FACT,true,1.0,https://www.fotmob.com/api/data/matches?date=20260925,2026-09-25T02:45:00+08:00,2026-09-22T21:31:11.347118+00:00,"{""hkjc_event_id"":""FB5596"",""fotmob_match_id"":5181825}"
50000320,Austria,奧地利,SENIOR,fotmob,8255,Austria,CONFIRMED_FACT,true,1.0,https://www.fotmob.com/api/data/matches?date=20260925,2026-09-25T02:45:00+08:00,2026-09-22T21:31:11.347118+00:00,"{""hkjc_event_id"":""FB5598"",""fotmob_match_id"":5181812}"
50001650,Israel,以色列,SENIOR,fotmob,8567,Israel,CONFIRMED_FACT,true,1.0,https://www.fotmob.com/api/data/matches?date=20260925,2026-09-25T02:45:00+08:00,2026-09-22T21:31:11.347118+00:00,"{""hkjc_event_id"":""FB5598"",""fotmob_match_id"":5181812}"
50002311,O'Higgins,奧希金斯,SENIOR,fotmob,6296,O'Higgins,CONFIRMED_FACT,true,1.0,https://www.fotmob.com/api/data/matches?date=20260925,2026-09-25T05:00:00+08:00,2026-09-22T21:31:11.347118+00:00,"{""hkjc_event_id"":""FB5635"",""fotmob_match_id"":6162928}"
50288881,Deportes Santa Cruz,聖達古斯,SENIOR,fotmob,584834,Deportes Santa Cruz,CONFIRMED_FACT,true,1.0,https://www.fotmob.com/api/data/matches?date=20260925,2026-09-25T05:00:00+08:00,2026-09-22T21:31:11.347118+00:00,"{""hkjc_event_id"":""FB5635"",""fotmob_match_id"":6162928}"
50000337,Azerbaijan,阿塞拜疆,SENIOR,thesportsdb,136455,Azerbaijan,CONFIRMED_FACT,true,1.0,https://www.thesportsdb.com/api/v1/json/123/searchevents.php,2026-09-24T00:00:00+08:00,2026-09-23T00:30:05.104037+00:00,"{""hkjc_event_id"":""FB5658"",""thesportsdb_event_id"":""2558124""}"
50001139,Everton VM,維拿迪馬愛華頓,SENIOR,fotmob,1890,Everton CD,CONFIRMED_FACT,true,0.859,https://www.fotmob.com/api/data/matches?date=20260925,2026-09-25T07:30:00+08:00,2026-09-23T00:30:14.024650+00:00,"{""hkjc_event_id"":""FB5636"",""fotmob_match_id"":6162929}"
50003212,Universidad Chile,智利大學,SENIOR,fotmob,6310,Universidad de Chile,CONFIRMED_FACT,true,0.859,https://www.fotmob.com/api/data/matches?date=20260925,2026-09-25T07:30:00+08:00,2026-09-23T00:30:14.024650+00:00,"{""hkjc_event_id"":""FB5636"",""fotmob_match_id"":6162929}"
50462439,HJK Helsinki Women,赫爾辛基女足,WOMEN,thesportsdb,156488,HJK Helsinki Women,CONFIRMED_FACT,true,1.0,https://www.thesportsdb.com/api/v1/json/123/searchevents.php,2026-09-23T23:30:00+08:00,2026-09-23T08:29:22.769293+00:00,"{""hkjc_event_id"":""FB5685"",""thesportsdb_event_id"":""2599843""}"
50353903,Brann Women,白蘭恩女足,WOMEN,thesportsdb,144944,Brann Women,CONFIRMED_FACT,true,1.0,https://www.thesportsdb.com/api/v1/json/123/searchevents.php,2026-09-23T23:30:00+08:00,2026-09-23T08:29:22.769293+00:00,"{""hkjc_event_id"":""FB5685"",""thesportsdb_event_id"":""2599843""}"
50003041,Tajikistan,塔吉克,SENIOR,thesportsdb,140159,Tajikistan,CONFIRMED_FACT,true,1.0,https://www.thesportsdb.com/api/v1/json/123/searchevents.php,2026-09-24T00:00:00+08:00,2026-09-23T08:29:22.769293+00:00,"{""hkjc_event_id"":""FB5658"",""thesportsdb_event_id"":""2558124""}"
50356280,Barcelona Women,巴塞隆拿女足,WOMEN,fotmob,401657,Barcelona (W),CONFIRMED_FACT,true,1.0,https://www.fotmob.com/api/data/matches?date=20260924,2026-09-24T03:00:00+08:00,2026-09-23T08:29:29.108518+00:00,"{""hkjc_event_id"":""FB5677"",""fotmob_match_id"":6148584}"
50356308,Paris FC Women,巴黎FC女足,WOMEN,fotmob,862893,Paris FC (W),CONFIRMED_FACT,true,1.0,https://www.fotmob.com/api/data/matches?date=20260924,2026-09-24T03:00:00+08:00,2026-09-23T08:29:29.108518+00:00,"{""hkjc_event_id"":""FB5677"",""fotmob_match_id"":6148584}"
50355599,Chelsea Women,車路士女足,WOMEN,fotmob,258661,Chelsea (W),CONFIRMED_FACT,true,0.917,https://www.fotmob.com/api/data/matches?date=20260924,2026-09-24T03:00:00+08:00,2026-09-23T08:29:29.108518+00:00,"{""hkjc_event_id"":""FB5678"",""fotmob_match_id"":6148579}"
50462420,Austria Vienna Women,奧地利維也納女足,WOMEN,fotmob,1777852,Austria Wien W (W),CONFIRMED_FACT,true,0.917,https://www.fotmob.com/api/data/matches?date=20260924,2026-09-24T03:00:00+08:00,2026-09-23T08:29:29.108518+00:00,"{""hkjc_event_id"":""FB5678"",""fotmob_match_id"":6148579}"
50002123,Mineros Zacatecas,薩卡特卡斯,SENIOR,fotmob,6574,Mineros de Zacatecas,CONFIRMED_FACT,true,0.908,https://www.fotmob.com/api/data/matches?date=20260925,2026-09-25T09:00:00+08:00,2026-09-23T08:29:29.108518+00:00,"{""hkjc_event_id"":""FB5673"",""fotmob_match_id"":5898737}"
50601674,Piratas FC,派拉達斯FC,SENIOR,fotmob,2070059,Piratas,CONFIRMED_FACT,true,0.908,https://www.fotmob.com/api/data/matches?date=20260925,2026-09-25T09:00:00+08:00,2026-09-23T08:29:29.108518+00:00,"{""hkjc_event_id"":""FB5673"",""fotmob_match_id"":5898737}"
50353889,Hammarby Women,哈馬比女足,WOMEN,thesportsdb,143520,Hammarby Women,CONFIRMED_FACT,true,1.0,https://www.thesportsdb.com/api/v1/json/123/searchevents.php,2026-09-24T01:00:00+08:00,2026-09-23T09:32:07.101819+00:00,"{""hkjc_event_id"":""FB5679"",""thesportsdb_event_id"":""2599846""}"
50356309,Rangers Women,格拉斯哥流浪女足,WOMEN,thesportsdb,147335,Rangers Women,CONFIRMED_FACT,true,1.0,https://www.thesportsdb.com/api/v1/json/123/searchevents.php,2026-09-24T01:00:00+08:00,2026-09-23T09:32:07.101819+00:00,"{""hkjc_event_id"":""FB5679"",""thesportsdb_event_id"":""2599846""}"
50362117,Feyenoord Women,飛燕諾女足,WOMEN,thesportsdb,143630,Feyenoord Women,CONFIRMED_FACT,true,0.981,https://www.thesportsdb.com/api/v1/json/123/searchevents.php,2026-09-24T01:00:00+08:00,2026-09-23T09:32:07.101819+00:00,"{""hkjc_event_id"":""FB5681"",""thesportsdb_event_id"":""2599847""}"
50353901,Valerenga Women,華拉倫加女足,WOMEN,thesportsdb,143500,Vålerenga Women,CONFIRMED_FACT,true,0.981,https://www.thesportsdb.com/api/v1/json/123/searchevents.php,2026-09-24T01:00:00+08:00,2026-09-23T10:31:21.106032+00:00,"{""hkjc_event_id"":""FB5681"",""thesportsdb_event_id"":""2599847""}"
50355606,Tottenham Women,熱刺女足,WOMEN,thesportsdb,140228,Tottenham Women,CONFIRMED_FACT,true,1.0,https://www.thesportsdb.com/api/v1/json/123/searchevents.php,2026-09-24T02:00:00+08:00,2026-09-23T10:31:21.106032+00:00,"{""hkjc_event_id"":""FB5663"",""thesportsdb_event_id"":""2568218""}"
50355607,West Ham Women,韋斯咸女足,WOMEN,thesportsdb,140229,West Ham Women,CONFIRMED_FACT,true,1.0,https://www.thesportsdb.com/api/v1/json/123/searchevents.php,2026-09-24T02:00:00+08:00,2026-09-23T10:31:21.106032+00:00,"{""hkjc_event_id"":""FB5663"",""thesportsdb_event_id"":""2568218""}"
50000500,Boston River,波士頓河,SENIOR,thesportsdb,136051,Boston River,CONFIRMED_FACT,true,0.944,https://www.thesportsdb.com/api/v1/json/123/searchevents.php,2026-09-24T02:30:00+08:00,2026-09-23T14:25:22.532128+00:00,"{""hkjc_event_id"":""FB5649"",""thesportsdb_event_id"":""2599819""}"
50001232,Fenix,芬斯,SENIOR,thesportsdb,135367,Fénix,CONFIRMED_FACT,true,0.944,https://www.thesportsdb.com/api/v1/json/123/searchevents.php,2026-09-24T02:30:00+08:00,2026-09-23T14:25:22.532128+00:00,"{""hkjc_event_id"":""FB5649"",""thesportsdb_event_id"":""2599819""}"
50002391,Palestine,巴勒斯坦,SENIOR,fotmob,6333,Palestine,CONFIRMED_FACT,true,1.0,https://www.fotmob.com/api/data/matches?date=20260924,2026-09-24T17:30:00+08:00,2026-09-23T14:25:30.776771+00:00,"{""hkjc_event_id"":""FB5697"",""fotmob_match_id"":6280193}"
50002248,New Zealand,新西蘭,SENIOR,fotmob,5820,New Zealand,CONFIRMED_FACT,true,1.0,https://www.fotmob.com/api/data/matches?date=20260924,2026-09-24T17:30:00+08:00,2026-09-23T14:25:30.776771+00:00,"{""hkjc_event_id"":""FB5697"",""fotmob_match_id"":6280193}"
50002207,Namibia,納米比亞,SENIOR,fotmob,5802,Namibia,CONFIRMED_FACT,true,1.0,https://www.fotmob.com/api/data/matches?date=20260924,2026-09-24T21:00:00+08:00,2026-09-23T14:25:30.776771+00:00,"{""hkjc_event_id"":""FB5691"",""fotmob_match_id"":6040333}"
50000828,Congo,剛果,SENIOR,fotmob,5801,Congo,CONFIRMED_FACT,true,1.0,https://www.fotmob.com/api/data/matches?date=20260924,2026-09-24T21:00:00+08:00,2026-09-23T14:25:30.776771+00:00,"{""hkjc_event_id"":""FB5691"",""fotmob_match_id"":6040333}"
50003245,Uzbekistan,烏茲別克,SENIOR,fotmob,8700,Uzbekistan,CONFIRMED_FACT,true,1.0,https://www.fotmob.com/api/data/matches?date=20260924,2026-09-24T22:00:00+08:00,2026-09-23T14:25:30.776771+00:00,"{""hkjc_event_id"":""FB5698"",""fotmob_match_id"":6280204}"
50001623,Iran,伊朗,SENIOR,fotmob,6711,Iran,CONFIRMED_FACT,true,1.0,https://www.fotmob.com/api/data/matches?date=20260924,2026-09-24T22:00:00+08:00,2026-09-23T14:25:30.776771+00:00,"{""hkjc_event_id"":""FB5698"",""fotmob_match_id"":6280204}"
50001907,Libya,利比亞,SENIOR,fotmob,6328,Libya,CONFIRMED_FACT,true,1.0,https://www.fotmob.com/api/data/matches?date=20260925,2026-09-25T00:00:00+08:00,2026-09-23T14:25:30.776771+00:00,"{""hkjc_event_id"":""FB5692"",""fotmob_match_id"":6040344}"
50000506,Botswana,博茲瓦納,SENIOR,fotmob,5887,Botswana,CONFIRMED_FACT,true,1.0,https://www.fotmob.com/api/data/matches?date=20260925,2026-09-25T00:00:00+08:00,2026-09-23T14:25:30.776771+00:00,"{""hkjc_event_id"":""FB5692"",""fotmob_match_id"":6040344}"
50002063,Mauritania,毛里塔尼亞,SENIOR,fotmob,68374,Mauritania,CONFIRMED_FACT,true,1.0,https://www.fotmob.com/api/data/matches?date=20260925,2026-09-25T00:00:00+08:00,2026-09-23T14:25:30.776771+00:00,"{""hkjc_event_id"":""FB5693"",""fotmob_match_id"":6040274}"
50000696,Central African Republic,中非共和國,SENIOR,fotmob,230693,Central African Republic,CONFIRMED_FACT,true,1.0,https://www.fotmob.com/api/data/matches?date=20260925,2026-09-25T00:00:00+08:00,2026-09-23T14:25:30.776771+00:00,"{""hkjc_event_id"":""FB5693"",""fotmob_match_id"":6040274}"
50000923,D R Congo,剛果民主共和國,SENIOR,fotmob,6321,DR Congo,CONFIRMED_FACT,true,1.0,https://www.fotmob.com/api/data/matches?date=20260925,2026-09-25T00:00:00+08:00,2026-09-23T14:25:30.776771+00:00,"{""hkjc_event_id"":""FB5695"",""fotmob_match_id"":6040259}"
50001110,Equatorial Guinea,赤道畿內亞,SENIOR,fotmob,8323,Equatorial Guinea,CONFIRMED_FACT,true,1.0,https://www.fotmob.com/api/data/matches?date=20260925,2026-09-25T00:00:00+08:00,2026-09-23T14:25:30.776771+00:00,"{""hkjc_event_id"":""FB5695"",""fotmob_match_id"":6040259}"
50002546,Qatar,卡塔爾,SENIOR,fotmob,5902,Qatar,CONFIRMED_FACT,true,1.0,https://www.fotmob.com/api/data/matches?date=20260925,2026-09-25T02:00:00+08:00,2026-09-23T14:25:30.776771+00:00,"{""hkjc_event_id"":""FB5699"",""fotmob_match_id"":6052083}"
50000349,Bahrain,巴林,SENIOR,fotmob,5901,Bahrain,CONFIRMED_FACT,true,1.0,https://www.fotmob.com/api/data/matches?date=20260925,2026-09-25T02:00:00+08:00,2026-09-23T14:25:30.776771+00:00,"{""hkjc_event_id"":""FB5699"",""fotmob_match_id"":6052083}"
50003134,Tunisia,突尼西亞,SENIOR,fotmob,6719,Tunisia,CONFIRMED_FACT,true,1.0,https://www.fotmob.com/api/data/matches?date=20260925,2026-09-25T03:00:00+08:00,2026-09-23T14:25:30.776771+00:00,"{""hkjc_event_id"":""FB5690"",""fotmob_match_id"":6040345}"
50003183,Uganda,烏干達,SENIOR,fotmob,5890,Uganda,CONFIRMED_FACT,true,1.0,https://www.fotmob.com/api/data/matches?date=20260925,2026-09-25T03:00:00+08:00,2026-09-23T14:25:30.776771+00:00,"{""hkjc_event_id"":""FB5690"",""fotmob_match_id"":6040345}"
50000656,Cameroon,喀麥隆,SENIOR,fotmob,6629,Cameroon,CONFIRMED_FACT,true,1.0,https://www.fotmob.com/api/data/matches?date=20260925,2026-09-25T03:00:00+08:00,2026-09-23T14:25:30.776771+00:00,"{""hkjc_event_id"":""FB5694"",""fotmob_match_id"":6040332}"
50000823,Comoros,科摩羅,SENIOR,fotmob,230692,Comoros,CONFIRMED_FACT,true,1.0,https://www.fotmob.com/api/data/matches?date=20260925,2026-09-25T03:00:00+08:00,2026-09-23T14:25:30.776771+00:00,"{""hkjc_event_id"":""FB5694"",""fotmob_match_id"":6040332}"
50001501,Haiti,海地,SENIOR,fotmob,5934,Haiti,CONFIRMED_FACT,true,1.0,https://www.fotmob.com/api/data/matches?date=20260925,2026-09-25T08:00:00+08:00,2026-09-23T14:25:30.776771+00:00,"{""hkjc_event_id"":""FB5689"",""fotmob_match_id"":5991878}"
50003123,Trinidad and Tobago,千里達,SENIOR,fotmob,7724,Trinidad and Tobago,CONFIRMED_FACT,true,1.0,https://www.fotmob.com/api/data/matches?date=20260925,2026-09-25T08:00:00+08:00,2026-09-23T14:25:30.776771+00:00,"{""hkjc_event_id"":""FB5689"",""fotmob_match_id"":5991878}"
50288636,Dominican Republic,多明尼加共和國,SENIOR,fotmob,262134,Dominican Republic,CONFIRMED_FACT,true,1.0,https://www.fotmob.com/api/data/matches?date=20260925,2026-09-25T08:00:00+08:00,2026-09-23T14:25:30.776771+00:00,"{""hkjc_event_id"":""FB5700"",""fotmob_match_id"":5991879}"
50002258,Nicaragua,尼加拉瓜,SENIOR,fotmob,5807,Nicaragua,CONFIRMED_FACT,true,1.0,https://www.fotmob.com/api/data/matches?date=20260925,2026-09-25T08:00:00+08:00,2026-09-23T14:25:30.776771+00:00,"{""hkjc_event_id"":""FB5700"",""fotmob_match_id"":5991879}"
50000847,Costa Rica,哥斯達黎加,SENIOR,fotmob,6705,Costa Rica,CONFIRMED_FACT,true,1.0,https://www.fotmob.com/api/data/matches?date=20260925,2026-09-25T10:00:00+08:00,2026-09-23T14:25:30.776771+00:00,"{""hkjc_event_id"":""FB5688"",""fotmob_match_id"":5991877}"
50000912,Curacao,庫拉索,SENIOR,fotmob,287981,Curacao,CONFIRMED_FACT,true,1.0,https://www.fotmob.com/api/data/matches?date=20260925,2026-09-25T10:00:00+08:00,2026-09-23T14:25:30.776771+00:00,"{""hkjc_event_id"":""FB5688"",""fotmob_match_id"":5991877}"
50000913,Curico Unido,古里高聯,SENIOR,thesportsdb,137726,Curicó Unido,CONFIRMED_FACT,true,0.962,https://www.thesportsdb.com/api/v1/json/123/searchevents.php,2026-09-24T05:00:00+08:00,2026-09-23T14:49:05.290648+00:00,"{""hkjc_event_id"":""FB5632"",""thesportsdb_event_id"":""2599870""}"
50331022,Deportes Concepcion,康塞普森體育,SENIOR,thesportsdb,148528,Deportes Concepción,CONFIRMED_FACT,true,0.962,https://www.thesportsdb.com/api/v1/json/123/searchevents.php,2026-09-24T05:00:00+08:00,2026-09-23T14:49:05.290648+00:00,"{""hkjc_event_id"":""FB5632"",""thesportsdb_event_id"":""2599870""}"
50002157,Montevideo Wanderers,蒙特維多流浪者,SENIOR,thesportsdb,135377,Montevideo Wanderers,CONFIRMED_FACT,true,1.0,https://www.thesportsdb.com/api/v1/json/123/searchevents.php,2026-09-24T07:00:00+08:00,2026-09-23T14:49:05.290648+00:00,"{""hkjc_event_id"":""FB5648"",""thesportsdb_event_id"":""2599816""}"
50002391,Palestine,巴勒斯坦,SENIOR,thesportsdb,140154,Palestine,CONFIRMED_FACT,true,1.0,https://www.thesportsdb.com/api/v1/json/123/searchevents.php,2026-09-24T17:30:00+08:00,2026-09-24T03:31:35.447815+00:00,"{""hkjc_event_id"":""FB5697"",""thesportsdb_event_id"":""2606329""}"
50002248,New Zealand,新西蘭,SENIOR,thesportsdb,137449,New Zealand,CONFIRMED_FACT,true,1.0,https://www.thesportsdb.com/api/v1/json/123/searchevents.php,2026-09-24T17:30:00+08:00,2026-09-24T03:31:35.447815+00:00,"{""hkjc_event_id"":""FB5697"",""thesportsdb_event_id"":""2606329""}"
50001684,Japan,日本,SENIOR,thesportsdb,134503,Japan,CONFIRMED_FACT,true,1.0,https://www.thesportsdb.com/api/v1/json/123/searchevents.php,2026-09-24T18:05:00+08:00,2026-09-24T03:31:35.447815+00:00,"{""hkjc_event_id"":""FB5659"",""thesportsdb_event_id"":""2578505""}"
50003222,Uruguay,烏拉圭,SENIOR,thesportsdb,134504,Uruguay,CONFIRMED_FACT,true,1.0,https://www.thesportsdb.com/api/v1/json/123/searchevents.php,2026-09-24T18:05:00+08:00,2026-09-24T03:31:35.447815+00:00,"{""hkjc_event_id"":""FB5659"",""thesportsdb_event_id"":""2578505""}"
50000760,China,中國,SENIOR,thesportsdb,134579,China,CONFIRMED_FACT,true,1.0,https://www.thesportsdb.com/api/v1/json/123/searchevents.php,2026-09-24T19:35:00+08:00,2026-09-24T03:31:35.447815+00:00,"{""hkjc_event_id"":""FB5661"",""thesportsdb_event_id"":""2606330""}"
50002009,Maldives,馬爾代夫,SENIOR,thesportsdb,140030,Maldives,CONFIRMED_FACT,true,1.0,https://www.thesportsdb.com/api/v1/json/123/searchevents.php,2026-09-24T19:35:00+08:00,2026-09-24T03:31:35.447815+00:00,"{""hkjc_event_id"":""FB5661"",""thesportsdb_event_id"":""2606330""}"
50002207,Namibia,納米比亞,SENIOR,thesportsdb,136503,Namibia,CONFIRMED_FACT,true,1.0,https://www.thesportsdb.com/api/v1/json/123/searchevents.php,2026-09-24T21:00:00+08:00,2026-09-24T03:31:35.447815+00:00,"{""hkjc_event_id"":""FB5691"",""thesportsdb_event_id"":""2475937""}"
50000828,Congo,剛果,SENIOR,thesportsdb,136480,Congo,CONFIRMED_FACT,true,1.0,https://www.thesportsdb.com/api/v1/json/123/searchevents.php,2026-09-24T21:00:00+08:00,2026-09-24T03:31:35.447815+00:00,"{""hkjc_event_id"":""FB5691"",""thesportsdb_event_id"":""2475937""}"
50003245,Uzbekistan,烏茲別克,SENIOR,thesportsdb,140151,Uzbekistan,CONFIRMED_FACT,true,1.0,https://www.thesportsdb.com/api/v1/json/123/searchevents.php,2026-09-24T22:00:00+08:00,2026-09-24T03:31:35.447815+00:00,"{""hkjc_event_id"":""FB5698"",""thesportsdb_event_id"":""2600296""}"
50001623,Iran,伊朗,SENIOR,thesportsdb,134511,Iran,CONFIRMED_FACT,true,1.0,https://www.thesportsdb.com/api/v1/json/123/searchevents.php,2026-09-24T22:00:00+08:00,2026-09-24T03:31:35.447815+00:00,"{""hkjc_event_id"":""FB5698"",""thesportsdb_event_id"":""2600296""}"
50001907,Libya,利比亞,SENIOR,thesportsdb,136489,Libya,CONFIRMED_FACT,true,1.0,https://www.thesportsdb.com/api/v1/json/123/searchevents.php,2026-09-25T00:00:00+08:00,2026-09-24T03:31:35.447815+00:00,"{""hkjc_event_id"":""FB5692"",""thesportsdb_event_id"":""2475932""}"
50000506,Botswana,博茲瓦納,SENIOR,thesportsdb,136490,Botswana,CONFIRMED_FACT,true,1.0,https://www.thesportsdb.com/api/v1/json/123/searchevents.php,2026-09-25T00:00:00+08:00,2026-09-24T03:31:35.447815+00:00,"{""hkjc_event_id"":""FB5692"",""thesportsdb_event_id"":""2475932""}"
50002063,Mauritania,毛里塔尼亞,SENIOR,thesportsdb,136500,Mauritania,CONFIRMED_FACT,true,1.0,https://www.thesportsdb.com/api/v1/json/123/searchevents.php,2026-09-25T00:00:00+08:00,2026-09-24T03:31:35.447815+00:00,"{""hkjc_event_id"":""FB5693"",""thesportsdb_event_id"":""2475935""}"
50000696,Central African Republic,中非共和國,SENIOR,thesportsdb,136497,Central African Republic,CONFIRMED_FACT,true,1.0,https://www.thesportsdb.com/api/v1/json/123/searchevents.php,2026-09-25T00:00:00+08:00,2026-09-24T03:31:35.447815+00:00,"{""hkjc_event_id"":""FB5693"",""thesportsdb_event_id"":""2475935""}"
50002502,Portugal,葡萄牙,SENIOR,thesportsdb,133908,Portugal,CONFIRMED_FACT,true,1.0,https://www.thesportsdb.com/api/v1/json/123/searchevents.php,2026-09-25T02:45:00+08:00,2026-09-24T03:31:35.447815+00:00,"{""hkjc_event_id"":""FB5593"",""thesportsdb_event_id"":""2442740""}"
50002305,Novorizontino,路禾利桑天奴,SENIOR,fotmob,581838,Novorizontino,CONFIRMED_FACT,true,1.0,https://www.fotmob.com/api/data/matches?date=20260926,2026-09-26T06:30:00+08:00,2026-09-24T03:31:42.996865+00:00,"{""hkjc_event_id"":""FB5705"",""fotmob_match_id"":5190730}"
50002743,Sao Bernardo,聖貝拿度,SENIOR,fotmob,231931,São Bernardo,CONFIRMED_FACT,true,1.0,https://www.fotmob.com/api/data/matches?date=20260926,2026-09-26T06:30:00+08:00,2026-09-24T03:31:42.996865+00:00,"{""hkjc_event_id"":""FB5705"",""fotmob_match_id"":5190730}"
50003322,Vila Nova,維拉諾瓦,SENIOR,fotmob,109706,Vila Nova,CONFIRMED_FACT,true,1.0,https://www.fotmob.com/api/data/matches?date=20260926,2026-09-26T07:30:00+08:00,2026-09-24T03:31:42.996865+00:00,"{""hkjc_event_id"":""FB5706"",""fotmob_match_id"":5190738}"
50001955,Londrina,隆德里納,SENIOR,fotmob,298660,Londrina,CONFIRMED_FACT,true,1.0,https://www.fotmob.com/api/data/matches?date=20260926,2026-09-26T07:30:00+08:00,2026-09-24T03:31:42.996865+00:00,"{""hkjc_event_id"":""FB5706"",""fotmob_match_id"":5190738}"
50003347,Wales,威爾斯,SENIOR,thesportsdb,135982,Wales,CONFIRMED_FACT,true,1.0,https://www.thesportsdb.com/api/v1/json/123/searchevents.php,2026-09-25T02:45:00+08:00,2026-09-24T14:30:40.740406+00:00,"{""hkjc_event_id"":""FB5593"",""thesportsdb_event_id"":""2442740""}"
50002295,Norway,挪威,SENIOR,thesportsdb,136516,Norway,CONFIRMED_FACT,true,1.0,https://www.thesportsdb.com/api/v1/json/123/searchevents.php,2026-09-25T02:45:00+08:00,2026-09-24T14:30:40.740406+00:00,"{""hkjc_event_id"":""FB5594"",""thesportsdb_event_id"":""2442741""}"
50000950,Denmark,丹麥,SENIOR,thesportsdb,133906,Denmark,CONFIRMED_FACT,true,1.0,https://www.thesportsdb.com/api/v1/json/123/searchevents.php,2026-09-25T02:45:00+08:00,2026-09-24T14:30:40.740406+00:00,"{""hkjc_event_id"":""FB5594"",""thesportsdb_event_id"":""2442741""}"
50002798,Serbia,塞爾維亞,SENIOR,thesportsdb,136140,Serbia,CONFIRMED_FACT,true,1.0,https://www.thesportsdb.com/api/v1/json/123/searchevents.php,2026-09-25T02:45:00+08:00,2026-09-24T14:30:40.740406+00:00,"{""hkjc_event_id"":""FB5595"",""thesportsdb_event_id"":""2442739""}"
50001451,Greece,希臘,SENIOR,thesportsdb,133902,Greece,CONFIRMED_FACT,true,1.0,https://www.thesportsdb.com/api/v1/json/123/searchevents.php,2026-09-25T02:45:00+08:00,2026-09-24T14:30:40.740406+00:00,"{""hkjc_event_id"":""FB5595"",""thesportsdb_event_id"":""2442739""}"
50002222,Netherlands,荷蘭,SENIOR,thesportsdb,133905,Netherlands,CONFIRMED_FACT,true,1.0,https://www.thesportsdb.com/api/v1/json/123/searchevents.php,2026-09-25T02:45:00+08:00,2026-09-24T14:30:40.740406+00:00,"{""hkjc_event_id"":""FB5596"",""thesportsdb_event_id"":""2442738""}"
50001357,Germany,德國,SENIOR,thesportsdb,133907,Germany,CONFIRMED_FACT,true,1.0,https://www.thesportsdb.com/api/v1/json/123/searchevents.php,2026-09-25T02:45:00+08:00,2026-09-24T14:30:40.740406+00:00,"{""hkjc_event_id"":""FB5596"",""thesportsdb_event_id"":""2442738""}"
50000320,Austria,奧地利,SENIOR,thesportsdb,135986,Austria,CONFIRMED_FACT,true,1.0,https://www.thesportsdb.com/api/v1/json/123/searchevents.php,2026-09-25T02:45:00+08:00,2026-09-24T14:30:40.740406+00:00,"{""hkjc_event_id"":""FB5598"",""thesportsdb_event_id"":""2442742""}"
50001650,Israel,以色列,SENIOR,thesportsdb,135931,Israel,CONFIRMED_FACT,true,1.0,https://www.thesportsdb.com/api/v1/json/123/searchevents.php,2026-09-25T02:45:00+08:00,2026-09-24T14:30:40.740406+00:00,"{""hkjc_event_id"":""FB5598"",""thesportsdb_event_id"":""2442742""}"
50003134,Tunisia,突尼西亞,SENIOR,thesportsdb,136142,Tunisia,CONFIRMED_FACT,true,1.0,https://www.thesportsdb.com/api/v1/json/123/searchevents.php,2026-09-25T03:00:00+08:00,2026-09-24T14:30:40.740406+00:00,"{""hkjc_event_id"":""FB5690"",""thesportsdb_event_id"":""2475947""}"
50003183,Uganda,烏干達,SENIOR,thesportsdb,136486,Uganda,CONFIRMED_FACT,true,1.0,https://www.thesportsdb.com/api/v1/json/123/searchevents.php,2026-09-25T03:00:00+08:00,2026-09-24T14:30:40.740406+00:00,"{""hkjc_event_id"":""FB5690"",""thesportsdb_event_id"":""2475947""}"
50000656,Cameroon,喀麥隆,SENIOR,thesportsdb,134498,Cameroon,CONFIRMED_FACT,true,1.0,https://www.thesportsdb.com/api/v1/json/123/searchevents.php,2026-09-25T03:00:00+08:00,2026-09-24T14:30:40.740406+00:00,"{""hkjc_event_id"":""FB5694"",""thesportsdb_event_id"":""2475926""}"
50000823,Comoros,科摩羅,SENIOR,thesportsdb,136512,Comoros,CONFIRMED_FACT,true,1.0,https://www.thesportsdb.com/api/v1/json/123/searchevents.php,2026-09-25T03:00:00+08:00,2026-09-24T14:30:40.740406+00:00,"{""hkjc_event_id"":""FB5694"",""thesportsdb_event_id"":""2475926""}"
50002311,O'Higgins,奧希金斯,SENIOR,thesportsdb,137731,O'Higgins,CONFIRMED_FACT,true,1.0,https://www.thesportsdb.com/api/v1/json/123/searchevents.php,2026-09-25T05:00:00+08:00,2026-09-24T14:30:40.740406+00:00,"{""hkjc_event_id"":""FB5635"",""thesportsdb_event_id"":""2599873""}"
50001501,Haiti,海地,SENIOR,thesportsdb,140175,Haiti,CONFIRMED_FACT,true,1.0,https://www.thesportsdb.com/api/v1/json/123/searchevents.php,2026-09-25T08:20:00+08:00,2026-09-24T14:30:40.740406+00:00,"{""hkjc_event_id"":""FB5689"",""thesportsdb_event_id"":""2608357""}"
50001243,Finland U21,芬蘭U21,U21,thesportsdb,140323,Finland U21,CONFIRMED_FACT,true,1.0,https://www.thesportsdb.com/api/v1/json/123/eventsday.php,2026-09-25T23:00:00+08:00,2026-09-24T14:30:40.740406+00:00,"{""hkjc_event_id"":""FB5765"",""thesportsdb_event_id"":""2269517""}"
50002897,Spain U21,西班牙U21,U21,thesportsdb,136841,Spain U21,CONFIRMED_FACT,true,1.0,https://www.thesportsdb.com/api/v1/json/123/eventsday.php,2026-09-25T23:00:00+08:00,2026-09-24T14:30:40.740406+00:00,"{""hkjc_event_id"":""FB5765"",""thesportsdb_event_id"":""2269517""}"
50000361,Bangladesh,孟加拉,SENIOR,fotmob,95797,Bangladesh,CONFIRMED_FACT,true,1.0,https://www.fotmob.com/api/data/matches?date=20260925,2026-09-25T17:00:00+08:00,2026-09-24T14:30:51.896427+00:00,"{""hkjc_event_id"":""FB5785"",""fotmob_match_id"":6232978}"
50002005,Malaysia,馬來西亞,SENIOR,fotmob,5823,Malaysia,CONFIRMED_FACT,true,1.0,https://www.fotmob.com/api/data/matches?date=20260925,2026-09-25T17:00:00+08:00,2026-09-24T14:30:51.896427+00:00,"{""hkjc_event_id"":""FB5785"",""fotmob_match_id"":6232978}"
50000299,Australia,澳洲,SENIOR,fotmob,6716,Australia,CONFIRMED_FACT,true,1.0,https://www.fotmob.com/api/data/matches?date=20260925,2026-09-25T18:00:00+08:00,2026-09-24T14:30:51.896427+00:00,"{""hkjc_event_id"":""FB5719"",""fotmob_match_id"":5924776}"
50000524,Brazil,巴西,SENIOR,fotmob,8256,Brazil,CONFIRMED_FACT,true,1.0,https://www.fotmob.com/api/data/matches?date=20260925,2026-09-25T18:00:00+08:00,2026-09-24T14:30:51.896427+00:00,"{""hkjc_event_id"":""FB5719"",""fotmob_match_id"":5924776}"
50003051,Tanzania,坦桑尼亞,SENIOR,fotmob,7941,Tanzania,CONFIRMED_FACT,true,1.0,https://www.fotmob.com/api/data/matches?date=20260925,2026-09-25T21:00:00+08:00,2026-09-24T14:30:51.896427+00:00,"{""hkjc_event_id"":""FB5763"",""fotmob_match_id"":6040385}"
50001484,Guinea Bissau,畿內亞比紹,SENIOR,fotmob,230700,Guinea-Bissau,CONFIRMED_FACT,true,1.0,https://www.fotmob.com/api/data/matches?date=20260925,2026-09-25T21:00:00+08:00,2026-09-24T14:30:51.896427+00:00,"{""hkjc_event_id"":""FB5763"",""fotmob_match_id"":6040385}"
50002183,Mozambique,莫桑比克,SENIOR,fotmob,5965,Mozambique,CONFIRMED_FACT,true,1.0,https://www.fotmob.com/api/data/matches?date=20260925,2026-09-25T21:00:00+08:00,2026-09-24T14:30:51.896427+00:00,"{""hkjc_event_id"":""FB5791"",""fotmob_match_id"":6040405}"
50002777,Senegal,塞內加爾,SENIOR,fotmob,6395,Senegal,CONFIRMED_FACT,true,1.0,https://www.fotmob.com/api/data/matches?date=20260925,2026-09-25T21:00:00+08:00,2026-09-24T14:30:51.896427+00:00,"{""hkjc_event_id"":""FB5791"",""fotmob_match_id"":6040405}"
50001601,Indonesia,印尼,SENIOR,fotmob,6324,Indonesia,CONFIRMED_FACT,true,1.0,https://www.fotmob.com/api/data/matches?date=20260925,2026-09-25T21:00:00+08:00,2026-09-24T14:30:51.896427+00:00,"{""hkjc_event_id"":""FB5804"",""fotmob_match_id"":6232979}"
50002837,Singapore,新加坡,SENIOR,fotmob,5825,Singapore,CONFIRMED_FACT,true,1.0,https://www.fotmob.com/api/data/matches?date=20260925,2026-09-25T21:00:00+08:00,2026-09-24T14:30:51.896427+00:00,"{""hkjc_event_id"":""FB5804"",""fotmob_match_id"":6232979}"
50000338,Azerbaijan U21,阿塞拜疆U21,U21,fotmob,6515,Azerbaijan U21,CONFIRMED_FACT,true,1.0,https://www.fotmob.com/api/data/matches?date=20260925,2026-09-25T21:45:00+08:00,2026-09-24T14:30:51.896427+00:00,"{""hkjc_event_id"":""FB5766"",""fotmob_match_id"":4785875}"
50000919,Czechia U21,捷克U21,U21,fotmob,5833,Czechia U21,CONFIRMED_FACT,true,1.0,https://www.fotmob.com/api/data/matches?date=20260925,2026-09-25T21:45:00+08:00,2026-09-24T14:30:51.896427+00:00,"{""hkjc_event_id"":""FB5766"",""fotmob_match_id"":4785875}"
50001598,India,印度,SENIOR,fotmob,6329,India,CONFIRMED_FACT,true,1.0,https://www.fotmob.com/api/data/matches?date=20260925,2026-09-25T22:00:00+08:00,2026-09-24T14:30:51.896427+00:00,"{""hkjc_event_id"":""FB5787"",""fotmob_match_id"":6280205}"
50002398,Panama,巴拿馬,SENIOR,fotmob,5922,Panama,CONFIRMED_FACT,true,1.0,https://www.fotmob.com/api/data/matches?date=20260925,2026-09-25T22:00:00+08:00,2026-09-24T14:30:51.896427+00:00,"{""hkjc_event_id"":""FB5787"",""fotmob_match_id"":6280205}"
50001584,Iceland U21,冰島U21,U21,fotmob,5842,Iceland U21,CONFIRMED_FACT,true,1.0,https://www.fotmob.com/api/data/matches?date=20260925,2026-09-25T23:00:00+08:00,2026-09-24T14:30:51.896427+00:00,"{""hkjc_event_id"":""FB5738"",""fotmob_match_id"":4785905}"
50001272,France U21,法國U21,U21,fotmob,6653,France U21,CONFIRMED_FACT,true,1.0,https://www.fotmob.com/api/data/matches?date=20260925,2026-09-25T23:00:00+08:00,2026-09-24T14:30:51.896427+00:00,"{""hkjc_event_id"":""FB5738"",""fotmob_match_id"":4785905}"
50002260,Niger,尼日爾,SENIOR,fotmob,121281,Niger,CONFIRMED_FACT,true,1.0,https://www.fotmob.com/api/data/matches?date=20260925,2026-09-25T23:00:00+08:00,2026-09-24T14:30:51.896427+00:00,"{""hkjc_event_id"":""FB5757"",""fotmob_match_id"":6040200}"
50001898,Lesotho,萊索托,SENIOR,fotmob,4167,Lesotho,CONFIRMED_FACT,true,1.0,https://www.fotmob.com/api/data/matches?date=20260925,2026-09-25T23:00:00+08:00,2026-09-24T14:30:51.896427+00:00,"{""hkjc_event_id"":""FB5757"",""fotmob_match_id"":6040200}"
50000594,Bulgaria U21,保加利亞U21,U21,fotmob,5849,Bulgaria U21,CONFIRMED_FACT,true,1.0,https://www.fotmob.com/api/data/matches?date=20260925,2026-09-25T23:30:00+08:00,2026-09-24T14:30:51.896427+00:00,"{""hkjc_event_id"":""FB5740"",""fotmob_match_id"":4785874}"
50002505,Portugal U21,葡萄牙U21,U21,fotmob,8557,Portugal U21,CONFIRMED_FACT,true,1.0,https://www.fotmob.com/api/data/matches?date=20260925,2026-09-25T23:30:00+08:00,2026-09-24T14:30:51.896427+00:00,"{""hkjc_event_id"":""FB5740"",""fotmob_match_id"":4785874}"
50001354,Georgia,格魯吉亞,SENIOR,fotmob,8268,Georgia,CONFIRMED_FACT,true,1.0,https://www.fotmob.com/api/data/matches?date=20260926,2026-09-26T00:00:00+08:00,2026-09-24T14:30:51.896427+00:00,"{""hkjc_event_id"":""FB5715"",""fotmob_match_id"":5181800}"
50002291,Northern Ireland,北愛爾蘭,SENIOR,fotmob,10259,Northern Ireland,CONFIRMED_FACT,true,1.0,https://www.fotmob.com/api/data/matches?date=20260926,2026-09-26T00:00:00+08:00,2026-09-24T14:30:51.896427+00:00,"{""hkjc_event_id"":""FB5715"",""fotmob_match_id"":5181800}"
50000236,Armenia,阿美尼亞,SENIOR,fotmob,6583,Armenia,CONFIRMED_FACT,true,1.0,https://www.fotmob.com/api/data/matches?date=20260926,2026-09-26T00:00:00+08:00,2026-09-24T14:30:51.896427+00:00,"{""hkjc_event_id"":""FB5716"",""fotmob_match_id"":5181921}"
50001873,Latvia,拉脫維亞,SENIOR,fotmob,5795,Latvia,CONFIRMED_FACT,true,1.0,https://www.fotmob.com/api/data/matches?date=20260926,2026-09-26T00:00:00+08:00,2026-09-24T14:30:51.896427+00:00,"{""hkjc_event_id"":""FB5716"",""fotmob_match_id"":5181921}"
50002261,Nigeria,尼日利亞,SENIOR,fotmob,6346,Nigeria,CONFIRMED_FACT,true,1.0,https://www.fotmob.com/api/data/matches?date=20260926,2026-09-26T00:00:00+08:00,2026-09-24T14:30:51.896427+00:00,"{""hkjc_event_id"":""FB5746"",""fotmob_match_id"":6040384}"
50001993,Madagascar,馬達加斯加,SENIOR,fotmob,5809,Madagascar,CONFIRMED_FACT,true,1.0,https://www.fotmob.com/api/data/matches?date=20260926,2026-09-26T00:00:00+08:00,2026-09-24T14:30:51.896427+00:00,"{""hkjc_event_id"":""FB5746"",""fotmob_match_id"":6040384}"
50002004,Malawi,馬拉維,SENIOR,fotmob,6020,Malawi,CONFIRMED_FACT,true,1.0,https://www.fotmob.com/api/data/matches?date=20260926,2026-09-26T00:00:00+08:00,2026-09-24T14:30:51.896427+00:00,"{""hkjc_event_id"":""FB5761"",""fotmob_match_id"":6040213}"
50002890,South Sudan,南蘇丹,SENIOR,fotmob,408231,South Sudan,CONFIRMED_FACT,true,1.0,https://www.fotmob.com/api/data/matches?date=20260926,2026-09-26T00:00:00+08:00,2026-09-24T14:30:51.896427+00:00,"{""hkjc_event_id"":""FB5761"",""fotmob_match_id"":6040213}"
50002225,Netherlands U21,荷蘭U21,U21,fotmob,6635,Netherlands U21,CONFIRMED_FACT,true,1.0,https://www.fotmob.com/api/data/matches?date=20260926,2026-09-26T00:30:00+08:00,2026-09-24T14:30:51.896427+00:00,"{""hkjc_event_id"":""FB5724"",""fotmob_match_id"":4785795}"
50002297,Norway U21,挪威U21,U21,fotmob,5830,Norway U21,CONFIRMED_FACT,true,1.0,https://www.fotmob.com/api/data/matches?date=20260926,2026-09-26T00:30:00+08:00,2026-09-24T14:30:51.896427+00:00,"{""hkjc_event_id"":""FB5724"",""fotmob_match_id"":4785795}"
50003022,Switzerland U21,瑞士U21,U21,fotmob,5854,Switzerland U21,CONFIRMED_FACT,true,1.0,https://www.fotmob.com/api/data/matches?date=20260926,2026-09-26T01:30:00+08:00,2026-09-24T14:30:51.896427+00:00,"{""hkjc_event_id"":""FB5756"",""fotmob_match_id"":4785904}"
50001973,Luxembourg U21,盧森堡U21,U21,fotmob,5832,Luxembourg U21,CONFIRMED_FACT,true,1.0,https://www.fotmob.com/api/data/matches?date=20260926,2026-09-26T01:30:00+08:00,2026-09-24T14:30:51.896427+00:00,"{""hkjc_event_id"":""FB5756"",""fotmob_match_id"":4785904}"
50001424,Girona,基羅納,SENIOR,fotmob,7732,Girona,CONFIRMED_FACT,true,1.0,https://www.fotmob.com/api/data/matches?date=20260926,2026-09-26T02:30:00+08:00,2026-09-24T14:30:51.896427+00:00,"{""hkjc_event_id"":""FB5708"",""fotmob_match_id"":5868463}"
50000121,Albacete,阿爾巴塞特,SENIOR,fotmob,8393,Albacete,CONFIRMED_FACT,true,1.0,https://www.fotmob.com/api/data/matches?date=20260926,2026-09-26T02:30:00+08:00,2026-09-24T14:30:51.896427+00:00,"{""hkjc_event_id"":""FB5708"",""fotmob_match_id"":5868463}"
50001655,Italy,意大利,SENIOR,fotmob,8204,Italy,CONFIRMED_FACT,true,1.0,https://www.fotmob.com/api/data/matches?date=20260926,2026-09-26T02:45:00+08:00,2026-09-24T14:30:51.896427+00:00,"{""hkjc_event_id"":""FB5710"",""fotmob_match_id"":5181788}"
50000438,Belgium,比利時,SENIOR,fotmob,8263,Belgium,CONFIRMED_FACT,true,1.0,https://www.fotmob.com/api/data/matches?date=20260926,2026-09-26T02:45:00+08:00,2026-09-24T14:30:51.896427+00:00,"{""hkjc_event_id"":""FB5710"",""fotmob_match_id"":5181788}"
50002150,Montenegro,黑山,SENIOR,fotmob,49437,Montenegro,CONFIRMED_FACT,true,1.0,https://www.fotmob.com/api/data/matches?date=20260926,2026-09-26T02:45:00+08:00,2026-09-24T14:30:51.896427+00:00,"{""hkjc_event_id"":""FB5711"",""fotmob_match_id"":5181922}"
50000915,Cyprus,塞浦路斯,SENIOR,fotmob,5793,Cyprus,CONFIRMED_FACT,true,1.0,https://www.fotmob.com/api/data/matches?date=20260926,2026-09-26T02:45:00+08:00,2026-09-24T14:30:51.896427+00:00,"{""hkjc_event_id"":""FB5711"",""fotmob_match_id"":5181922}"
50003010,Sweden,瑞典,SENIOR,fotmob,8520,Sweden,CONFIRMED_FACT,true,1.0,https://www.fotmob.com/api/data/matches?date=20260926,2026-09-26T02:45:00+08:00,2026-09-24T14:30:51.896427+00:00,"{""hkjc_event_id"":""FB5712"",""fotmob_match_id"":5181838}"
50002649,Romania,羅馬尼亞,SENIOR,fotmob,9730,Romania,CONFIRMED_FACT,true,1.0,https://www.fotmob.com/api/data/matches?date=20260926,2026-09-26T02:45:00+08:00,2026-09-24T14:30:51.896427+00:00,"{""hkjc_event_id"":""FB5712"",""fotmob_match_id"":5181838}"
50002470,Poland,波蘭,SENIOR,fotmob,8568,Poland,CONFIRMED_FACT,true,0.959,https://www.fotmob.com/api/data/matches?date=20260926,2026-09-26T02:45:00+08:00,2026-09-24T14:30:51.896427+00:00,"{""hkjc_event_id"":""FB5713"",""fotmob_match_id"":5181837}"
50000498,Bosnia-Herzegovina,波斯尼亞,SENIOR,fotmob,10106,Bosnia and Herzegovina,CONFIRMED_FACT,true,0.959,https://www.fotmob.com/api/data/matches?date=20260926,2026-09-26T02:45:00+08:00,2026-09-24T14:30:51.896427+00:00,"{""hkjc_event_id"":""FB5713"",""fotmob_match_id"":5181837}"
50001573,Hungary,匈牙利,SENIOR,fotmob,8565,Hungary,CONFIRMED_FACT,true,1.0,https://www.fotmob.com/api/data/matches?date=20260926,2026-09-26T02:45:00+08:00,2026-09-24T14:30:51.896427+00:00,"{""hkjc_event_id"":""FB5714"",""fotmob_match_id"":5181801}"
50003185,Ukraine,烏克蘭,SENIOR,fotmob,6718,Ukraine,CONFIRMED_FACT,true,1.0,https://www.fotmob.com/api/data/matches?date=20260926,2026-09-26T02:45:00+08:00,2026-09-24T14:30:51.896427+00:00,"{""hkjc_event_id"":""FB5714"",""fotmob_match_id"":5181801}"
50003142,Turkiye,土耳其,SENIOR,fotmob,6595,Turkiye,CONFIRMED_FACT,true,1.0,https://www.fotmob.com/api/data/matches?date=20260926,2026-09-26T02:45:00+08:00,2026-09-24T14:30:51.896427+00:00,"{""hkjc_event_id"":""FB5717"",""fotmob_match_id"":5181789}"
50001268,France,法國,SENIOR,fotmob,6723,France,CONFIRMED_FACT,true,1.0,https://www.fotmob.com/api/data/matches?date=20260926,2026-09-26T02:45:00+08:00,2026-09-24T14:30:51.896427+00:00,"{""hkjc_event_id"":""FB5717"",""fotmob_match_id"":5181789}"
50001004,Dordrecht,多德勒支,SENIOR,fotmob,6631,FC Dordrecht,CONFIRMED_FACT,true,0.905,https://www.fotmob.com/api/data/matches?date=20260926,2026-09-26T03:00:00+08:00,2026-09-24T14:30:51.896427+00:00,"{""hkjc_event_id"":""FB5709"",""fotmob_match_id"":5832879}"
50000155,Almere City,阿梅爾城,SENIOR,fotmob,4116,Almere City FC,CONFIRMED_FACT,true,0.905,https://www.fotmob.com/api/data/matches?date=20260926,2026-09-26T03:00:00+08:00,2026-09-24T14:30:51.896427+00:00,"{""hkjc_event_id"":""FB5709"",""fotmob_match_id"":5832879}"
50001051,Egypt,埃及,SENIOR,fotmob,10255,Egypt,CONFIRMED_FACT,true,1.0,https://www.fotmob.com/api/data/matches?date=20260926,2026-09-26T03:00:00+08:00,2026-09-24T14:30:51.896427+00:00,"{""hkjc_event_id"":""FB5758"",""fotmob_match_id"":6040212}"
50000180,Angola,安哥拉,SENIOR,fotmob,6712,Angola,CONFIRMED_FACT,true,1.0,https://www.fotmob.com/api/data/matches?date=20260926,2026-09-26T03:00:00+08:00,2026-09-24T14:30:51.896427+00:00,"{""hkjc_event_id"":""FB5758"",""fotmob_match_id"":6040212}"
50002012,Mali,馬里,SENIOR,fotmob,5815,Mali,CONFIRMED_FACT,true,0.86,https://www.fotmob.com/api/data/matches?date=20260926,2026-09-26T03:00:00+08:00,2026-09-24T14:30:51.896427+00:00,"{""hkjc_event_id"":""FB5759"",""fotmob_match_id"":6040372}"
50000673,Cape Verde Islands,佛得角,SENIOR,fotmob,5888,Cape Verde,CONFIRMED_FACT,true,0.86,https://www.fotmob.com/api/data/matches?date=20260926,2026-09-26T03:00:00+08:00,2026-09-24T14:30:51.896427+00:00,"{""hkjc_event_id"":""FB5759"",""fotmob_match_id"":6040372}"
50000138,Algeria,阿爾及利亞,SENIOR,fotmob,6317,Algeria,CONFIRMED_FACT,true,1.0,https://www.fotmob.com/api/data/matches?date=20260926,2026-09-26T03:00:00+08:00,2026-09-24T14:30:51.896427+00:00,"{""hkjc_event_id"":""FB5762"",""fotmob_match_id"":6040356}"
50003409,Zambia,贊比亞,SENIOR,fotmob,6277,Zambia,CONFIRMED_FACT,true,1.0,https://www.fotmob.com/api/data/matches?date=20260926,2026-09-26T03:00:00+08:00,2026-09-24T14:30:51.896427+00:00,"{""hkjc_event_id"":""FB5762"",""fotmob_match_id"":6040356}"
50002168,Morocco,摩洛哥,SENIOR,fotmob,6262,Morocco,CONFIRMED_FACT,true,1.0,https://www.fotmob.com/api/data/matches?date=20260926,2026-09-26T03:00:00+08:00,2026-09-24T14:30:51.896427+00:00,"{""hkjc_event_id"":""FB5788"",""fotmob_match_id"":6040199}"
50001326,Gabon,加蓬,SENIOR,fotmob,5889,Gabon,CONFIRMED_FACT,true,1.0,https://www.fotmob.com/api/data/matches?date=20260926,2026-09-26T03:00:00+08:00,2026-09-24T14:30:51.896427+00:00,"{""hkjc_event_id"":""FB5788"",""fotmob_match_id"":6040199}"
50283454,Hartford Athletic,哈特福體育,SENIOR,fotmob,1003206,Hartford Athletic,CONFIRMED_FACT,true,0.967,https://www.fotmob.com/api/data/matches?date=20260926,2026-09-26T07:00:00+08:00,2026-09-24T14:30:51.896427+00:00,"{""hkjc_event_id"":""FB5739"",""fotmob_match_id"":5109963}"
50001959,Louisville City,路易斯維爾城,SENIOR,fotmob,614316,Louisville City FC,CONFIRMED_FACT,true,0.967,https://www.fotmob.com/api/data/matches?date=20260926,2026-09-26T07:00:00+08:00,2026-09-24T14:30:51.896427+00:00,"{""hkjc_event_id"":""FB5739"",""fotmob_match_id"":5109963}"
50000257,Atlante,阿蘭特,SENIOR,fotmob,1942,Atlante,CONFIRMED_FACT,true,1.0,https://www.fotmob.com/api/data/matches?date=20260926,2026-09-26T09:00:00+08:00,2026-09-24T14:30:51.896427+00:00,"{""hkjc_event_id"":""FB5718"",""fotmob_match_id"":1000014580}"
50002152,Monterrey,蒙特雷,SENIOR,fotmob,7849,Monterrey,CONFIRMED_FACT,true,1.0,https://www.fotmob.com/api/data/matches?date=20260926,2026-09-26T09:00:00+08:00,2026-09-24T14:30:51.896427+00:00,"{""hkjc_event_id"":""FB5718"",""fotmob_match_id"":1000014580}"
50325834,El Paso Locomotive,艾爾帕索火車頭,SENIOR,fotmob,1003209,El Paso Locomotive FC,CONFIRMED_FACT,true,0.971,https://www.fotmob.com/api/data/matches?date=20260926,2026-09-26T09:00:00+08:00,2026-09-24T14:30:51.896427+00:00,"{""hkjc_event_id"":""FB5782"",""fotmob_match_id"":5109962}"
50001193,FC Tulsa,FC塔爾薩,SENIOR,fotmob,614325,FC Tulsa,CONFIRMED_FACT,true,0.971,https://www.fotmob.com/api/data/matches?date=20260926,2026-09-26T09:00:00+08:00,2026-09-24T14:30:51.896427+00:00,"{""hkjc_event_id"":""FB5782"",""fotmob_match_id"":5109962}"
50003076,Tijuana,迪祖亞拿,SENIOR,fotmob,162418,Tijuana,CONFIRMED_FACT,true,1.0,https://www.fotmob.com/api/data/matches?date=20260926,2026-09-26T11:00:00+08:00,2026-09-24T14:30:51.896427+00:00,"{""hkjc_event_id"":""FB5707"",""fotmob_match_id"":1000014581}"
50000258,Atlas,阿特拿斯,SENIOR,fotmob,6577,Atlas,CONFIRMED_FACT,true,1.0,https://www.fotmob.com/api/data/matches?date=20260926,2026-09-26T11:00:00+08:00,2026-09-24T14:30:51.896427+00:00,"{""hkjc_event_id"":""FB5707"",""fotmob_match_id"":1000014581}"
50002148,Montedio Yamagata,山形山神,SENIOR,fotmob,164720,Montedio Yamagata,CONFIRMED_FACT,true,1.0,https://www.fotmob.com/api/data/matches?date=20260926,2026-09-26T16:00:00+08:00,2026-09-24T14:30:51.896427+00:00,"{""hkjc_event_id"":""FB5725"",""fotmob_match_id"":5836281}"
50000474,Blaublitz Akita,秋田藍閃電,SENIOR,fotmob,194015,Blaublitz Akita,CONFIRMED_FACT,true,1.0,https://www.fotmob.com/api/data/matches?date=20260926,2026-09-26T16:00:00+08:00,2026-09-24T14:30:51.896427+00:00,"{""hkjc_event_id"":""FB5726"",""fotmob_match_id"":5836277}"
50000127,Albirex Niigata,新潟天鵝,SENIOR,fotmob,4425,Albirex Niigata,CONFIRMED_FACT,true,1.0,https://www.fotmob.com/api/data/matches?date=20260926,2026-09-26T16:00:00+08:00,2026-09-24T14:30:51.896427+00:00,"{""hkjc_event_id"":""FB5726"",""fotmob_match_id"":5836277}"
50002324,Oita Trinita,大分三神,SENIOR,fotmob,4427,Oita Trinita,CONFIRMED_FACT,true,1.0,https://www.fotmob.com/api/data/matches?date=20260926,2026-09-26T16:00:00+08:00,2026-09-24T14:30:51.896427+00:00,"{""hkjc_event_id"":""FB5727"",""fotmob_match_id"":5836282}"
50001776,Kataller Toyama,富山勝利,SENIOR,fotmob,164737,Kataller Toyama,CONFIRMED_FACT,true,0.9,https://www.fotmob.com/api/data/matches?date=20260926,2026-09-26T16:00:00+08:00,2026-09-24T14:30:51.896427+00:00,"{""hkjc_event_id"":""FB5728"",""fotmob_match_id"":5836286}"
50001196,FC Yokohama,FC橫濱,SENIOR,fotmob,49615,Yokohama FC,CONFIRMED_FACT,true,0.9,https://www.fotmob.com/api/data/matches?date=20260926,2026-09-26T16:00:00+08:00,2026-09-24T14:30:51.896427+00:00,"{""hkjc_event_id"":""FB5728"",""fotmob_match_id"":5836286}"
50002827,Shonan Bellmare,湘南比馬,SENIOR,fotmob,6180,Shonan Bellmare,CONFIRMED_FACT,true,1.0,https://www.fotmob.com/api/data/matches?date=20260926,2026-09-26T16:00:00+08:00,2026-09-24T14:30:51.896427+00:00,"{""hkjc_event_id"":""FB5729"",""fotmob_match_id"":5836278}"
50002343,RB Omiya Ardija,RB大宮松鼠,SENIOR,fotmob,4398,RB Omiya Ardija,CONFIRMED_FACT,true,1.0,https://www.fotmob.com/api/data/matches?date=20260926,2026-09-26T16:00:00+08:00,2026-09-24T14:30:51.896427+00:00,"{""hkjc_event_id"":""FB5730"",""fotmob_match_id"":5836283}"
50319129,Tegevajaro Miyazaki,宮崎棒牛鳥,SENIOR,fotmob,941024,Tegevajaro Miyazaki,CONFIRMED_FACT,true,1.0,https://www.fotmob.com/api/data/matches?date=20260926,2026-09-26T16:00:00+08:00,2026-09-24T14:30:51.896427+00:00,"{""hkjc_event_id"":""FB5741"",""fotmob_match_id"":5836284}"
50001550,Hokkaido Consadole Sapporo,北海道札幌岡薩多,SENIOR,fotmob,112688,Hokkaido Consadole Sapporo,CONFIRMED_FACT,true,1.0,https://www.fotmob.com/api/data/matches?date=20260926,2026-09-26T16:00:00+08:00,2026-09-24T14:30:51.896427+00:00,"{""hkjc_event_id"":""FB5741"",""fotmob_match_id"":5836284}"
50001732,Jubilo Iwata,磐田山葉,SENIOR,fotmob,8065,Júbilo Iwata,CONFIRMED_FACT,true,1.0,https://www.fotmob.com/api/data/matches?date=20260926,2026-09-26T16:00:00+08:00,2026-09-24T14:30:51.896427+00:00,"{""hkjc_event_id"":""FB5742"",""fotmob_match_id"":5836280}"
50003268,Vanraure Hachinohe,八戶雲羅里,SENIOR,fotmob,584880,Vanraure Hachinohe,CONFIRMED_FACT,true,1.0,https://www.fotmob.com/api/data/matches?date=20260926,2026-09-26T16:00:00+08:00,2026-09-24T14:30:51.896427+00:00,"{""hkjc_event_id"":""FB5742"",""fotmob_match_id"":5836280}"
50267911,Iwaki FC,磐城FC,SENIOR,fotmob,860934,Iwaki FC,CONFIRMED_FACT,true,1.0,https://www.fotmob.com/api/data/matches?date=20260926,2026-09-26T16:00:00+08:00,2026-09-24T14:30:51.896427+00:00,"{""hkjc_event_id"":""FB5744"",""fotmob_match_id"":5836279}"
50003284,Vegalta Sendai,仙台維加泰,SENIOR,fotmob,162192,Vegalta Sendai,CONFIRMED_FACT,true,1.0,https://www.fotmob.com/api/data/matches?date=20260926,2026-09-26T16:00:00+08:00,2026-09-24T14:30:51.896427+00:00,"{""hkjc_event_id"":""FB5744"",""fotmob_match_id"":5836279}"
50000705,Ceuta,施奧達,SENIOR,fotmob,357259,AD Ceuta FC,CONFIRMED_FACT,true,0.857,https://www.fotmob.com/api/data/matches?date=20260926,2026-09-26T20:00:00+08:00,2026-09-24T14:30:51.896427+00:00,"{""hkjc_event_id"":""FB5794"",""fotmob_match_id"":5868461}"
50002611,Real Sociedad B,皇家蘇斯達B隊,SENIOR,fotmob,161744,Real Sociedad B,CONFIRMED_FACT,true,0.857,https://www.fotmob.com/api/data/matches?date=20260926,2026-09-26T20:00:00+08:00,2026-09-24T14:30:51.896427+00:00,"{""hkjc_event_id"":""FB5794"",""fotmob_match_id"":5868461}"
50002862,Slovenia,斯洛文尼亞,SENIOR,fotmob,5787,Slovenia,CONFIRMED_FACT,true,1.0,https://www.fotmob.com/api/data/matches?date=20260926,2026-09-26T21:00:00+08:00,2026-09-24T14:30:51.896427+00:00,"{""hkjc_event_id"":""FB5747"",""fotmob_match_id"":5181776}"
50002769,Scotland,蘇格蘭,SENIOR,fotmob,8498,Scotland,CONFIRMED_FACT,true,1.0,https://www.fotmob.com/api/data/matches?date=20260926,2026-09-26T21:00:00+08:00,2026-09-24T14:30:51.896427+00:00,"{""hkjc_event_id"":""FB5747"",""fotmob_match_id"":5181776}"
50002985,Stockport,史托港,SENIOR,fotmob,10007,Stockport County,CONFIRMED_FACT,true,0.775,https://www.fotmob.com/api/data/matches?date=20260926,2026-09-26T22:00:00+08:00,2026-09-24T14:30:51.896427+00:00,"{""hkjc_event_id"":""FB5768"",""fotmob_match_id"":5837181}"
50000022,AFC Wimbledon,AFC 溫布頓,SENIOR,fotmob,158319,AFC Wimbledon,CONFIRMED_FACT,true,0.944,https://www.fotmob.com/api/data/matches?date=20260926,2026-09-26T22:00:00+08:00,2026-09-24T14:30:51.896427+00:00,"{""hkjc_event_id"":""FB5770"",""fotmob_match_id"":5837172}"
50002466,Plymouth,普利茅夫,SENIOR,fotmob,8401,Plymouth Argyle,CONFIRMED_FACT,true,0.864,https://www.fotmob.com/api/data/matches?date=20260926,2026-09-26T22:00:00+08:00,2026-09-24T14:30:51.896427+00:00,"{""hkjc_event_id"":""FB5771"",""fotmob_match_id"":5837179}"
50000604,Burton Albion,伯頓,SENIOR,fotmob,9792,Burton Albion,CONFIRMED_FACT,true,0.864,https://www.fotmob.com/api/data/matches?date=20260926,2026-09-26T22:00:00+08:00,2026-09-24T14:30:51.896427+00:00,"{""hkjc_event_id"":""FB5771"",""fotmob_match_id"":5837179}"
50002641,Rochdale,羅奇代爾,SENIOR,fotmob,8493,Rochdale,CONFIRMED_FACT,true,1.0,https://www.fotmob.com/api/data/matches?date=20260926,2026-09-26T22:00:00+08:00,2026-09-24T14:30:51.896427+00:00,"{""hkjc_event_id"":""FB5773"",""fotmob_match_id"":5837946}"
50000578,Bristol Rovers,布里斯托流浪,SENIOR,fotmob,10104,Bristol Rovers,CONFIRMED_FACT,true,1.0,https://www.fotmob.com/api/data/matches?date=20260926,2026-09-26T22:00:00+08:00,2026-09-24T14:30:51.896427+00:00,"{""hkjc_event_id"":""FB5777"",""fotmob_match_id"":5837943}"
50000049,Accrington Stanley,阿克寧頓,SENIOR,fotmob,8671,Accrington Stanley,CONFIRMED_FACT,true,0.889,https://www.fotmob.com/api/data/matches?date=20260926,2026-09-26T22:00:00+08:00,2026-09-24T14:30:51.896427+00:00,"{""hkjc_event_id"":""FB5779"",""fotmob_match_id"":5837952}"
50000630,CF Granada,CF格蘭納達,SENIOR,fotmob,7878,Granada,CONFIRMED_FACT,true,0.938,https://www.fotmob.com/api/data/matches?date=20260926,2026-09-26T22:15:00+08:00,2026-09-24T14:30:51.896427+00:00,"{""hkjc_event_id"":""FB5795"",""fotmob_match_id"":5868464}"
50001144,FC Andorra,FC安道爾,SENIOR,fotmob,494050,FC Andorra,CONFIRMED_FACT,true,0.938,https://www.fotmob.com/api/data/matches?date=20260926,2026-09-26T22:15:00+08:00,2026-09-24T14:30:51.896427+00:00,"{""hkjc_event_id"":""FB5795"",""fotmob_match_id"":5868464}"
50001536,Heracles,荷華高斯,SENIOR,fotmob,9791,Heracles,CONFIRMED_FACT,true,1.0,https://www.fotmob.com/api/data/matches?date=20260926,2026-09-26T22:30:00+08:00,2026-09-24T14:30:51.896427+00:00,"{""hkjc_event_id"":""FB5731"",""fotmob_match_id"":5832880}"
50003330,Vitesse,維迪斯,SENIOR,fotmob,8277,Vitesse,CONFIRMED_FACT,true,1.0,https://www.fotmob.com/api/data/matches?date=20260926,2026-09-26T22:30:00+08:00,2026-09-24T14:30:51.896427+00:00,"{""hkjc_event_id"":""FB5731"",""fotmob_match_id"":5832880}"
50003123,Trinidad and Tobago,千里達,SENIOR,thesportsdb,140176,Trinidad and Tobago,CONFIRMED_FACT,true,1.0,https://www.thesportsdb.com/api/v1/json/123/searchevents.php,2026-09-25T08:20:00+08:00,2026-09-25T00:16:12.709070+00:00,"{""hkjc_event_id"":""FB5689"",""thesportsdb_event_id"":""2608357""}"
50000847,Costa Rica,哥斯達黎加,SENIOR,thesportsdb,134505,Costa Rica,CONFIRMED_FACT,true,0.962,https://www.thesportsdb.com/api/v1/json/123/searchevents.php,2026-09-25T10:00:00+08:00,2026-09-25T00:16:12.709070+00:00,"{""hkjc_event_id"":""FB5688"",""thesportsdb_event_id"":""2608358""}"
50000912,Curacao,庫拉索,SENIOR,thesportsdb,140271,Curaçao,CONFIRMED_FACT,true,0.962,https://www.thesportsdb.com/api/v1/json/123/searchevents.php,2026-09-25T10:00:00+08:00,2026-09-25T00:16:12.709070+00:00,"{""hkjc_event_id"":""FB5688"",""thesportsdb_event_id"":""2608358""}"
50000361,Bangladesh,孟加拉,SENIOR,thesportsdb,140137,Bangladesh,CONFIRMED_FACT,true,1.0,https://www.thesportsdb.com/api/v1/json/123/searchevents.php,2026-09-25T17:00:00+08:00,2026-09-25T00:16:12.709070+00:00,"{""hkjc_event_id"":""FB5785"",""thesportsdb_event_id"":""2610106""}"
50002005,Malaysia,馬來西亞,SENIOR,thesportsdb,140138,Malaysia,CONFIRMED_FACT,true,1.0,https://www.thesportsdb.com/api/v1/json/123/searchevents.php,2026-09-25T17:00:00+08:00,2026-09-25T00:16:12.709070+00:00,"{""hkjc_event_id"":""FB5785"",""thesportsdb_event_id"":""2610106""}"
50000299,Australia,澳洲,SENIOR,thesportsdb,134500,Australia,CONFIRMED_FACT,true,1.0,https://www.thesportsdb.com/api/v1/json/123/searchevents.php,2026-09-25T18:00:00+08:00,2026-09-25T00:16:12.709070+00:00,"{""hkjc_event_id"":""FB5719"",""thesportsdb_event_id"":""2523481""}"
50000524,Brazil,巴西,SENIOR,thesportsdb,134496,Brazil,CONFIRMED_FACT,true,1.0,https://www.thesportsdb.com/api/v1/json/123/searchevents.php,2026-09-25T18:00:00+08:00,2026-09-25T00:16:12.709070+00:00,"{""hkjc_event_id"":""FB5719"",""thesportsdb_event_id"":""2523481""}"
50000897,Croatia U21,克羅地亞U21,U21,thesportsdb,136846,Croatia U21,CONFIRMED_FACT,true,1.0,https://www.thesportsdb.com/api/v1/json/123/eventsday.php,2026-09-26T23:00:00+08:00,2026-09-25T00:16:12.709070+00:00,"{""hkjc_event_id"":""FB5781"",""thesportsdb_event_id"":""2269528""}"
50001575,Hungary U21,匈牙利U21,U21,thesportsdb,141166,Hungary U21,CONFIRMED_FACT,true,1.0,https://www.thesportsdb.com/api/v1/json/123/eventsday.php,2026-09-26T23:00:00+08:00,2026-09-25T00:16:12.709070+00:00,"{""hkjc_event_id"":""FB5781"",""thesportsdb_event_id"":""2269528""}"
50001681,Jamaica,牙買加,SENIOR,fotmob,5806,Jamaica,CONFIRMED_FACT,true,1.0,https://www.fotmob.com/api/data/matches?date=20260926,2026-09-26T08:00:00+08:00,2026-09-25T00:16:19.895147+00:00,"{""hkjc_event_id"":""FB5805"",""fotmob_match_id"":5991890}"
50001476,Guatemala,危地馬拉,SENIOR,fotmob,5858,Guatemala,CONFIRMED_FACT,true,1.0,https://www.fotmob.com/api/data/matches?date=20260926,2026-09-26T08:00:00+08:00,2026-09-25T00:16:19.895147+00:00,"{""hkjc_event_id"":""FB5805"",""fotmob_match_id"":5991890}"
50001554,Honduras,洪都拉斯,SENIOR,fotmob,5808,Honduras,CONFIRMED_FACT,true,1.0,https://www.fotmob.com/api/data/matches?date=20260926,2026-09-26T09:00:00+08:00,2026-09-25T00:16:19.895147+00:00,"{""hkjc_event_id"":""FB5806"",""fotmob_match_id"":5991889}"
50003004,Suriname,蘇里南,SENIOR,fotmob,127411,Suriname,CONFIRMED_FACT,true,1.0,https://www.fotmob.com/api/data/matches?date=20260926,2026-09-26T09:00:00+08:00,2026-09-25T00:16:19.895147+00:00,"{""hkjc_event_id"":""FB5806"",""fotmob_match_id"":5991889}"
50001066,El Salvador,薩爾瓦多,SENIOR,fotmob,6327,El Salvador,CONFIRMED_FACT,true,1.0,https://www.fotmob.com/api/data/matches?date=20260926,2026-09-26T11:00:00+08:00,2026-09-25T00:16:19.895147+00:00,"{""hkjc_event_id"":""FB5807"",""fotmob_match_id"":5991891}"
50002059,Martinique,馬提尼克,SENIOR,fotmob,5859,Martinique,CONFIRMED_FACT,true,1.0,https://www.fotmob.com/api/data/matches?date=20260926,2026-09-26T11:00:00+08:00,2026-09-25T00:16:19.895147+00:00,"{""hkjc_event_id"":""FB5807"",""fotmob_match_id"":5991891}"
50001355,Georgia U21,格魯吉亞U21,U21,fotmob,5855,Georgia U21,CONFIRMED_FACT,true,1.0,https://www.fotmob.com/api/data/matches?date=20260926,2026-09-26T23:00:00+08:00,2026-09-25T00:16:19.895147+00:00,"{""hkjc_event_id"":""FB5745"",""fotmob_match_id"":4785964}"
50001453,Greece U21,希臘U21,U21,fotmob,5843,Greece U21,CONFIRMED_FACT,true,1.0,https://www.fotmob.com/api/data/matches?date=20260926,2026-09-26T23:00:00+08:00,2026-09-25T00:16:19.895147+00:00,"{""hkjc_event_id"":""FB5745"",""fotmob_match_id"":4785964}"
50002719,San Marino,聖馬力諾,SENIOR,fotmob,6035,San Marino,CONFIRMED_FACT,true,1.0,https://www.fotmob.com/api/data/matches?date=20260927,2026-09-27T00:00:00+08:00,2026-09-25T00:16:19.895147+00:00,"{""hkjc_event_id"":""FB5751"",""fotmob_match_id"":5181894}"
50001242,Finland,芬蘭,SENIOR,fotmob,7871,Finland,CONFIRMED_FACT,true,1.0,https://www.fotmob.com/api/data/matches?date=20260927,2026-09-27T00:00:00+08:00,2026-09-25T00:16:19.895147+00:00,"{""hkjc_event_id"":""FB5751"",""fotmob_match_id"":5181894}"
50001583,Iceland,冰島,SENIOR,fotmob,8536,Iceland,CONFIRMED_FACT,true,1.0,https://www.fotmob.com/api/data/matches?date=20260927,2026-09-27T00:00:00+08:00,2026-09-25T00:16:19.895147+00:00,"{""hkjc_event_id"":""FB5753"",""fotmob_match_id"":5181950}"
50001123,Estonia,愛沙尼亞,SENIOR,fotmob,8261,Estonia,CONFIRMED_FACT,true,1.0,https://www.fotmob.com/api/data/matches?date=20260927,2026-09-27T00:00:00+08:00,2026-09-25T00:16:19.895147+00:00,"{""hkjc_event_id"":""FB5753"",""fotmob_match_id"":5181950}"
50000593,Bulgaria,保加利亞,SENIOR,fotmob,10150,Bulgaria,CONFIRMED_FACT,true,1.0,https://www.fotmob.com/api/data/matches?date=20260927,2026-09-27T00:00:00+08:00,2026-09-25T00:16:19.895147+00:00,"{""hkjc_event_id"":""FB5754"",""fotmob_match_id"":5181949}"
50001972,Luxembourg,盧森堡,SENIOR,fotmob,5792,Luxembourg,CONFIRMED_FACT,true,1.0,https://www.fotmob.com/api/data/matches?date=20260927,2026-09-27T00:00:00+08:00,2026-09-25T00:16:19.895147+00:00,"{""hkjc_event_id"":""FB5754"",""fotmob_match_id"":5181949}"
50001224,Faroe Islands,法羅群島,SENIOR,fotmob,8269,Faroe Islands,CONFIRMED_FACT,true,1.0,https://www.fotmob.com/api/data/matches?date=20260927,2026-09-27T00:00:00+08:00,2026-09-25T00:16:19.895147+00:00,"{""hkjc_event_id"":""FB5767"",""fotmob_match_id"":5181933}"
50001782,Kazakhstan,哈薩克,SENIOR,fotmob,8265,Kazakhstan,CONFIRMED_FACT,true,1.0,https://www.fotmob.com/api/data/matches?date=20260927,2026-09-27T00:00:00+08:00,2026-09-25T00:16:19.895147+00:00,"{""hkjc_event_id"":""FB5767"",""fotmob_match_id"":5181933}"
50003187,Ukraine U21,烏克蘭U21,U21,fotmob,6658,Ukraine U21,CONFIRMED_FACT,true,1.0,https://www.fotmob.com/api/data/matches?date=20260927,2026-09-27T00:00:00+08:00,2026-09-25T00:16:19.895147+00:00,"{""hkjc_event_id"":""FB5790"",""fotmob_match_id"":4785772}"
50003144,Turkiye U21,土耳其U21,U21,fotmob,5845,Turkiye U21,CONFIRMED_FACT,true,1.0,https://www.fotmob.com/api/data/matches?date=20260927,2026-09-27T00:00:00+08:00,2026-09-25T00:16:19.895147+00:00,"{""hkjc_event_id"":""FB5790"",""fotmob_match_id"":4785772}"
50003058,Tenerife,特內里費,SENIOR,fotmob,9867,Tenerife,CONFIRMED_FACT,true,1.0,https://www.fotmob.com/api/data/matches?date=20260927,2026-09-27T00:30:00+08:00,2026-09-25T00:16:19.895147+00:00,"{""hkjc_event_id"":""FB5796"",""fotmob_match_id"":5868468}"
50000644,Cadiz,卡迪斯,SENIOR,fotmob,8385,Cádiz,CONFIRMED_FACT,true,1.0,https://www.fotmob.com/api/data/matches?date=20260927,2026-09-27T00:30:00+08:00,2026-09-25T00:16:19.895147+00:00,"{""hkjc_event_id"":""FB5796"",""fotmob_match_id"":5868468}"
50602800,Celta Fortuna,幸運切爾達,SENIOR,fotmob,161743,Celta Fortuna,CONFIRMED_FACT,true,1.0,https://www.fotmob.com/api/data/matches?date=20260927,2026-09-27T00:30:00+08:00,2026-09-25T00:16:19.895147+00:00,"{""hkjc_event_id"":""FB5803"",""fotmob_match_id"":5868460}"
50002691,Sabadell,沙巴度爾,SENIOR,fotmob,4033,Sabadell,CONFIRMED_FACT,true,1.0,https://www.fotmob.com/api/data/matches?date=20260927,2026-09-27T00:30:00+08:00,2026-09-25T00:16:19.895147+00:00,"{""hkjc_event_id"":""FB5803"",""fotmob_match_id"":5868460}"
50001074,Emmen,安曼,SENIOR,fotmob,6660,FC Emmen,CONFIRMED_FACT,true,0.75,https://www.fotmob.com/api/data/matches?date=20260927,2026-09-27T02:00:00+08:00,2026-09-25T00:16:19.895147+00:00,"{""hkjc_event_id"":""FB5732"",""fotmob_match_id"":5832881}"
50002361,Oss,奧斯,SENIOR,fotmob,7781,TOP Oss,CONFIRMED_FACT,true,0.75,https://www.fotmob.com/api/data/matches?date=20260927,2026-09-27T02:00:00+08:00,2026-09-25T00:16:19.895147+00:00,"{""hkjc_event_id"":""FB5732"",""fotmob_match_id"":5832881}"
50001984,Maastricht,馬斯特里赫特,SENIOR,fotmob,9838,MVV Maastricht,CONFIRMED_FACT,true,0.803,https://www.fotmob.com/api/data/matches?date=20260927,2026-09-27T02:00:00+08:00,2026-09-25T00:16:19.895147+00:00,"{""hkjc_event_id"":""FB5733"",""fotmob_match_id"":5832883}"
50001534,Helmond,靴蒙特,SENIOR,fotmob,6417,Helmond Sport,CONFIRMED_FACT,true,0.803,https://www.fotmob.com/api/data/matches?date=20260927,2026-09-27T02:00:00+08:00,2026-09-25T00:16:19.895147+00:00,"{""hkjc_event_id"":""FB5733"",""fotmob_match_id"":5832883}"
50003336,Volendam,禾寧丹,SENIOR,fotmob,6601,FC Volendam,CONFIRMED_FACT,true,0.813,https://www.fotmob.com/api/data/matches?date=20260927,2026-09-27T02:00:00+08:00,2026-09-25T00:16:19.895147+00:00,"{""hkjc_event_id"":""FB5734"",""fotmob_match_id"":5832882}"
50003297,Venlo,芬洛,SENIOR,fotmob,9839,VVV-Venlo,CONFIRMED_FACT,true,0.813,https://www.fotmob.com/api/data/matches?date=20260927,2026-09-27T02:00:00+08:00,2026-09-25T00:16:19.895147+00:00,"{""hkjc_event_id"":""FB5734"",""fotmob_match_id"":5832882}"
50001076,England,英格蘭,SENIOR,fotmob,8491,England,CONFIRMED_FACT,true,1.0,https://www.fotmob.com/api/data/matches?date=20260927,2026-09-27T02:45:00+08:00,2026-09-25T00:16:19.895147+00:00,"{""hkjc_event_id"":""FB5748"",""fotmob_match_id"":5181850}"
50002894,Spain,西班牙,SENIOR,fotmob,6720,Spain,CONFIRMED_FACT,true,1.0,https://www.fotmob.com/api/data/matches?date=20260927,2026-09-27T02:45:00+08:00,2026-09-25T00:16:19.895147+00:00,"{""hkjc_event_id"":""FB5748"",""fotmob_match_id"":5181850}"
50000917,Czechia,捷克,SENIOR,fotmob,8496,Czechia,CONFIRMED_FACT,true,1.0,https://www.fotmob.com/api/data/matches?date=20260927,2026-09-27T02:45:00+08:00,2026-09-25T00:16:19.895147+00:00,"{""hkjc_event_id"":""FB5749"",""fotmob_match_id"":5181849}"
50000895,Croatia,克羅地亞,SENIOR,fotmob,10155,Croatia,CONFIRMED_FACT,true,1.0,https://www.fotmob.com/api/data/matches?date=20260927,2026-09-27T02:45:00+08:00,2026-09-25T00:16:19.895147+00:00,"{""hkjc_event_id"":""FB5749"",""fotmob_match_id"":5181849}"
50000122,Albania,阿爾巴尼亞,SENIOR,fotmob,10024,Albania,CONFIRMED_FACT,true,1.0,https://www.fotmob.com/api/data/matches?date=20260927,2026-09-27T02:45:00+08:00,2026-09-25T00:16:19.895147+00:00,"{""hkjc_event_id"":""FB5750"",""fotmob_match_id"":5181895}"
50000430,Belarus,白俄羅斯,SENIOR,fotmob,10057,Belarus,CONFIRMED_FACT,true,1.0,https://www.fotmob.com/api/data/matches?date=20260927,2026-09-27T02:45:00+08:00,2026-09-25T00:16:19.895147+00:00,"{""hkjc_event_id"":""FB5750"",""fotmob_match_id"":5181895}"
50002287,North Macedonia,北馬其頓,SENIOR,fotmob,8260,North Macedonia,CONFIRMED_FACT,true,1.0,https://www.fotmob.com/api/data/matches?date=20260927,2026-09-27T02:45:00+08:00,2026-09-25T00:16:19.895147+00:00,"{""hkjc_event_id"":""FB5752"",""fotmob_match_id"":5181777}"
50003019,Switzerland,瑞士,SENIOR,fotmob,6717,Switzerland,CONFIRMED_FACT,true,1.0,https://www.fotmob.com/api/data/matches?date=20260927,2026-09-27T02:45:00+08:00,2026-09-25T00:16:19.895147+00:00,"{""hkjc_event_id"":""FB5752"",""fotmob_match_id"":5181777}"
50002857,Slovakia,斯洛伐克,SENIOR,fotmob,8497,Slovakia,CONFIRMED_FACT,true,1.0,https://www.fotmob.com/api/data/matches?date=20260927,2026-09-27T02:45:00+08:00,2026-09-25T00:16:19.895147+00:00,"{""hkjc_event_id"":""FB5755"",""fotmob_match_id"":5181934}"
50002138,Moldova,摩爾多瓦,SENIOR,fotmob,5794,Moldova,CONFIRMED_FACT,true,1.0,https://www.fotmob.com/api/data/matches?date=20260927,2026-09-27T02:45:00+08:00,2026-09-25T00:16:19.895147+00:00,"{""hkjc_event_id"":""FB5755"",""fotmob_match_id"":5181934}"
