hkjc_event_id,kickoff_hkt,hkjc_team_id,hkjc_team_name,side,verified_history_matches,previous_verified_kickoff,rest_hours,starter_overlap,starters_changed,verified_squad_size,goalkeepers,defenders,midfielders,attackers,future_fixtures_7d,future_fixtures_14d,rotation_evidence_class,depth_evidence_class,congestion_evidence_class,source
FB5701,2026-09-24T23:55:00+08:00,50003206,United Arab Emirates,HOME,0,,,,,0,0,0,0,0,0,0,INSUFFICIENT_HISTORY,NO_VERIFIED_SQUAD,FACT_CURRENT_HKJC_UNIVERSE,phase2_hkjc_current+phase2_player_master
FB5701,2026-09-24T23:55:00+08:00,50003395,Yemen,AWAY,0,,,,,0,0,0,0,0,0,0,INSUFFICIENT_HISTORY,NO_VERIFIED_SQUAD,FACT_CURRENT_HKJC_UNIVERSE,phase2_hkjc_current+phase2_player_master
FB5692,2026-09-25T00:00:00+08:00,50001907,Libya,HOME,0,,,,,24,0,8,5,7,0,0,INSUFFICIENT_HISTORY,FACT,FACT_CURRENT_HKJC_UNIVERSE,phase2_hkjc_current+phase2_player_master
FB5692,2026-09-25T00:00:00+08:00,50000506,Botswana,AWAY,0,,,,,18,0,6,6,4,0,0,INSUFFICIENT_HISTORY,FACT,FACT_CURRENT_HKJC_UNIVERSE,phase2_hkjc_current+phase2_player_master
FB5693,2026-09-25T00:00:00+08:00,50002063,Mauritania,HOME,0,,,,,28,0,9,7,8,0,0,INSUFFICIENT_HISTORY,FACT,FACT_CURRENT_HKJC_UNIVERSE,phase2_hkjc_current+phase2_player_master
FB5693,2026-09-25T00:00:00+08:00,50000696,Central African Republic,AWAY,0,,,,,25,0,8,8,5,0,0,INSUFFICIENT_HISTORY,FACT,FACT_CURRENT_HKJC_UNIVERSE,phase2_hkjc_current+phase2_player_master
FB5695,2026-09-25T00:00:00+08:00,50000923,D R Congo,HOME,0,,,,,37,0,11,8,14,0,0,INSUFFICIENT_HISTORY,FACT,FACT_CURRENT_HKJC_UNIVERSE,phase2_hkjc_current+phase2_player_master
FB5695,2026-09-25T00:00:00+08:00,50001110,Equatorial Guinea,AWAY,0,,,,,29,0,8,10,7,0,0,INSUFFICIENT_HISTORY,FACT,FACT_CURRENT_HKJC_UNIVERSE,phase2_hkjc_current+phase2_player_master
FB5616,2026-09-25T02:00:00+08:00,50000439,Belgium U21,HOME,0,,,,,0,0,0,0,0,0,0,INSUFFICIENT_HISTORY,NO_VERIFIED_SQUAD,FACT_CURRENT_HKJC_UNIVERSE,phase2_hkjc_current+phase2_player_master
FB5616,2026-09-25T02:00:00+08:00,50000432,Belarus U21,AWAY,0,,,,,0,0,0,0,0,0,0,INSUFFICIENT_HISTORY,NO_VERIFIED_SQUAD,FACT_CURRENT_HKJC_UNIVERSE,phase2_hkjc_current+phase2_player_master
FB5699,2026-09-25T02:00:00+08:00,50002546,Qatar,HOME,0,,,,,27,0,7,7,9,0,0,INSUFFICIENT_HISTORY,FACT,FACT_CURRENT_HKJC_UNIVERSE,phase2_hkjc_current+phase2_player_master
FB5699,2026-09-25T02:00:00+08:00,50000349,Bahrain,AWAY,0,,,,,27,0,8,8,7,0,0,INSUFFICIENT_HISTORY,FACT,FACT_CURRENT_HKJC_UNIVERSE,phase2_hkjc_current+phase2_player_master
FB5592,2026-09-25T02:45:00+08:00,50001909,Liechtenstein,HOME,0,,,,,40,0,13,11,9,0,0,INSUFFICIENT_HISTORY,FACT,FACT_CURRENT_HKJC_UNIVERSE,phase2_hkjc_current+phase2_player_master
FB5592,2026-09-25T02:45:00+08:00,50001926,Lithuania,AWAY,0,,,,,44,0,16,11,10,0,0,INSUFFICIENT_HISTORY,FACT,FACT_CURRENT_HKJC_UNIVERSE,phase2_hkjc_current+phase2_player_master
FB5593,2026-09-25T02:45:00+08:00,50002502,Portugal,HOME,0,,,,,27,0,9,7,7,0,0,INSUFFICIENT_HISTORY,FACT,FACT_CURRENT_HKJC_UNIVERSE,phase2_hkjc_current+phase2_player_master
FB5593,2026-09-25T02:45:00+08:00,50003347,Wales,AWAY,0,,,,,31,0,11,7,9,0,0,INSUFFICIENT_HISTORY,FACT,FACT_CURRENT_HKJC_UNIVERSE,phase2_hkjc_current+phase2_player_master
FB5594,2026-09-25T02:45:00+08:00,50002295,Norway,HOME,0,,,,,26,0,7,8,7,0,0,INSUFFICIENT_HISTORY,FACT,FACT_CURRENT_HKJC_UNIVERSE,phase2_hkjc_current+phase2_player_master
FB5594,2026-09-25T02:45:00+08:00,50000950,Denmark,AWAY,0,,,,,25,0,7,8,6,0,0,INSUFFICIENT_HISTORY,FACT,FACT_CURRENT_HKJC_UNIVERSE,phase2_hkjc_current+phase2_player_master
FB5595,2026-09-25T02:45:00+08:00,50002798,Serbia,HOME,0,,,,,30,0,10,10,6,0,0,INSUFFICIENT_HISTORY,FACT,FACT_CURRENT_HKJC_UNIVERSE,phase2_hkjc_current+phase2_player_master
FB5595,2026-09-25T02:45:00+08:00,50001451,Greece,AWAY,0,,,,,27,0,6,10,7,0,0,INSUFFICIENT_HISTORY,FACT,FACT_CURRENT_HKJC_UNIVERSE,phase2_hkjc_current+phase2_player_master
FB5596,2026-09-25T02:45:00+08:00,50002222,Netherlands,HOME,0,,,,,27,0,9,8,6,0,0,INSUFFICIENT_HISTORY,FACT,FACT_CURRENT_HKJC_UNIVERSE,phase2_hkjc_current+phase2_player_master
FB5596,2026-09-25T02:45:00+08:00,50001357,Germany,AWAY,0,,,,,45,0,15,14,10,0,0,INSUFFICIENT_HISTORY,FACT,FACT_CURRENT_HKJC_UNIVERSE,phase2_hkjc_current+phase2_player_master
FB5597,2026-09-25T02:45:00+08:00,50001834,Kosovo,HOME,0,,,,,0,0,0,0,0,0,0,INSUFFICIENT_HISTORY,NO_VERIFIED_SQUAD,FACT_CURRENT_HKJC_UNIVERSE,phase2_hkjc_current+phase2_player_master
FB5597,2026-09-25T02:45:00+08:00,50002623,Republic of Ireland,AWAY,0,,,,,0,0,0,0,0,0,0,INSUFFICIENT_HISTORY,NO_VERIFIED_SQUAD,FACT_CURRENT_HKJC_UNIVERSE,phase2_hkjc_current+phase2_player_master
FB5598,2026-09-25T02:45:00+08:00,50000320,Austria,HOME,0,,,,,28,0,8,10,5,0,0,INSUFFICIENT_HISTORY,FACT,FACT_CURRENT_HKJC_UNIVERSE,phase2_hkjc_current+phase2_player_master
FB5598,2026-09-25T02:45:00+08:00,50001650,Israel,AWAY,0,,,,,28,0,8,9,7,0,0,INSUFFICIENT_HISTORY,FACT,FACT_CURRENT_HKJC_UNIVERSE,phase2_hkjc_current+phase2_player_master
FB5690,2026-09-25T03:00:00+08:00,50003134,Tunisia,HOME,0,,,,,24,0,8,8,5,0,0,INSUFFICIENT_HISTORY,FACT,FACT_CURRENT_HKJC_UNIVERSE,phase2_hkjc_current+phase2_player_master
FB5690,2026-09-25T03:00:00+08:00,50003183,Uganda,AWAY,0,,,,,29,0,9,8,8,0,0,INSUFFICIENT_HISTORY,FACT,FACT_CURRENT_HKJC_UNIVERSE,phase2_hkjc_current+phase2_player_master
FB5694,2026-09-25T03:00:00+08:00,50000656,Cameroon,HOME,0,,,,,27,0,10,4,9,0,0,INSUFFICIENT_HISTORY,FACT,FACT_CURRENT_HKJC_UNIVERSE,phase2_hkjc_current+phase2_player_master
FB5694,2026-09-25T03:00:00+08:00,50000823,Comoros,AWAY,0,,,,,23,0,7,7,5,0,0,INSUFFICIENT_HISTORY,FACT,FACT_CURRENT_HKJC_UNIVERSE,phase2_hkjc_current+phase2_player_master
FB5696,2026-09-25T03:00:00+08:00,50000857,Cote d'Ivoire,HOME,0,,,,,0,0,0,0,0,0,0,INSUFFICIENT_HISTORY,NO_VERIFIED_SQUAD,FACT_CURRENT_HKJC_UNIVERSE,phase2_hkjc_current+phase2_player_master
FB5696,2026-09-25T03:00:00+08:00,50001394,Ghana,AWAY,0,,,,,0,0,0,0,0,0,0,INSUFFICIENT_HISTORY,NO_VERIFIED_SQUAD,FACT_CURRENT_HKJC_UNIVERSE,phase2_hkjc_current+phase2_player_master
FB5635,2026-09-25T04:57:00+08:00,50002311,O'Higgins,HOME,0,,,,,31,0,10,8,9,0,0,INSUFFICIENT_HISTORY,FACT,FACT_CURRENT_HKJC_UNIVERSE,phase2_hkjc_current+phase2_player_master
FB5635,2026-09-25T04:57:00+08:00,50288881,Deportes Santa Cruz,AWAY,0,,,,,37,0,9,12,12,0,0,INSUFFICIENT_HISTORY,FACT,FACT_CURRENT_HKJC_UNIVERSE,phase2_hkjc_current+phase2_player_master
FB5636,2026-09-25T07:27:00+08:00,50001139,Everton VM,HOME,0,,,,,32,0,12,9,6,0,0,INSUFFICIENT_HISTORY,FACT,FACT_CURRENT_HKJC_UNIVERSE,phase2_hkjc_current+phase2_player_master
FB5636,2026-09-25T07:27:00+08:00,50003212,Universidad Chile,AWAY,0,,,,,38,0,12,12,9,0,0,INSUFFICIENT_HISTORY,FACT,FACT_CURRENT_HKJC_UNIVERSE,phase2_hkjc_current+phase2_player_master
FB5689,2026-09-25T08:00:00+08:00,50001501,Haiti,HOME,0,,,,,26,0,9,7,7,0,0,INSUFFICIENT_HISTORY,FACT,FACT_CURRENT_HKJC_UNIVERSE,phase2_hkjc_current+phase2_player_master
FB5689,2026-09-25T08:00:00+08:00,50003123,Trinidad and Tobago,AWAY,0,,,,,35,0,13,8,10,0,0,INSUFFICIENT_HISTORY,FACT,FACT_CURRENT_HKJC_UNIVERSE,phase2_hkjc_current+phase2_player_master
FB5700,2026-09-25T08:00:00+08:00,50288636,Dominican Republic,HOME,0,,,,,0,0,0,0,0,0,0,INSUFFICIENT_HISTORY,NO_VERIFIED_SQUAD,FACT_CURRENT_HKJC_UNIVERSE,phase2_hkjc_current+phase2_player_master
FB5700,2026-09-25T08:00:00+08:00,50002258,Nicaragua,AWAY,0,,,,,43,0,12,13,11,0,0,INSUFFICIENT_HISTORY,FACT,FACT_CURRENT_HKJC_UNIVERSE,phase2_hkjc_current+phase2_player_master
FB5673,2026-09-25T09:00:00+08:00,50002123,Mineros Zacatecas,HOME,0,,,,,0,0,0,0,0,0,0,INSUFFICIENT_HISTORY,NO_VERIFIED_SQUAD,FACT_CURRENT_HKJC_UNIVERSE,phase2_hkjc_current+phase2_player_master
FB5673,2026-09-25T09:00:00+08:00,50601674,Piratas FC,AWAY,0,,,,,0,0,0,0,0,0,0,INSUFFICIENT_HISTORY,NO_VERIFIED_SQUAD,FACT_CURRENT_HKJC_UNIVERSE,phase2_hkjc_current+phase2_player_master
FB5674,2026-09-25T09:00:00+08:00,50002315,Oaxaca,HOME,0,,,,,0,0,0,0,0,0,0,INSUFFICIENT_HISTORY,NO_VERIFIED_SQUAD,FACT_CURRENT_HKJC_UNIVERSE,phase2_hkjc_current+phase2_player_master
FB5674,2026-09-25T09:00:00+08:00,50334216,Atletico La Paz,AWAY,0,,,,,0,0,0,0,0,0,0,INSUFFICIENT_HISTORY,NO_VERIFIED_SQUAD,FACT_CURRENT_HKJC_UNIVERSE,phase2_hkjc_current+phase2_player_master
FB5688,2026-09-25T10:00:00+08:00,50000847,Costa Rica,HOME,0,,,,,36,0,12,11,7,0,0,INSUFFICIENT_HISTORY,FACT,FACT_CURRENT_HKJC_UNIVERSE,phase2_hkjc_current+phase2_player_master
FB5688,2026-09-25T10:00:00+08:00,50000912,Curacao,AWAY,0,,,,,27,0,8,7,8,0,0,INSUFFICIENT_HISTORY,FACT,FACT_CURRENT_HKJC_UNIVERSE,phase2_hkjc_current+phase2_player_master
FB5702,2026-09-25T13:00:00+08:00,50003246,Uzbekistan AM,HOME,0,,,,,20,0,6,6,4,0,0,INSUFFICIENT_HISTORY,FACT,FACT_CURRENT_HKJC_UNIVERSE,phase2_hkjc_current+phase2_player_master
FB5702,2026-09-25T13:00:00+08:00,50002755,Saudi Arabia AM,AWAY,0,,,,,24,0,8,7,5,0,0,INSUFFICIENT_HISTORY,FACT,FACT_CURRENT_HKJC_UNIVERSE,phase2_hkjc_current+phase2_player_master
FB5666,2026-09-25T14:00:00+08:00,50001806,Korea DPR Women,HOME,0,,,,,0,0,0,0,0,0,0,INSUFFICIENT_HISTORY,NO_VERIFIED_SQUAD,FACT_CURRENT_HKJC_UNIVERSE,phase2_hkjc_current+phase2_player_master
FB5666,2026-09-25T14:00:00+08:00,50000768,Chinese Taipei Women,AWAY,0,,,,,0,0,0,0,0,0,0,INSUFFICIENT_HISTORY,NO_VERIFIED_SQUAD,FACT_CURRENT_HKJC_UNIVERSE,phase2_hkjc_current+phase2_player_master
FB5667,2026-09-25T14:00:00+08:00,50000765,China Women,HOME,0,,,,,0,0,0,0,0,0,0,INSUFFICIENT_HISTORY,NO_VERIFIED_SQUAD,FACT_CURRENT_HKJC_UNIVERSE,phase2_hkjc_current+phase2_player_master
FB5667,2026-09-25T14:00:00+08:00,50003314,Vietnam Women,AWAY,0,,,,,0,0,0,0,0,0,0,INSUFFICIENT_HISTORY,NO_VERIFIED_SQUAD,FACT_CURRENT_HKJC_UNIVERSE,phase2_hkjc_current+phase2_player_master
FB5785,2026-09-25T17:00:00+08:00,50000361,Bangladesh,HOME,0,,,,,0,0,0,0,0,0,0,INSUFFICIENT_HISTORY,NO_VERIFIED_SQUAD,FACT_CURRENT_HKJC_UNIVERSE,phase2_hkjc_current+phase2_player_master
FB5785,2026-09-25T17:00:00+08:00,50002005,Malaysia,AWAY,0,,,,,24,0,7,7,6,0,0,INSUFFICIENT_HISTORY,FACT,FACT_CURRENT_HKJC_UNIVERSE,phase2_hkjc_current+phase2_player_master
FB5719,2026-09-25T18:00:00+08:00,50000299,Australia,HOME,0,,,,,37,0,10,15,7,0,0,INSUFFICIENT_HISTORY,FACT,FACT_CURRENT_HKJC_UNIVERSE,phase2_hkjc_current+phase2_player_master
FB5719,2026-09-25T18:00:00+08:00,50000524,Brazil,AWAY,0,,,,,40,0,14,10,12,0,0,INSUFFICIENT_HISTORY,FACT,FACT_CURRENT_HKJC_UNIVERSE,phase2_hkjc_current+phase2_player_master
FB5668,2026-09-25T18:30:00+08:00,50001689,Japan Women,HOME,0,,,,,0,0,0,0,0,0,0,INSUFFICIENT_HISTORY,NO_VERIFIED_SQUAD,FACT_CURRENT_HKJC_UNIVERSE,phase2_hkjc_current+phase2_player_master
FB5668,2026-09-25T18:30:00+08:00,50002456,Philippines Women,AWAY,0,,,,,0,0,0,0,0,0,0,INSUFFICIENT_HISTORY,NO_VERIFIED_SQUAD,FACT_CURRENT_HKJC_UNIVERSE,phase2_hkjc_current+phase2_player_master
FB5669,2026-09-25T18:30:00+08:00,50001814,Korea Republic Women,HOME,0,,,,,0,0,0,0,0,0,0,INSUFFICIENT_HISTORY,NO_VERIFIED_SQUAD,FACT_CURRENT_HKJC_UNIVERSE,phase2_hkjc_current+phase2_player_master
FB5669,2026-09-25T18:30:00+08:00,50264497,Uzbekistan Women,AWAY,0,,,,,0,0,0,0,0,0,0,INSUFFICIENT_HISTORY,NO_VERIFIED_SQUAD,FACT_CURRENT_HKJC_UNIVERSE,phase2_hkjc_current+phase2_player_master
FB5703,2026-09-25T18:30:00+08:00,50001809,Korea Republic AM,HOME,0,,,,,24,0,8,7,5,0,0,INSUFFICIENT_HISTORY,FACT,FACT_CURRENT_HKJC_UNIVERSE,phase2_hkjc_current+phase2_player_master
FB5703,2026-09-25T18:30:00+08:00,50003311,Vietnam AM,AWAY,0,,,,,18,0,5,7,3,0,0,INSUFFICIENT_HISTORY,FACT,FACT_CURRENT_HKJC_UNIVERSE,phase2_hkjc_current+phase2_player_master
FB5760,2026-09-25T21:00:00+08:00,50002997,Sudan,HOME,0,,,,,0,0,0,0,0,0,0,INSUFFICIENT_HISTORY,NO_VERIFIED_SQUAD,FACT_CURRENT_HKJC_UNIVERSE,phase2_hkjc_current+phase2_player_master
FB5760,2026-09-25T21:00:00+08:00,50001133,Ethiopia,AWAY,0,,,,,0,0,0,0,0,0,0,INSUFFICIENT_HISTORY,NO_VERIFIED_SQUAD,FACT_CURRENT_HKJC_UNIVERSE,phase2_hkjc_current+phase2_player_master
FB5763,2026-09-25T21:00:00+08:00,50003051,Tanzania,HOME,0,,,,,40,0,11,14,9,0,0,INSUFFICIENT_HISTORY,FACT,FACT_CURRENT_HKJC_UNIVERSE,phase2_hkjc_current+phase2_player_master
FB5763,2026-09-25T21:00:00+08:00,50001484,Guinea Bissau,AWAY,0,,,,,26,0,7,8,7,0,0,INSUFFICIENT_HISTORY,FACT,FACT_CURRENT_HKJC_UNIVERSE,phase2_hkjc_current+phase2_player_master
FB5791,2026-09-25T21:00:00+08:00,50002183,Mozambique,HOME,0,,,,,22,0,5,5,9,0,0,INSUFFICIENT_HISTORY,FACT,FACT_CURRENT_HKJC_UNIVERSE,phase2_hkjc_current+phase2_player_master
FB5791,2026-09-25T21:00:00+08:00,50002777,Senegal,AWAY,0,,,,,30,0,9,8,8,0,0,INSUFFICIENT_HISTORY,FACT,FACT_CURRENT_HKJC_UNIVERSE,phase2_hkjc_current+phase2_player_master
FB5804,2026-09-25T21:00:00+08:00,50001601,Indonesia,HOME,0,,,,,25,0,10,6,5,0,0,INSUFFICIENT_HISTORY,FACT,FACT_CURRENT_HKJC_UNIVERSE,phase2_hkjc_current+phase2_player_master
FB5804,2026-09-25T21:00:00+08:00,50002837,Singapore,AWAY,0,,,,,24,0,8,6,6,0,0,INSUFFICIENT_HISTORY,FACT,FACT_CURRENT_HKJC_UNIVERSE,phase2_hkjc_current+phase2_player_master
FB5766,2026-09-25T21:45:00+08:00,50000338,Azerbaijan U21,HOME,0,,,,,0,0,0,0,0,0,0,INSUFFICIENT_HISTORY,NO_VERIFIED_SQUAD,FACT_CURRENT_HKJC_UNIVERSE,phase2_hkjc_current+phase2_player_master
FB5766,2026-09-25T21:45:00+08:00,50000919,Czechia U21,AWAY,0,,,,,0,0,0,0,0,0,0,INSUFFICIENT_HISTORY,NO_VERIFIED_SQUAD,FACT_CURRENT_HKJC_UNIVERSE,phase2_hkjc_current+phase2_player_master
FB5787,2026-09-25T22:00:00+08:00,50001598,India,HOME,0,,,,,0,0,0,0,0,0,0,INSUFFICIENT_HISTORY,NO_VERIFIED_SQUAD,FACT_CURRENT_HKJC_UNIVERSE,phase2_hkjc_current+phase2_player_master
FB5787,2026-09-25T22:00:00+08:00,50002398,Panama,AWAY,0,,,,,27,0,10,7,6,0,0,INSUFFICIENT_HISTORY,FACT,FACT_CURRENT_HKJC_UNIVERSE,phase2_hkjc_current+phase2_player_master
FB5738,2026-09-25T23:00:00+08:00,50001584,Iceland U21,HOME,0,,,,,0,0,0,0,0,0,0,INSUFFICIENT_HISTORY,NO_VERIFIED_SQUAD,FACT_CURRENT_HKJC_UNIVERSE,phase2_hkjc_current+phase2_player_master
FB5738,2026-09-25T23:00:00+08:00,50001272,France U21,AWAY,0,,,,,0,0,0,0,0,0,0,INSUFFICIENT_HISTORY,NO_VERIFIED_SQUAD,FACT_CURRENT_HKJC_UNIVERSE,phase2_hkjc_current+phase2_player_master
FB5757,2026-09-25T23:00:00+08:00,50002260,Niger,HOME,0,,,,,24,0,7,9,4,0,0,INSUFFICIENT_HISTORY,FACT,FACT_CURRENT_HKJC_UNIVERSE,phase2_hkjc_current+phase2_player_master
FB5757,2026-09-25T23:00:00+08:00,50001898,Lesotho,AWAY,0,,,,,18,0,6,6,3,0,0,INSUFFICIENT_HISTORY,FACT,FACT_CURRENT_HKJC_UNIVERSE,phase2_hkjc_current+phase2_player_master
FB5740,2026-09-25T23:30:00+08:00,50000594,Bulgaria U21,HOME,0,,,,,0,0,0,0,0,0,0,INSUFFICIENT_HISTORY,NO_VERIFIED_SQUAD,FACT_CURRENT_HKJC_UNIVERSE,phase2_hkjc_current+phase2_player_master
FB5740,2026-09-25T23:30:00+08:00,50002505,Portugal U21,AWAY,0,,,,,0,0,0,0,0,0,0,INSUFFICIENT_HISTORY,NO_VERIFIED_SQUAD,FACT_CURRENT_HKJC_UNIVERSE,phase2_hkjc_current+phase2_player_master
FB5765,2026-09-25T23:30:00+08:00,50001243,Finland U21,HOME,0,,,,,0,0,0,0,0,0,0,INSUFFICIENT_HISTORY,NO_VERIFIED_SQUAD,FACT_CURRENT_HKJC_UNIVERSE,phase2_hkjc_current+phase2_player_master
FB5765,2026-09-25T23:30:00+08:00,50002897,Spain U21,AWAY,0,,,,,0,0,0,0,0,0,0,INSUFFICIENT_HISTORY,NO_VERIFIED_SQUAD,FACT_CURRENT_HKJC_UNIVERSE,phase2_hkjc_current+phase2_player_master
FB5715,2026-09-26T00:00:00+08:00,50001354,Georgia,HOME,0,,,,,28,0,8,8,8,0,0,INSUFFICIENT_HISTORY,FACT,FACT_CURRENT_HKJC_UNIVERSE,phase2_hkjc_current+phase2_player_master
FB5715,2026-09-26T00:00:00+08:00,50002291,Northern Ireland,AWAY,0,,,,,29,0,10,9,6,0,0,INSUFFICIENT_HISTORY,FACT,FACT_CURRENT_HKJC_UNIVERSE,phase2_hkjc_current+phase2_player_master
FB5716,2026-09-26T00:00:00+08:00,50000236,Armenia,HOME,0,,,,,28,0,9,6,8,0,0,INSUFFICIENT_HISTORY,FACT,FACT_CURRENT_HKJC_UNIVERSE,phase2_hkjc_current+phase2_player_master
FB5716,2026-09-26T00:00:00+08:00,50001873,Latvia,AWAY,0,,,,,34,0,15,10,5,0,0,INSUFFICIENT_HISTORY,FACT,FACT_CURRENT_HKJC_UNIVERSE,phase2_hkjc_current+phase2_player_master
FB5723,2026-09-26T00:00:00+08:00,50002859,Slovakia U21,HOME,0,,,,,0,0,0,0,0,0,0,INSUFFICIENT_HISTORY,NO_VERIFIED_SQUAD,FACT_CURRENT_HKJC_UNIVERSE,phase2_hkjc_current+phase2_player_master
FB5723,2026-09-26T00:00:00+08:00,50002624,Republic of Ireland U21,AWAY,0,,,,,0,0,0,0,0,0,0,INSUFFICIENT_HISTORY,NO_VERIFIED_SQUAD,FACT_CURRENT_HKJC_UNIVERSE,phase2_hkjc_current+phase2_player_master
FB5746,2026-09-26T00:00:00+08:00,50002261,Nigeria,HOME,0,,,,,34,0,11,11,8,0,0,INSUFFICIENT_HISTORY,FACT,FACT_CURRENT_HKJC_UNIVERSE,phase2_hkjc_current+phase2_player_master
FB5746,2026-09-26T00:00:00+08:00,50001993,Madagascar,AWAY,0,,,,,25,0,11,3,7,0,0,INSUFFICIENT_HISTORY,FACT,FACT_CURRENT_HKJC_UNIVERSE,phase2_hkjc_current+phase2_player_master
FB5761,2026-09-26T00:00:00+08:00,50002004,Malawi,HOME,0,,,,,21,0,5,7,6,0,0,INSUFFICIENT_HISTORY,FACT,FACT_CURRENT_HKJC_UNIVERSE,phase2_hkjc_current+phase2_player_master
FB5761,2026-09-26T00:00:00+08:00,50002890,South Sudan,AWAY,0,,,,,31,0,10,11,9,0,0,INSUFFICIENT_HISTORY,FACT,FACT_CURRENT_HKJC_UNIVERSE,phase2_hkjc_current+phase2_player_master
FB5724,2026-09-26T00:30:00+08:00,50002225,Netherlands U21,HOME,0,,,,,0,0,0,0,0,0,0,INSUFFICIENT_HISTORY,NO_VERIFIED_SQUAD,FACT_CURRENT_HKJC_UNIVERSE,phase2_hkjc_current+phase2_player_master
FB5724,2026-09-26T00:30:00+08:00,50002297,Norway U21,AWAY,0,,,,,0,0,0,0,0,0,0,INSUFFICIENT_HISTORY,NO_VERIFIED_SQUAD,FACT_CURRENT_HKJC_UNIVERSE,phase2_hkjc_current+phase2_player_master
FB5786,2026-09-26T00:58:00+08:00,50429168,Independiente Women,HOME,0,,,,,0,0,0,0,0,0,0,INSUFFICIENT_HISTORY,NO_VERIFIED_SQUAD,FACT_CURRENT_HKJC_UNIVERSE,phase2_hkjc_current+phase2_player_master
FB5786,2026-09-26T00:58:00+08:00,50429165,Ferro Carril Oeste Women,AWAY,0,,,,,0,0,0,0,0,0,0,INSUFFICIENT_HISTORY,NO_VERIFIED_SQUAD,FACT_CURRENT_HKJC_UNIVERSE,phase2_hkjc_current+phase2_player_master
FB5756,2026-09-26T01:30:00+08:00,50003022,Switzerland U21,HOME,0,,,,,0,0,0,0,0,0,0,INSUFFICIENT_HISTORY,NO_VERIFIED_SQUAD,FACT_CURRENT_HKJC_UNIVERSE,phase2_hkjc_current+phase2_player_master
FB5756,2026-09-26T01:30:00+08:00,50001973,Luxembourg U21,AWAY,0,,,,,0,0,0,0,0,0,0,INSUFFICIENT_HISTORY,NO_VERIFIED_SQUAD,FACT_CURRENT_HKJC_UNIVERSE,phase2_hkjc_current+phase2_player_master
FB5708,2026-09-26T02:30:00+08:00,50001424,Girona,HOME,0,,,,,27,0,8,6,9,0,0,INSUFFICIENT_HISTORY,FACT,FACT_CURRENT_HKJC_UNIVERSE,phase2_hkjc_current+phase2_player_master
FB5708,2026-09-26T02:30:00+08:00,50000121,Albacete,AWAY,0,,,,,37,0,10,12,11,0,0,INSUFFICIENT_HISTORY,FACT,FACT_CURRENT_HKJC_UNIVERSE,phase2_hkjc_current+phase2_player_master
FB5710,2026-09-26T02:45:00+08:00,50001655,Italy,HOME,0,,,,,34,0,10,12,7,0,0,INSUFFICIENT_HISTORY,FACT,FACT_CURRENT_HKJC_UNIVERSE,phase2_hkjc_current+phase2_player_master
FB5710,2026-09-26T02:45:00+08:00,50000438,Belgium,AWAY,0,,,,,29,0,9,7,8,0,0,INSUFFICIENT_HISTORY,FACT,FACT_CURRENT_HKJC_UNIVERSE,phase2_hkjc_current+phase2_player_master
FB5711,2026-09-26T02:45:00+08:00,50002150,Montenegro,HOME,0,,,,,29,0,10,7,7,0,0,INSUFFICIENT_HISTORY,FACT,FACT_CURRENT_HKJC_UNIVERSE,phase2_hkjc_current+phase2_player_master
FB5711,2026-09-26T02:45:00+08:00,50000915,Cyprus,AWAY,0,,,,,34,0,11,9,8,0,0,INSUFFICIENT_HISTORY,FACT,FACT_CURRENT_HKJC_UNIVERSE,phase2_hkjc_current+phase2_player_master
FB5712,2026-09-26T02:45:00+08:00,50003010,Sweden,HOME,0,,,,,27,0,7,11,5,0,0,INSUFFICIENT_HISTORY,FACT,FACT_CURRENT_HKJC_UNIVERSE,phase2_hkjc_current+phase2_player_master
FB5712,2026-09-26T02:45:00+08:00,50002649,Romania,AWAY,0,,,,,33,0,12,12,5,0,0,INSUFFICIENT_HISTORY,FACT,FACT_CURRENT_HKJC_UNIVERSE,phase2_hkjc_current+phase2_player_master
FB5713,2026-09-26T02:45:00+08:00,50002470,Poland,HOME,0,,,,,27,0,9,9,5,0,0,INSUFFICIENT_HISTORY,FACT,FACT_CURRENT_HKJC_UNIVERSE,phase2_hkjc_current+phase2_player_master
FB5713,2026-09-26T02:45:00+08:00,50000498,Bosnia-Herzegovina,AWAY,0,,,,,27,0,7,7,9,0,0,INSUFFICIENT_HISTORY,FACT,FACT_CURRENT_HKJC_UNIVERSE,phase2_hkjc_current+phase2_player_master
FB5714,2026-09-26T02:45:00+08:00,50001573,Hungary,HOME,0,,,,,27,0,10,7,6,0,0,INSUFFICIENT_HISTORY,FACT,FACT_CURRENT_HKJC_UNIVERSE,phase2_hkjc_current+phase2_player_master
FB5714,2026-09-26T02:45:00+08:00,50003185,Ukraine,AWAY,0,,,,,31,0,9,7,11,0,0,INSUFFICIENT_HISTORY,FACT,FACT_CURRENT_HKJC_UNIVERSE,phase2_hkjc_current+phase2_player_master
FB5717,2026-09-26T02:45:00+08:00,50003142,Turkiye,HOME,0,,,,,30,0,8,11,6,0,0,INSUFFICIENT_HISTORY,FACT,FACT_CURRENT_HKJC_UNIVERSE,phase2_hkjc_current+phase2_player_master
FB5717,2026-09-26T02:45:00+08:00,50001268,France,AWAY,0,,,,,24,0,7,7,6,0,0,INSUFFICIENT_HISTORY,FACT,FACT_CURRENT_HKJC_UNIVERSE,phase2_hkjc_current+phase2_player_master
FB5709,2026-09-26T03:00:00+08:00,50001004,Dordrecht,HOME,0,,,,,44,0,9,14,12,0,0,INSUFFICIENT_HISTORY,FACT,FACT_CURRENT_HKJC_UNIVERSE,phase2_hkjc_current+phase2_player_master
FB5709,2026-09-26T03:00:00+08:00,50000155,Almere City,AWAY,0,,,,,35,0,13,10,6,0,0,INSUFFICIENT_HISTORY,FACT,FACT_CURRENT_HKJC_UNIVERSE,phase2_hkjc_current+phase2_player_master
FB5758,2026-09-26T03:00:00+08:00,50001051,Egypt,HOME,0,,,,,25,0,8,5,7,0,0,INSUFFICIENT_HISTORY,FACT,FACT_CURRENT_HKJC_UNIVERSE,phase2_hkjc_current+phase2_player_master
FB5758,2026-09-26T03:00:00+08:00,50000180,Angola,AWAY,0,,,,,27,0,9,5,9,0,0,INSUFFICIENT_HISTORY,FACT,FACT_CURRENT_HKJC_UNIVERSE,phase2_hkjc_current+phase2_player_master
FB5759,2026-09-26T03:00:00+08:00,50002012,Mali,HOME,0,,,,,27,0,7,9,6,0,0,INSUFFICIENT_HISTORY,FACT,FACT_CURRENT_HKJC_UNIVERSE,phase2_hkjc_current+phase2_player_master
FB5759,2026-09-26T03:00:00+08:00,50000673,Cape Verde Islands,AWAY,0,,,,,27,0,7,7,9,0,0,INSUFFICIENT_HISTORY,FACT,FACT_CURRENT_HKJC_UNIVERSE,phase2_hkjc_current+phase2_player_master
FB5762,2026-09-26T03:00:00+08:00,50000138,Algeria,HOME,0,,,,,27,0,9,8,7,0,0,INSUFFICIENT_HISTORY,FACT,FACT_CURRENT_HKJC_UNIVERSE,phase2_hkjc_current+phase2_player_master
FB5762,2026-09-26T03:00:00+08:00,50003409,Zambia,AWAY,0,,,,,23,0,5,6,9,0,0,INSUFFICIENT_HISTORY,FACT,FACT_CURRENT_HKJC_UNIVERSE,phase2_hkjc_current+phase2_player_master
FB5788,2026-09-26T03:00:00+08:00,50002168,Morocco,HOME,0,,,,,30,0,10,9,6,0,0,INSUFFICIENT_HISTORY,FACT,FACT_CURRENT_HKJC_UNIVERSE,phase2_hkjc_current+phase2_player_master
FB5788,2026-09-26T03:00:00+08:00,50001326,Gabon,AWAY,0,,,,,25,0,9,6,6,0,0,INSUFFICIENT_HISTORY,FACT,FACT_CURRENT_HKJC_UNIVERSE,phase2_hkjc_current+phase2_player_master
FB5705,2026-09-26T06:28:00+08:00,50002305,Novorizontino,HOME,0,,,,,55,0,14,17,16,0,0,INSUFFICIENT_HISTORY,FACT,FACT_CURRENT_HKJC_UNIVERSE,phase2_hkjc_current+phase2_player_master
FB5705,2026-09-26T06:28:00+08:00,50002743,Sao Bernardo,AWAY,0,,,,,39,0,11,13,10,0,0,INSUFFICIENT_HISTORY,FACT,FACT_CURRENT_HKJC_UNIVERSE,phase2_hkjc_current+phase2_player_master
FB5704,2026-09-26T06:57:00+08:00,50000796,Colo Colo,HOME,0,,,,,38,0,12,6,14,0,0,INSUFFICIENT_HISTORY,FACT,FACT_CURRENT_HKJC_UNIVERSE,phase2_hkjc_current+phase2_player_master
FB5704,2026-09-26T06:57:00+08:00,50000291,Audax Italiano,AWAY,0,,,,,37,0,12,16,5,0,0,INSUFFICIENT_HISTORY,FACT,FACT_CURRENT_HKJC_UNIVERSE,phase2_hkjc_current+phase2_player_master
FB5739,2026-09-26T07:00:00+08:00,50283454,Hartford Athletic,HOME,0,,,,,28,0,7,9,9,0,0,INSUFFICIENT_HISTORY,FACT,FACT_CURRENT_HKJC_UNIVERSE,phase2_hkjc_current+phase2_player_master
FB5739,2026-09-26T07:00:00+08:00,50001959,Louisville City,AWAY,0,,,,,28,0,5,13,5,0,0,INSUFFICIENT_HISTORY,FACT,FACT_CURRENT_HKJC_UNIVERSE,phase2_hkjc_current+phase2_player_master
FB5706,2026-09-26T07:28:00+08:00,50003322,Vila Nova,HOME,0,,,,,59,0,17,19,18,0,0,INSUFFICIENT_HISTORY,FACT,FACT_CURRENT_HKJC_UNIVERSE,phase2_hkjc_current+phase2_player_master
FB5706,2026-09-26T07:28:00+08:00,50001955,Londrina,AWAY,0,,,,,44,0,12,13,15,0,0,INSUFFICIENT_HISTORY,FACT,FACT_CURRENT_HKJC_UNIVERSE,phase2_hkjc_current+phase2_player_master
FB5764,2026-09-26T07:30:00+08:00,50566596,Sporting Club Jacksonville,HOME,0,,,,,0,0,0,0,0,0,0,INSUFFICIENT_HISTORY,NO_VERIFIED_SQUAD,FACT_CURRENT_HKJC_UNIVERSE,phase2_hkjc_current+phase2_player_master
FB5764,2026-09-26T07:30:00+08:00,50283463,Loudoun Utd,AWAY,0,,,,,0,0,0,0,0,0,0,INSUFFICIENT_HISTORY,NO_VERIFIED_SQUAD,FACT_CURRENT_HKJC_UNIVERSE,phase2_hkjc_current+phase2_player_master
FB5718,2026-09-26T09:00:00+08:00,50000257,Atlante,HOME,0,,,,,31,0,9,11,6,0,0,INSUFFICIENT_HISTORY,FACT,FACT_CURRENT_HKJC_UNIVERSE,phase2_hkjc_current+phase2_player_master
FB5718,2026-09-26T09:00:00+08:00,50002152,Monterrey,AWAY,0,,,,,28,0,10,8,7,0,0,INSUFFICIENT_HISTORY,FACT,FACT_CURRENT_HKJC_UNIVERSE,phase2_hkjc_current+phase2_player_master
FB5782,2026-09-26T09:00:00+08:00,50325834,El Paso Locomotive,HOME,0,,,,,30,0,11,7,7,0,0,INSUFFICIENT_HISTORY,FACT,FACT_CURRENT_HKJC_UNIVERSE,phase2_hkjc_current+phase2_player_master
FB5782,2026-09-26T09:00:00+08:00,50001193,FC Tulsa,AWAY,0,,,,,29,0,11,8,6,0,0,INSUFFICIENT_HISTORY,FACT,FACT_CURRENT_HKJC_UNIVERSE,phase2_hkjc_current+phase2_player_master
FB5707,2026-09-26T11:00:00+08:00,50003076,Tijuana,HOME,0,,,,,23,0,7,8,6,0,0,INSUFFICIENT_HISTORY,FACT,FACT_CURRENT_HKJC_UNIVERSE,phase2_hkjc_current+phase2_player_master
FB5707,2026-09-26T11:00:00+08:00,50000258,Atlas,AWAY,0,,,,,28,0,9,9,7,0,0,INSUFFICIENT_HISTORY,FACT,FACT_CURRENT_HKJC_UNIVERSE,phase2_hkjc_current+phase2_player_master
FB5720,2026-09-26T14:00:00+08:00,50000761,China AM,HOME,0,,,,,0,0,0,0,0,0,0,INSUFFICIENT_HISTORY,NO_VERIFIED_SQUAD,FACT_CURRENT_HKJC_UNIVERSE,phase2_hkjc_current+phase2_player_master
FB5720,2026-09-26T14:00:00+08:00,50003063,Thailand AM,AWAY,0,,,,,24,0,9,6,5,0,0,INSUFFICIENT_HISTORY,FACT,FACT_CURRENT_HKJC_UNIVERSE,phase2_hkjc_current+phase2_player_master
FB5725,2026-09-26T16:00:00+08:00,50002148,Montedio Yamagata,HOME,0,,,,,0,0,0,0,0,0,0,INSUFFICIENT_HISTORY,NO_VERIFIED_SQUAD,FACT_CURRENT_HKJC_UNIVERSE,phase2_hkjc_current+phase2_player_master
FB5725,2026-09-26T16:00:00+08:00,50002695,Sagan Tosu,AWAY,0,,,,,0,0,0,0,0,0,0,INSUFFICIENT_HISTORY,NO_VERIFIED_SQUAD,FACT_CURRENT_HKJC_UNIVERSE,phase2_hkjc_current+phase2_player_master
FB5726,2026-09-26T16:00:00+08:00,50000474,Blaublitz Akita,HOME,0,,,,,0,0,0,0,0,0,0,INSUFFICIENT_HISTORY,NO_VERIFIED_SQUAD,FACT_CURRENT_HKJC_UNIVERSE,phase2_hkjc_current+phase2_player_master
FB5726,2026-09-26T16:00:00+08:00,50000127,Albirex Niigata,AWAY,0,,,,,0,0,0,0,0,0,0,INSUFFICIENT_HISTORY,NO_VERIFIED_SQUAD,FACT_CURRENT_HKJC_UNIVERSE,phase2_hkjc_current+phase2_player_master
FB5727,2026-09-26T16:00:00+08:00,50002324,Oita Trinita,HOME,0,,,,,0,0,0,0,0,0,0,INSUFFICIENT_HISTORY,NO_VERIFIED_SQUAD,FACT_CURRENT_HKJC_UNIVERSE,phase2_hkjc_current+phase2_player_master
FB5727,2026-09-26T16:00:00+08:00,50001318,Fujieda MYFC,AWAY,0,,,,,0,0,0,0,0,0,0,INSUFFICIENT_HISTORY,NO_VERIFIED_SQUAD,FACT_CURRENT_HKJC_UNIVERSE,phase2_hkjc_current+phase2_player_master
FB5728,2026-09-26T16:00:00+08:00,50001776,Kataller Toyama,HOME,0,,,,,0,0,0,0,0,0,0,INSUFFICIENT_HISTORY,NO_VERIFIED_SQUAD,FACT_CURRENT_HKJC_UNIVERSE,phase2_hkjc_current+phase2_player_master
FB5728,2026-09-26T16:00:00+08:00,50001196,FC Yokohama,AWAY,0,,,,,0,0,0,0,0,0,0,INSUFFICIENT_HISTORY,NO_VERIFIED_SQUAD,FACT_CURRENT_HKJC_UNIVERSE,phase2_hkjc_current+phase2_player_master
FB5729,2026-09-26T16:00:00+08:00,50001167,FC Imabari,HOME,0,,,,,0,0,0,0,0,0,0,INSUFFICIENT_HISTORY,NO_VERIFIED_SQUAD,FACT_CURRENT_HKJC_UNIVERSE,phase2_hkjc_current+phase2_player_master
FB5729,2026-09-26T16:00:00+08:00,50002827,Shonan Bellmare,AWAY,0,,,,,0,0,0,0,0,0,0,INSUFFICIENT_HISTORY,NO_VERIFIED_SQUAD,FACT_CURRENT_HKJC_UNIVERSE,phase2_hkjc_current+phase2_player_master
FB5730,2026-09-26T16:00:00+08:00,50002343,RB Omiya Ardija,HOME,0,,,,,0,0,0,0,0,0,0,INSUFFICIENT_HISTORY,NO_VERIFIED_SQUAD,FACT_CURRENT_HKJC_UNIVERSE,phase2_hkjc_current+phase2_player_master
FB5730,2026-09-26T16:00:00+08:00,50003298,Ventforet Kofu,AWAY,0,,,,,0,0,0,0,0,0,0,INSUFFICIENT_HISTORY,NO_VERIFIED_SQUAD,FACT_CURRENT_HKJC_UNIVERSE,phase2_hkjc_current+phase2_player_master
FB5741,2026-09-26T16:00:00+08:00,50319129,Tegevajaro Miyazaki,HOME,0,,,,,0,0,0,0,0,0,0,INSUFFICIENT_HISTORY,NO_VERIFIED_SQUAD,FACT_CURRENT_HKJC_UNIVERSE,phase2_hkjc_current+phase2_player_master
FB5741,2026-09-26T16:00:00+08:00,50001550,Hokkaido Consadole Sapporo,AWAY,0,,,,,0,0,0,0,0,0,0,INSUFFICIENT_HISTORY,NO_VERIFIED_SQUAD,FACT_CURRENT_HKJC_UNIVERSE,phase2_hkjc_current+phase2_player_master
FB5742,2026-09-26T16:00:00+08:00,50001732,Jubilo Iwata,HOME,0,,,,,0,0,0,0,0,0,0,INSUFFICIENT_HISTORY,NO_VERIFIED_SQUAD,FACT_CURRENT_HKJC_UNIVERSE,phase2_hkjc_current+phase2_player_master
FB5742,2026-09-26T16:00:00+08:00,50003268,Vanraure Hachinohe,AWAY,0,,,,,0,0,0,0,0,0,0,INSUFFICIENT_HISTORY,NO_VERIFIED_SQUAD,FACT_CURRENT_HKJC_UNIVERSE,phase2_hkjc_current+phase2_player_master
FB5743,2026-09-26T16:00:00+08:00,50003085,Tokushima Vortis,HOME,0,,,,,0,0,0,0,0,0,0,INSUFFICIENT_HISTORY,NO_VERIFIED_SQUAD,FACT_CURRENT_HKJC_UNIVERSE,phase2_hkjc_current+phase2_player_master
FB5743,2026-09-26T16:00:00+08:00,50003083,Tochigi City,AWAY,0,,,,,0,0,0,0,0,0,0,INSUFFICIENT_HISTORY,NO_VERIFIED_SQUAD,FACT_CURRENT_HKJC_UNIVERSE,phase2_hkjc_current+phase2_player_master
FB5744,2026-09-26T16:00:00+08:00,50267911,Iwaki FC,HOME,0,,,,,0,0,0,0,0,0,0,INSUFFICIENT_HISTORY,NO_VERIFIED_SQUAD,FACT_CURRENT_HKJC_UNIVERSE,phase2_hkjc_current+phase2_player_master
FB5744,2026-09-26T16:00:00+08:00,50003284,Vegalta Sendai,AWAY,0,,,,,0,0,0,0,0,0,0,INSUFFICIENT_HISTORY,NO_VERIFIED_SQUAD,FACT_CURRENT_HKJC_UNIVERSE,phase2_hkjc_current+phase2_player_master
FB5721,2026-09-26T18:30:00+08:00,50001685,Japan AM,HOME,0,,,,,23,0,7,9,3,0,0,INSUFFICIENT_HISTORY,FACT,FACT_CURRENT_HKJC_UNIVERSE,phase2_hkjc_current+phase2_player_master
FB5721,2026-09-26T18:30:00+08:00,50001803,Korea DPR AM,AWAY,0,,,,,0,0,0,0,0,0,0,INSUFFICIENT_HISTORY,NO_VERIFIED_SQUAD,FACT_CURRENT_HKJC_UNIVERSE,phase2_hkjc_current+phase2_player_master
FB5794,2026-09-26T20:00:00+08:00,50000705,Ceuta,HOME,0,,,,,38,0,10,12,12,0,0,INSUFFICIENT_HISTORY,FACT,FACT_CURRENT_HKJC_UNIVERSE,phase2_hkjc_current+phase2_player_master
FB5794,2026-09-26T20:00:00+08:00,50002611,Real Sociedad B,AWAY,0,,,,,28,0,11,8,6,0,0,INSUFFICIENT_HISTORY,FACT,FACT_CURRENT_HKJC_UNIVERSE,phase2_hkjc_current+phase2_player_master
FB5747,2026-09-26T21:00:00+08:00,50002862,Slovenia,HOME,0,,,,,26,0,9,7,6,0,0,INSUFFICIENT_HISTORY,FACT,FACT_CURRENT_HKJC_UNIVERSE,phase2_hkjc_current+phase2_player_master
FB5747,2026-09-26T21:00:00+08:00,50002769,Scotland,AWAY,0,,,,,26,0,10,5,8,0,0,INSUFFICIENT_HISTORY,FACT,FACT_CURRENT_HKJC_UNIVERSE,phase2_hkjc_current+phase2_player_master
FB5768,2026-09-26T22:00:00+08:00,50002985,Stockport,HOME,0,,,,,28,0,8,9,7,0,0,INSUFFICIENT_HISTORY,FACT,FACT_CURRENT_HKJC_UNIVERSE,phase2_hkjc_current+phase2_player_master
FB5768,2026-09-26T22:00:00+08:00,50002449,Peterborough,AWAY,0,,,,,34,0,11,12,7,0,0,INSUFFICIENT_HISTORY,FACT,FACT_CURRENT_HKJC_UNIVERSE,phase2_hkjc_current+phase2_player_master
FB5769,2026-09-26T22:00:00+08:00,50003385,Wycombe,HOME,0,,,,,0,0,0,0,0,0,0,INSUFFICIENT_HISTORY,NO_VERIFIED_SQUAD,FACT_CURRENT_HKJC_UNIVERSE,phase2_hkjc_current+phase2_player_master
FB5769,2026-09-26T22:00:00+08:00,50002585,Reading,AWAY,0,,,,,0,0,0,0,0,0,0,INSUFFICIENT_HISTORY,NO_VERIFIED_SQUAD,FACT_CURRENT_HKJC_UNIVERSE,phase2_hkjc_current+phase2_player_master
FB5770,2026-09-26T22:00:00+08:00,50000654,Cambridge Utd,HOME,0,,,,,30,0,6,14,5,0,0,INSUFFICIENT_HISTORY,FACT,FACT_CURRENT_HKJC_UNIVERSE,phase2_hkjc_current+phase2_player_master
FB5770,2026-09-26T22:00:00+08:00,50000022,AFC Wimbledon,AWAY,0,,,,,30,0,7,12,7,0,0,INSUFFICIENT_HISTORY,FACT,FACT_CURRENT_HKJC_UNIVERSE,phase2_hkjc_current+phase2_player_master
FB5771,2026-09-26T22:00:00+08:00,50002466,Plymouth,HOME,0,,,,,25,0,7,10,5,0,0,INSUFFICIENT_HISTORY,FACT,FACT_CURRENT_HKJC_UNIVERSE,phase2_hkjc_current+phase2_player_master
FB5771,2026-09-26T22:00:00+08:00,50000604,Burton Albion,AWAY,0,,,,,27,0,6,12,6,0,0,INSUFFICIENT_HISTORY,FACT,FACT_CURRENT_HKJC_UNIVERSE,phase2_hkjc_current+phase2_player_master
FB5772,2026-09-26T22:00:00+08:00,50002256,Newport County,HOME,0,,,,,39,0,14,14,7,0,0,INSUFFICIENT_HISTORY,FACT,FACT_CURRENT_HKJC_UNIVERSE,phase2_hkjc_current+phase2_player_master
FB5772,2026-09-26T22:00:00+08:00,50001462,Grimsby,AWAY,0,,,,,33,0,9,12,8,0,0,INSUFFICIENT_HISTORY,FACT,FACT_CURRENT_HKJC_UNIVERSE,phase2_hkjc_current+phase2_player_master
FB5773,2026-09-26T22:00:00+08:00,50001248,Fleetwood,HOME,0,,,,,36,0,10,12,9,0,0,INSUFFICIENT_HISTORY,FACT,FACT_CURRENT_HKJC_UNIVERSE,phase2_hkjc_current+phase2_player_master
FB5773,2026-09-26T22:00:00+08:00,50002641,Rochdale,AWAY,0,,,,,33,0,8,11,10,0,0,INSUFFICIENT_HISTORY,FACT,FACT_CURRENT_HKJC_UNIVERSE,phase2_hkjc_current+phase2_player_master
FB5774,2026-09-26T22:00:00+08:00,50002660,Rotherham,HOME,0,,,,,34,0,10,15,5,0,0,INSUFFICIENT_HISTORY,FACT,FACT_CURRENT_HKJC_UNIVERSE,phase2_hkjc_current+phase2_player_master
FB5774,2026-09-26T22:00:00+08:00,50000893,Crewe,AWAY,0,,,,,0,0,0,0,0,0,0,INSUFFICIENT_HISTORY,NO_VERIFIED_SQUAD,FACT_CURRENT_HKJC_UNIVERSE,phase2_hkjc_current+phase2_player_master
FB5775,2026-09-26T22:00:00+08:00,50000732,Cheltenham,HOME,0,,,,,24,0,7,7,6,0,0,INSUFFICIENT_HISTORY,FACT,FACT_CURRENT_HKJC_UNIVERSE,phase2_hkjc_current+phase2_player_master
FB5775,2026-09-26T22:00:00+08:00,50000738,Chesterfield,AWAY,0,,,,,30,0,9,10,8,0,0,INSUFFICIENT_HISTORY,FACT,FACT_CURRENT_HKJC_UNIVERSE,phase2_hkjc_current+phase2_player_master
FB5776,2026-09-26T22:00:00+08:00,50003113,Tranmere,HOME,0,,,,,33,0,11,10,8,0,0,INSUFFICIENT_HISTORY,FACT,FACT_CURRENT_HKJC_UNIVERSE,phase2_hkjc_current+phase2_player_master
FB5776,2026-09-26T22:00:00+08:00,50003349,Walsall,AWAY,0,,,,,32,0,10,12,6,0,0,INSUFFICIENT_HISTORY,FACT,FACT_CURRENT_HKJC_UNIVERSE,phase2_hkjc_current+phase2_player_master
FB5777,2026-09-26T22:00:00+08:00,50000578,Bristol Rovers,HOME,0,,,,,24,0,8,9,5,0,0,INSUFFICIENT_HISTORY,FACT,FACT_CURRENT_HKJC_UNIVERSE,phase2_hkjc_current+phase2_player_master
FB5777,2026-09-26T22:00:00+08:00,50001142,Exeter City,AWAY,0,,,,,29,0,9,12,5,0,0,INSUFFICIENT_HISTORY,FACT,FACT_CURRENT_HKJC_UNIVERSE,phase2_hkjc_current+phase2_player_master
FB5778,2026-09-26T22:00:00+08:00,50002829,Shrewsbury,HOME,0,,,,,32,0,11,14,4,0,0,INSUFFICIENT_HISTORY,FACT,FACT_CURRENT_HKJC_UNIVERSE,phase2_hkjc_current+phase2_player_master
FB5778,2026-09-26T22:00:00+08:00,50000793,Colchester,AWAY,0,,,,,26,0,9,6,8,0,0,INSUFFICIENT_HISTORY,FACT,FACT_CURRENT_HKJC_UNIVERSE,phase2_hkjc_current+phase2_player_master
FB5779,2026-09-26T22:00:00+08:00,50003017,Swindon,HOME,0,,,,,39,0,13,12,11,0,0,INSUFFICIENT_HISTORY,FACT,FACT_CURRENT_HKJC_UNIVERSE,phase2_hkjc_current+phase2_player_master
FB5779,2026-09-26T22:00:00+08:00,50000049,Accrington Stanley,AWAY,0,,,,,28,0,7,11,7,0,0,INSUFFICIENT_HISTORY,FACT,FACT_CURRENT_HKJC_UNIVERSE,phase2_hkjc_current+phase2_player_master
FB5784,2026-09-26T22:00:00+08:00,50003402,York City,HOME,0,,,,,29,0,10,11,5,0,0,INSUFFICIENT_HISTORY,FACT,FACT_CURRENT_HKJC_UNIVERSE,phase2_hkjc_current+phase2_player_master
FB5784,2026-09-26T22:00:00+08:00,50001419,Gillingham,AWAY,0,,,,,39,0,8,17,9,0,0,INSUFFICIENT_HISTORY,FACT,FACT_CURRENT_HKJC_UNIVERSE,phase2_hkjc_current+phase2_player_master
FB5795,2026-09-26T22:15:00+08:00,50000630,CF Granada,HOME,0,,,,,25,0,10,5,7,0,0,INSUFFICIENT_HISTORY,FACT,FACT_CURRENT_HKJC_UNIVERSE,phase2_hkjc_current+phase2_player_master
FB5795,2026-09-26T22:15:00+08:00,50001144,FC Andorra,AWAY,0,,,,,32,0,10,10,7,0,0,INSUFFICIENT_HISTORY,FACT,FACT_CURRENT_HKJC_UNIVERSE,phase2_hkjc_current+phase2_player_master
FB5731,2026-09-26T22:30:00+08:00,50001536,Heracles,HOME,0,,,,,36,0,12,10,10,0,0,INSUFFICIENT_HISTORY,FACT,FACT_CURRENT_HKJC_UNIVERSE,phase2_hkjc_current+phase2_player_master
FB5731,2026-09-26T22:30:00+08:00,50003330,Vitesse,AWAY,0,,,,,41,0,15,10,9,0,0,INSUFFICIENT_HISTORY,FACT,FACT_CURRENT_HKJC_UNIVERSE,phase2_hkjc_current+phase2_player_master
