hkjc_event_id,kickoff_hkt,captured_at_hkt,league,home,away,forebet_home,forebet_draw,forebet_away,forebet_pick,hkjc_home,hkjc_draw,hkjc_away,opta_home,opta_away,bet365_home,bet365_draw,bet365_away,dc_home,dc_draw,dc_away,dc_xg_home,dc_xg_away,pi_home,pi_draw,pi_away,pi_diff,model_quality,model_source,form_home,form_draw,form_away,form_xg_home,form_xg_away,form_quality,form_source
FB5199,2026-09-16T09:00+08:00,2026-09-16T06:56:39+08:00,墨西哥超級聯賽,Puebla,Toluca,15.0,35.0,50.0,2,5.0,3.95,1.47,75.1483,86.6092,,,,,,,,,,,,,UNSUPPORTED_HISTORY,penaltyblog 1.12.2 / football-data.co.uk,,,,,,,
FB5215,2026-09-16T09:00+08:00,2026-09-16T06:56:39+08:00,墨西哥甲組聯賽,Dorados,Cancun FC,29.0,36.0,35.0,X,2.14,3.35,2.72,66.9976,,,,,,,,,,,,,,UNSUPPORTED_HISTORY,penaltyblog 1.12.2 / football-data.co.uk,,,,,,,
FB5216,2026-09-16T18:00+08:00,2026-09-16T06:56:39+08:00,亞冠精英盃,Jeonbuk Motors,Kashiwa Reysol,36.0,38.0,26.0,X,3.2,3.25,1.95,76.5136,78.8704,,,,,,,,,,,,,UNSUPPORTED_HISTORY,penaltyblog 1.12.2 / football-data.co.uk,,,,,,,
FB5251,2026-09-16T18:00+08:00,2026-09-16T06:56:39+08:00,亞冠2,FC Seoul,Persib Bandung,41.0,16.0,43.0,2,2.14,3.25,2.8,78.6545,71.5635,,,,,,,,,,,,,UNSUPPORTED_HISTORY,penaltyblog 1.12.2 / football-data.co.uk,,,,,,,
FB5214,2026-09-16T20:15+08:00,2026-09-16T06:56:39+08:00,亞冠精英盃,Port FC,Vissel Kobe,29.0,36.0,35.0,X,4.35,3.6,1.6,71.5988,80.0088,,,,,,,,,,,,,UNSUPPORTED_HISTORY,penaltyblog 1.12.2 / football-data.co.uk,,,,,,,
FB5156,2026-09-17T05:58+08:00,2026-09-16T09:31:23+08:00,AGC,Independiente Rivadavia,Atletico Tucuman,34.0,40.0,26.0,X,2.05,2.82,3.45,84.7738,,,,,,,,,,,,,,SPARSE_GRAPH_REJECTED,HKJC history reserved for Team-Form Poisson,0.439677,0.267538,0.292785,1.39285,1.08459,FORM_MODELED,HKJC matchResult · recency-weighted Team-Form Poisson
FB5152,2026-09-17T06:00+08:00,2026-09-16T09:31:23+08:00,SAC,Atletico Mineiro,Santos,39.0,38.0,23.0,1,1.65,3.4,4.3,84.5292,85.6668,,,,,,,,,,,,,SPARSE_GRAPH_REJECTED,HKJC history reserved for Team-Form Poisson,0.433842,0.257472,0.308687,1.46684,1.19610,FORM_MODELED,HKJC matchResult · recency-weighted Team-Form Poisson
FB5180,2026-09-17T06:30+08:00,2026-09-16T09:31:23+08:00,BD1,Botafogo,Gremio,42.0,34.0,24.0,1,1.62,3.6,4.2,83.8226,,,,,,,,,,,,,,SPARSE_GRAPH_REJECTED,HKJC history reserved for Team-Form Poisson,0.443901,0.268472,0.287627,1.39082,1.06399,FORM_MODELED,HKJC matchResult · recency-weighted Team-Form Poisson
FB5153,2026-09-17T08:30+08:00,2026-09-16T09:31:23+08:00,LBC,Corinthians,Estudiantes,31.0,33.0,36.0,2,1.91,2.66,4.3,84.0806,83.4834,,,,,,,,,,,,,SPARSE_GRAPH_REJECTED,HKJC history reserved for Team-Form Poisson,0.355790,0.324148,0.320062,0.95346,0.88749,FORM_MODELED,HKJC matchResult · recency-weighted Team-Form Poisson
FB5254,2026-09-17T08:30+08:00,2026-09-16T09:31:23+08:00,USL,Birmingham Legion,New Mexico Utd,31.0,33.0,35.0,2,2.28,3.6,2.4,62.7291,66.7397,,,,,,,,,,,,,SPARSE_GRAPH_REJECTED,HKJC history reserved for Team-Form Poisson,0.277040,0.260428,0.462532,1.07936,1.47483,FORM_MODELED,HKJC matchResult · recency-weighted Team-Form Poisson
FB5348,2026-09-20T15:30+08:00,2026-09-20T15:09:26+08:00,KD1,Jeonbuk Motors,Gwangju FC,57.0,34.0,10.0,1,1.32,4.35,6.8,76.4079,68.2556,,,,,,,,,,,,,SPARSE_GRAPH_REJECTED,HKJC history reserved for Team-Form Poisson,,,,,,FORM_INSUFFICIENT:39/6,HKJC matchResult · recency-weighted Team-Form Poisson
FB5349,2026-09-20T15:30+08:00,2026-09-20T15:09:26+08:00,KD2,Ansan Greeners,Chungbuk Cheongju,19.0,42.0,39.0,X,3.4,3.2,1.9,58.7206,62.0774,,,,,,,,,,,,,SPARSE_GRAPH_REJECTED,HKJC history reserved for Team-Form Poisson,,,,,,FORM_INSUFFICIENT:2/1,HKJC matchResult · recency-weighted Team-Form Poisson
FB5419,2026-09-20T15:30+08:00,2026-09-20T15:09:26+08:00,KD2,Yongin FC,Gyeongnam FC,13.0,62.0,25.0,X,2.48,2.85,2.65,63.0055,63.3495,,,,,,,,,,,,,SPARSE_GRAPH_REJECTED,HKJC history reserved for Team-Form Poisson,,,,,,FORM_INSUFFICIENT:1/1,HKJC matchResult · recency-weighted Team-Form Poisson
FB5432,2026-09-20T15:30+08:00,2026-09-20T15:09:26+08:00,KD1,Gangwon FC,Jeju SK,25.0,47.0,28.0,X,2.27,2.78,3.0,74.8105,,,,,,,,,,,,,,SPARSE_GRAPH_REJECTED,HKJC history reserved for Team-Form Poisson,,,,,,FORM_INSUFFICIENT:8/6,HKJC matchResult · recency-weighted Team-Form Poisson
FB5383,2026-09-20T16:00+08:00,2026-09-20T15:09:26+08:00,JD1,Gamba Osaka,Vissel Kobe,24.0,21.0,55.0,2,3.25,3.4,1.88,75.4696,80.1111,,,,0.276877,0.251562,0.471561,0.95002,1.34670,0.226005,0.371901,0.402094,-0.53873,MODELED,football-data.co.uk extra / penaltyblog 1.12.2,,,,,,FORM_INSUFFICIENT:4/47,HKJC matchResult · recency-weighted Team-Form Poisson
FB5384,2026-09-20T16:00+08:00,2026-09-20T15:09:26+08:00,JD2,Tochigi City,Vegalta Sendai,23.0,29.0,48.0,2,3.1,3.55,1.89,66.4340,68.7324,,,,,,,,,,,,,SPARSE_GRAPH_REJECTED,HKJC history reserved for Team-Form Poisson,,,,,,FORM_INSUFFICIENT:2/3,HKJC matchResult · recency-weighted Team-Form Poisson
FB5426,2026-09-20T16:00+08:00,2026-09-20T15:09:26+08:00,JD1,Machida Zelvia,Kashiwa Reysol,37.0,27.0,36.0,1,2.16,3.25,2.76,81.1556,78.3974,,,,0.463266,0.234885,0.301848,1.47485,1.12840,0.277614,0.381503,0.340883,-0.13758,MODELED,football-data.co.uk extra / penaltyblog 1.12.2,,,,,,FORM_INSUFFICIENT:4/37,HKJC matchResult · recency-weighted Team-Form Poisson
FB5350,2026-09-20T18:00+08:00,2026-09-20T15:09:26+08:00,KD1,Incheon Utd,Daejeon Citizen,34.0,34.0,32.0,1,2.62,3.15,2.31,,,,,,,,,,,,,,,SPARSE_GRAPH_REJECTED,HKJC history reserved for Team-Form Poisson,,,,,,FORM_INSUFFICIENT:6/8,HKJC matchResult · recency-weighted Team-Form Poisson
FB5351,2026-09-20T18:00+08:00,2026-09-20T15:09:26+08:00,KD2,Seongnam FC,Hwaseong FC,32.0,35.0,33.0,X,2.58,2.9,2.5,65.8133,65.8140,,,,,,,,,,,,,SPARSE_GRAPH_REJECTED,HKJC history reserved for Team-Form Poisson,,,,,,FORM_INSUFFICIENT:2/2,HKJC matchResult · recency-weighted Team-Form Poisson
FB5352,2026-09-20T18:00+08:00,2026-09-20T15:09:26+08:00,KD2,Gimhae FC,Paju Frontier,25.0,35.0,40.0,2,2.46,2.98,2.56,,61.9896,,,,,,,,,,,,,SPARSE_GRAPH_REJECTED,HKJC history reserved for Team-Form Poisson,,,,,,FORM_INSUFFICIENT:2/1,HKJC matchResult · recency-weighted Team-Form Poisson
FB5420,2026-09-20T18:00+08:00,2026-09-20T15:09:26+08:00,KD1,Pohang Steelers,FC Seoul,19.0,22.0,59.0,2,4.3,3.3,1.67,72.7995,77.6426,,,,,,,,,,,,,SPARSE_GRAPH_REJECTED,HKJC history reserved for Team-Form Poisson,0.117517,0.242815,0.639668,0.52022,1.59926,FORM_MODELED,HKJC matchResult · recency-weighted Team-Form Poisson
FB5355,2026-09-20T18:15+08:00,2026-09-20T15:09:26+08:00,DFL,Feyenoord,Utrecht,47.0,37.0,17.0,1,1.18,5.9,8.25,84.8616,79.9216,,,,0.570145,0.229545,0.200311,2.12798,1.21779,0.584469,0.303031,0.112500,0.59274,MODELED,football-data.co.uk main / penaltyblog 1.12.2,,,,,,FORM_INSUFFICIENT:1/0,HKJC matchResult · recency-weighted Team-Form Poisson
FB5376,2026-09-20T18:30+08:00,2026-09-20T15:09:26+08:00,ISA,Fiorentina,Napoli,27.0,29.0,44.0,2,2.95,3.25,2.06,84.2093,88.2989,,,,0.201833,0.232241,0.565926,0.88903,1.68362,0.115765,0.306373,0.577862,-0.82996,MODELED,football-data.co.uk main / penaltyblog 1.12.2,,,,,,FORM_INSUFFICIENT:0/0,HKJC matchResult · recency-weighted Team-Form Poisson
FB5427,2026-09-20T19:00+08:00,2026-09-20T15:09:26+08:00,TL1,Rayong,Ratchaburi,38.0,19.0,43.0,2,2.8,3.35,2.09,64.7813,68.9092,,,,,,,,,,,,,SPARSE_GRAPH_REJECTED,HKJC history reserved for Team-Form Poisson,,,,,,FORM_INSUFFICIENT:1/3,HKJC matchResult · recency-weighted Team-Form Poisson
FB5430,2026-09-20T19:00+08:00,2026-09-20T15:09:26+08:00,TL1,Chonburi,Buriram Utd,18.0,33.0,50.0,2,4.95,4.05,1.46,64.2555,,,,,,,,,,,,,,SPARSE_GRAPH_REJECTED,HKJC history reserved for Team-Form Poisson,,,,,,FORM_INSUFFICIENT:2/1,HKJC matchResult · recency-weighted Team-Form Poisson
FB5481,2026-09-20T19:00+08:00,2026-09-20T15:09:26+08:00,SPL,Celtic,Rangers,34.0,28.0,38.0,2,2.04,3.5,2.8,82.3674,80.7558,,,,0.519212,0.227145,0.253643,1.89825,1.27016,0.512800,0.336185,0.151015,0.35626,MODELED,football-data.co.uk main / penaltyblog 1.12.2,,,,,,FORM_INSUFFICIENT:0/0,HKJC matchResult · recency-weighted Team-Form Poisson
FB5359,2026-09-20T19:30+08:00,2026-09-20T15:09:26+08:00,GD2,Hannover,Bochum,23.0,31.0,46.0,2,1.69,3.85,3.55,,77.0201,,,,0.484387,0.255434,0.260179,1.50753,1.02943,0.328663,0.382366,0.288972,0.09940,MODELED,football-data.co.uk main / penaltyblog 1.12.2,,,,,,FORM_INSUFFICIENT:2/3,HKJC matchResult · recency-weighted Team-Form Poisson
FB5414,2026-09-20T19:30+08:00,2026-09-20T15:09:26+08:00,GD2,Cottbus,St. Pauli,23.0,52.0,25.0,X,2.93,3.75,1.9,,76.6130,,,,,,,,,,,,,SPARSE_GRAPH_REJECTED,HKJC history reserved for Team-Form Poisson,,,,,,FORM_INSUFFICIENT:0/2,HKJC matchResult · recency-weighted Team-Form Poisson
FB5415,2026-09-20T19:30+08:00,2026-09-20T15:09:26+08:00,GD2,Bielefeld,Heidenheim,29.0,24.0,46.0,2,1.95,3.6,2.92,,77.8211,,,,,,,,,,,,,SPARSE_GRAPH_REJECTED,HKJC history reserved for Team-Form Poisson,,,,,,FORM_INSUFFICIENT:1/2,HKJC matchResult · recency-weighted Team-Form Poisson
FB5428,2026-09-20T19:30+08:00,2026-09-20T15:09:26+08:00,TL1,Sukhothai,Port FC,18.0,16.0,67.0,2,5.6,4.1,1.4,61.8867,70.9804,,,,,,,,,,,,,SPARSE_GRAPH_REJECTED,HKJC history reserved for Team-Form Poisson,,,,,,FORM_INSUFFICIENT:1/20,HKJC matchResult · recency-weighted Team-Form Poisson
FB5484,2026-09-20T19:30+08:00,2026-09-20T15:09:26+08:00,BFL,Antwerp,Union Saint Gilloise,17.0,23.0,60.0,2,4.85,3.95,1.48,79.9234,90.3349,,,,,,,,,,,,,SPARSE_GRAPH_REJECTED,HKJC history reserved for Team-Form Poisson,,,,,,FORM_INSUFFICIENT:1/4,HKJC matchResult · recency-weighted Team-Form Poisson
FB5404,2026-09-20T20:00+08:00,2026-09-20T15:09:26+08:00,DK1,Sonderjyske,Randers,31.0,24.0,45.0,2,2.6,3.3,2.25,,77.0696,,,,0.430201,0.279120,0.290679,1.46476,1.16440,0.347544,0.380876,0.271581,-0.00525,MODELED,football-data.co.uk extra / penaltyblog 1.12.2,,,,,,FORM_INSUFFICIENT:0/0,HKJC matchResult · recency-weighted Team-Form Poisson
FB5485,2026-09-20T20:00+08:00,2026-09-20T15:09:26+08:00,SU1,Vaduz,Thun,38.0,30.0,32.0,1,2.08,3.9,2.53,74.8085,76.8617,,,,,,,,,,,,,SPARSE_GRAPH_REJECTED,HKJC history reserved for Team-Form Poisson,,,,,,FORM_INSUFFICIENT:0/0,HKJC matchResult · recency-weighted Team-Form Poisson
FB5486,2026-09-20T20:00+08:00,2026-09-20T15:09:26+08:00,SFL,Getafe,Malaga,41.0,44.0,15.0,X,1.92,2.76,4.0,82.5132,82.1161,,,,,,,,,,,,,SPARSE_GRAPH_REJECTED,HKJC history reserved for Team-Form Poisson,,,,,,FORM_INSUFFICIENT:2/2,HKJC matchResult · recency-weighted Team-Form Poisson
FB5514,2026-09-20T20:00+08:00,2026-09-20T15:09:26+08:00,SAL,Djurgardens,Elfsborg,34.0,34.0,32.0,1,1.42,4.15,5.3,81.0637,76.9385,,,,0.638196,0.212853,0.148951,2.08010,0.90891,0.738032,0.211183,0.050785,0.87445,MODELED,football-data.co.uk extra / penaltyblog 1.12.2,,,,,,FORM_INSUFFICIENT:0/0,HKJC matchResult · recency-weighted Team-Form Poisson
FB5515,2026-09-20T20:00+08:00,2026-09-20T15:09:26+08:00,SAL,Kalmar,Hacken,26.0,35.0,39.0,2,2.78,3.3,2.13,73.9352,78.0251,,,,0.311172,0.281669,0.407160,1.16649,1.36949,0.230156,0.373055,0.396790,-0.35297,MODELED,football-data.co.uk extra / penaltyblog 1.12.2,,,,,,FORM_INSUFFICIENT:0/0,HKJC matchResult · recency-weighted Team-Form Poisson
FB5516,2026-09-20T20:00+08:00,2026-09-20T15:09:26+08:00,SAL,Halmstads,AIK Solna,18.0,32.0,51.0,2,2.9,3.4,2.02,70.3145,,,,,,,,,,,,,,SPARSE_GRAPH_REJECTED,HKJC history reserved for Team-Form Poisson,,,,,,FORM_INSUFFICIENT:0/0,HKJC matchResult · recency-weighted Team-Form Poisson
FB5360,2026-09-20T20:30+08:00,2026-09-20T15:09:26+08:00,DFL,Twente,PSV Eindhoven,23.0,27.0,51.0,2,2.6,4.0,2.01,83.5623,,,,,0.264937,0.234539,0.500524,1.48849,2.07456,0.072330,0.250911,0.676759,-0.99390,MODELED,football-data.co.uk main / penaltyblog 1.12.2,,,,,,FORM_INSUFFICIENT:0/1,HKJC matchResult · recency-weighted Team-Form Poisson
FB5361,2026-09-20T20:30+08:00,2026-09-20T15:09:26+08:00,DFL,AZ Alkmaar,Telstar,65.0,27.0,8.0,1,1.18,6.1,8.5,,75.6982,,,,0.568917,0.242689,0.188394,1.96550,1.06854,0.633260,0.276699,0.090042,0.75134,MODELED,football-data.co.uk main / penaltyblog 1.12.2,,,,,,FORM_INSUFFICIENT:1/1,HKJC matchResult · recency-weighted Team-Form Poisson
FB5417,2026-09-20T20:30+08:00,2026-09-20T15:09:26+08:00,NTL,Valerenga,Fredrikstad,32.0,28.0,41.0,2,1.69,3.9,3.5,76.4808,77.6935,,,,0.456062,0.251396,0.292542,1.64043,1.27155,0.297966,0.382764,0.319270,-0.36845,MODELED,football-data.co.uk extra / penaltyblog 1.12.2,,,,,,FORM_INSUFFICIENT:0/0,HKJC matchResult · recency-weighted Team-Form Poisson
FB5483,2026-09-20T20:30+08:00,2026-09-20T15:09:26+08:00,AT1,Hartberg,LASK Linz,19.0,24.0,57.0,2,8.75,5.3,1.2,76.0921,,,,,,,,,,,,,,SPARSE_GRAPH_REJECTED,HKJC history reserved for Team-Form Poisson,,,,,,FORM_INSUFFICIENT:0/0,HKJC matchResult · recency-weighted Team-Form Poisson
FB5537,2026-09-20T20:30+08:00,2026-09-20T15:09:26+08:00,ED1,Norwich,Bolton,62.0,20.0,17.0,1,1.37,4.35,5.8,,,,,,,,,,,,,,,SPARSE_GRAPH_REJECTED,HKJC history reserved for Team-Form Poisson,,,,,,FORM_INSUFFICIENT:2/0,HKJC matchResult · recency-weighted Team-Form Poisson
FB5368,2026-09-20T21:00+08:00,2026-09-20T15:09:26+08:00,FFL,Auxerre,Brest,26.0,38.0,36.0,X,2.74,3.15,2.22,81.6396,83.3943,,,,0.417854,0.263253,0.318893,1.46123,1.24585,0.404631,0.371330,0.224040,0.02648,MODELED,football-data.co.uk main / penaltyblog 1.12.2,,,,,,FORM_INSUFFICIENT:0/0,HKJC matchResult · recency-weighted Team-Form Poisson
FB5377,2026-09-20T21:00+08:00,2026-09-20T15:09:26+08:00,ISA,Parma,Genoa,34.0,41.0,24.0,X,2.83,2.86,2.33,80.5998,81.7443,,,,0.315371,0.310943,0.373685,0.87721,0.98543,0.309802,0.382923,0.307276,0.08092,MODELED,football-data.co.uk main / penaltyblog 1.12.2,,,,,,FORM_INSUFFICIENT:0/0,HKJC matchResult · recency-weighted Team-Form Poisson
FB5379,2026-09-20T21:00+08:00,2026-09-20T15:09:26+08:00,ISA,Frosinone,Como,24.0,29.0,47.0,2,5.3,4.5,1.38,81.5630,90.6788,,,,,,,,,,,,,SPARSE_GRAPH_REJECTED,HKJC history reserved for Team-Form Poisson,,,,,,FORM_INSUFFICIENT:0/0,HKJC matchResult · recency-weighted Team-Form Poisson
FB5437,2026-09-20T21:00+08:00,2026-09-20T15:09:26+08:00,EPL,Bournemouth,Liverpool,18.0,39.0,43.0,2,2.98,3.6,1.94,91.6043,94.8183,,,,0.407226,0.264240,0.328535,1.66127,1.47842,0.431292,0.364565,0.204143,0.12835,MODELED,football-data.co.uk main / penaltyblog 1.12.2,,,,,,FORM_INSUFFICIENT:5/4,HKJC matchResult · recency-weighted Team-Form Poisson
FB5438,2026-09-20T21:00+08:00,2026-09-20T15:09:26+08:00,EPL,Leeds,Crystal Palace,55.0,19.0,25.0,1,1.55,3.8,4.55,,89.5832,,,,0.503367,0.273232,0.223401,1.67679,1.05628,0.660782,0.260625,0.078593,0.77666,MODELED,football-data.co.uk main / penaltyblog 1.12.2,,,,,,FORM_INSUFFICIENT:5/3,HKJC matchResult · recency-weighted Team-Form Poisson
FB5439,2026-09-20T21:00+08:00,2026-09-20T15:09:26+08:00,EPL,Manchester City,Sunderland,58.0,25.0,17.0,1,1.21,5.2,9.0,98.1666,89.8331,,,,0.677638,0.228035,0.094326,1.92072,0.59725,0.819417,0.152718,0.027865,1.09854,MODELED,football-data.co.uk main / penaltyblog 1.12.2,,,,,,FORM_INSUFFICIENT:5/3,HKJC matchResult · recency-weighted Team-Form Poisson
FB5371,2026-09-20T21:30+08:00,2026-09-20T15:09:26+08:00,GSL,Leverkusen,RB Leipzig,37.0,29.0,34.0,1,1.79,4.05,3.05,,88.1760,,,,0.468577,0.231579,0.299844,1.92891,1.51792,0.416357,0.368522,0.215121,-0.04892,MODELED,football-data.co.uk main / penaltyblog 1.12.2,,,,,,FORM_INSUFFICIENT:3/3,HKJC matchResult · recency-weighted Team-Form Poisson
FB5561,2026-09-20T21:30+08:00,2026-09-20T15:09:26+08:00,ULP,Al Nasr SC,Dubai United FC,40.0,43.0,17.0,X,1.52,3.95,4.5,71.2074,67.8539,,,,,,,,,,,,,SPARSE_GRAPH_REJECTED,HKJC history reserved for Team-Form Poisson,,,,,,FORM_INSUFFICIENT:0/0,HKJC matchResult · recency-weighted Team-Form Poisson
FB5407,2026-09-20T22:00+08:00,2026-09-20T15:09:26+08:00,DK1,Horsens,AGF Aarhus,48.0,31.0,20.0,1,3.55,3.55,1.75,76.7920,,,,,,,,,,,,,,SPARSE_GRAPH_REJECTED,HKJC history reserved for Team-Form Poisson,,,,,,FORM_INSUFFICIENT:0/0,HKJC matchResult · recency-weighted Team-Form Poisson
FB5469,2026-09-20T22:00+08:00,2026-09-20T15:09:26+08:00,BD1,Gremio,Palmeiras,22.0,31.0,48.0,2,3.85,3.25,1.77,,87.9846,,,,0.216984,0.270581,0.512434,0.88136,1.49865,0.116234,0.306844,0.576923,-1.02314,MODELED,football-data.co.uk extra / penaltyblog 1.12.2,0.305127,0.304391,0.390481,0.93254,1.09669,FORM_MODELED,HKJC matchResult · recency-weighted Team-Form Poisson
FB5487,2026-09-20T22:00+08:00,2026-09-20T15:09:26+08:00,BFL,Sint Truiden,Westerlo,39.0,29.0,32.0,1,1.57,4.05,4.0,83.2885,80.6103,,,,0.564377,0.214073,0.221550,2.10735,1.26434,0.522787,0.331991,0.145221,0.48113,MODELED,football-data.co.uk main / penaltyblog 1.12.2,,,,,,FORM_INSUFFICIENT:3/2,HKJC matchResult · recency-weighted Team-Form Poisson
FB5362,2026-09-20T22:15+08:00,2026-09-20T15:09:26+08:00,SFL,Atletico Madrid,Real Madrid,29.0,32.0,39.0,2,3.25,3.8,1.78,,94.1242,,,,,,,,,,,,,SPARSE_GRAPH_REJECTED,HKJC history reserved for Team-Form Poisson,,,,,,FORM_INSUFFICIENT:1/6,HKJC matchResult · recency-weighted Team-Form Poisson
FB5488,2026-09-20T22:15+08:00,2026-09-20T15:09:26+08:00,SF2,Ceuta,Valladolid,27.0,29.0,44.0,2,2.58,3.05,2.4,74.2784,,,,,0.414047,0.264666,0.321287,1.30702,1.11474,0.417911,0.368130,0.213959,-0.00798,MODELED,football-data.co.uk main / penaltyblog 1.12.2,,,,,,FORM_INSUFFICIENT:2/1,HKJC matchResult · recency-weighted Team-Form Poisson
FB5401,2026-09-20T22:30+08:00,2026-09-20T15:09:26+08:00,PFL,Amadora,Viseu,36.0,44.0,20.0,X,2.07,3.15,3.0,,,,,,,,,,,,,,,SPARSE_GRAPH_REJECTED,HKJC history reserved for Team-Form Poisson,,,,,,FORM_INSUFFICIENT:0/0,HKJC matchResult · recency-weighted Team-Form Poisson
FB5489,2026-09-20T22:30+08:00,2026-09-20T15:09:26+08:00,SU1,Lausanne,Lugano,11.0,18.0,70.0,2,3.75,3.75,1.67,,82.5585,,,,0.210717,0.270682,0.518602,0.91419,1.57068,0.016761,0.113370,0.869869,-1.74347,MODELED,football-data.co.uk extra / penaltyblog 1.12.2,,,,,,FORM_INSUFFICIENT:0/0,HKJC matchResult · recency-weighted Team-Form Poisson
FB5490,2026-09-20T22:30+08:00,2026-09-20T15:09:26+08:00,SU1,Basel,St. Gallen,45.0,25.0,30.0,1,2.28,3.75,2.34,78.6470,79.6074,,,,0.416519,0.251148,0.332333,1.66520,1.46968,0.260630,0.379421,0.359949,-0.08895,MODELED,football-data.co.uk extra / penaltyblog 1.12.2,,,,,,FORM_INSUFFICIENT:1/0,HKJC matchResult · recency-weighted Team-Form Poisson
FB5554,2026-09-20T22:30+08:00,2026-09-20T15:09:26+08:00,SAL,Mjallby,GAIS,39.0,34.0,27.0,1,2.6,3.2,2.29,76.1490,77.6666,,,,0.386525,0.317020,0.296455,1.12273,0.94803,0.319128,0.382768,0.298104,-0.04180,MODELED,football-data.co.uk extra / penaltyblog 1.12.2,,,,,,FORM_INSUFFICIENT:0/0,HKJC matchResult · recency-weighted Team-Form Poisson
FB5555,2026-09-20T22:30+08:00,2026-09-20T15:09:26+08:00,SAL,Degerfors,Hammarby,19.0,21.0,60.0,2,8.0,5.0,1.23,72.9564,81.3530,,,,0.111259,0.197795,0.690946,0.74424,2.14436,0.042861,0.193390,0.763749,-1.55501,MODELED,football-data.co.uk extra / penaltyblog 1.12.2,,,,,,FORM_INSUFFICIENT:0/0,HKJC matchResult · recency-weighted Team-Form Poisson
FB5366,2026-09-20T22:45+08:00,2026-09-20T15:09:26+08:00,DF2,De Graafschap,NAC,31.0,27.0,42.0,2,3.0,3.85,1.85,65.9770,,,,,,,,,,,,,,SPARSE_GRAPH_REJECTED,HKJC history reserved for Team-Form Poisson,,,,,,FORM_INSUFFICIENT:4/0,HKJC matchResult · recency-weighted Team-Form Poisson
FB5491,2026-09-20T22:45+08:00,2026-09-20T15:09:26+08:00,DFL,NEC Nijmegen,Go Ahead Eagles,22.0,51.0,27.0,X,1.72,4.1,3.25,,77.7545,,,,0.546311,0.216877,0.236812,2.31723,1.51364,0.465014,0.354152,0.180834,0.26688,MODELED,football-data.co.uk main / penaltyblog 1.12.2,,,,,,FORM_INSUFFICIENT:0/1,HKJC matchResult · recency-weighted Team-Form Poisson
FB5416,2026-09-20T23:00+08:00,2026-09-20T15:09:26+08:00,NTL,Tromso,Ham-Kam,56.0,32.0,12.0,1,1.35,4.35,6.0,,75.8297,,,,,,,,,,,,,SPARSE_GRAPH_REJECTED,HKJC history reserved for Team-Form Poisson,,,,,,FORM_INSUFFICIENT:0/0,HKJC matchResult · recency-weighted Team-Form Poisson
FB5418,2026-09-20T23:00+08:00,2026-09-20T15:09:26+08:00,NTL,Sandefjord,Start,39.0,30.0,31.0,1,1.79,3.55,3.4,76.8736,75.2207,,,,0.629424,0.220686,0.149890,1.93436,0.82950,0.618501,0.284963,0.096536,0.51762,MODELED,football-data.co.uk extra / penaltyblog 1.12.2,,,,,,FORM_INSUFFICIENT:0/0,HKJC matchResult · recency-weighted Team-Form Poisson
FB5482,2026-09-20T23:00+08:00,2026-09-20T15:09:26+08:00,AT1,Salzburg,Sturm Graz,41.0,33.0,25.0,1,1.49,4.25,4.4,83.7094,82.1760,,,,0.445126,0.265191,0.289683,1.59564,1.24882,0.307861,0.382924,0.309215,0.02326,MODELED,football-data.co.uk extra / penaltyblog 1.12.2,,,,,,FORM_INSUFFICIENT:2/0,HKJC matchResult · recency-weighted Team-Form Poisson
FB5545,2026-09-20T23:00+08:00,2026-09-20T15:09:26+08:00,NTL,Viking,Lillestrom,45.0,29.0,26.0,1,1.29,5.1,6.0,85.8934,,,,,0.687709,0.185868,0.126423,2.30621,0.89206,0.766700,0.191308,0.041992,1.02250,MODELED,football-data.co.uk extra / penaltyblog 1.12.2,,,,,,FORM_INSUFFICIENT:0/0,HKJC matchResult · recency-weighted Team-Form Poisson
FB5369,2026-09-20T23:15+08:00,2026-09-20T15:09:26+08:00,FFL,Nice,Lille,20.0,28.0,52.0,2,3.4,3.3,1.86,81.1100,87.4178,,,,0.208496,0.262071,0.529433,0.87814,1.55765,0.057363,0.224505,0.718132,-1.18561,MODELED,football-data.co.uk main / penaltyblog 1.12.2,,,,,,FORM_INSUFFICIENT:0/2,HKJC matchResult · recency-weighted Team-Form Poisson
FB5339,2026-09-20T23:30+08:00,2026-09-20T15:09:26+08:00,EPL,Fulham,Manchester Utd,27.0,31.0,42.0,2,3.25,3.65,1.83,89.1368,93.3121,,,,0.156852,0.258753,0.584395,0.82962,1.77884,0.070607,0.248112,0.681281,-1.29807,MODELED,football-data.co.uk main / penaltyblog 1.12.2,,,,,,FORM_INSUFFICIENT:2/3,HKJC matchResult · recency-weighted Team-Form Poisson
FB5372,2026-09-20T23:30+08:00,2026-09-20T15:09:26+08:00,GSL,Schalke 04,Elversberg,23.0,28.0,49.0,2,1.82,3.7,3.2,82.8327,83.2540,,,,,,,,,,,,,SPARSE_GRAPH_REJECTED,HKJC history reserved for Team-Form Poisson,,,,,,FORM_INSUFFICIENT:3/2,HKJC matchResult · recency-weighted Team-Form Poisson
FB5406,2026-09-21T00:00+08:00,2026-09-20T15:09:26+08:00,DK1,Viborg,Nordsjaelland,28.0,32.0,40.0,2,2.66,3.6,2.09,79.8394,83.8308,,,,0.345733,0.275482,0.378785,1.33722,1.40950,0.300506,0.382832,0.316662,-0.31898,MODELED,football-data.co.uk extra / penaltyblog 1.12.2,,,,,,FORM_INSUFFICIENT:0/0,HKJC matchResult · recency-weighted Team-Form Poisson
FB5497,2026-09-21T00:00+08:00,2026-09-20T15:09:26+08:00,ISA,Juventus,Atalanta,43.0,35.0,22.0,1,1.61,3.6,4.25,89.4645,86.9081,,,,0.439381,0.268795,0.291824,1.30463,1.00422,0.434944,0.363535,0.201522,0.23901,MODELED,football-data.co.uk main / penaltyblog 1.12.2,,,,,,FORM_INSUFFICIENT:0/2,HKJC matchResult · recency-weighted Team-Form Poisson
FB5549,2026-09-21T00:15+08:00,2026-09-20T15:09:26+08:00,ULP,Al Dhafra,Baniyas,18.0,43.0,39.0,X,2.47,3.35,2.33,65.4223,66.2766,,,,,,,,,,,,,SPARSE_GRAPH_REJECTED,HKJC history reserved for Team-Form Poisson,,,,,,FORM_INSUFFICIENT:0/0,HKJC matchResult · recency-weighted Team-Form Poisson
FB5492,2026-09-21T00:30+08:00,2026-09-20T15:09:26+08:00,SFL,Deportivo,Betis,26.0,29.0,46.0,2,3.25,3.4,1.88,,51.8979,,,,,,,,,,,,,SPARSE_GRAPH_REJECTED,HKJC history reserved for Team-Form Poisson,,,,,,FORM_INSUFFICIENT:2/2,HKJC matchResult · recency-weighted Team-Form Poisson
FB5494,2026-09-21T00:30+08:00,2026-09-20T15:09:26+08:00,SFL,Villarreal,Levante,38.0,41.0,22.0,X,1.38,4.4,5.4,87.1972,84.1884,,,,0.694568,0.166921,0.138511,2.56282,1.07564,0.652241,0.265704,0.082055,0.49105,MODELED,football-data.co.uk main / penaltyblog 1.12.2,,,,,,FORM_INSUFFICIENT:2/1,HKJC matchResult · recency-weighted Team-Form Poisson
FB5495,2026-09-21T00:30+08:00,2026-09-20T15:09:26+08:00,SF2,Las Palmas,Burgos,27.0,52.0,20.0,X,1.87,3.05,3.7,79.5537,79.6199,,,,0.403930,0.313436,0.282634,1.02732,0.80333,0.353126,0.380266,0.266607,-0.07679,MODELED,football-data.co.uk main / penaltyblog 1.12.2,,,,,,FORM_INSUFFICIENT:3/1,HKJC matchResult · recency-weighted Team-Form Poisson
FB5397,2026-09-21T01:00+08:00,2026-09-20T15:09:26+08:00,PFL,Estoril,Casa Pia AC,41.0,48.0,12.0,X,1.75,3.4,3.75,77.8330,75.6242,,,,0.636772,0.207699,0.155529,1.95700,0.84145,0.535660,0.326374,0.137965,0.52763,MODELED,football-data.co.uk main / penaltyblog 1.12.2,,,,,,FORM_INSUFFICIENT:0/0,HKJC matchResult · recency-weighted Team-Form Poisson
FB5496,2026-09-21T01:15+08:00,2026-09-20T15:09:26+08:00,BFL,KV Kortrijk,SK Beveren,37.0,15.0,48.0,2,2.58,3.3,2.26,,40.4316,,,,,,,,,,,,,SPARSE_GRAPH_REJECTED,HKJC history reserved for Team-Form Poisson,,,,,,FORM_INSUFFICIENT:0/0,HKJC matchResult · recency-weighted Team-Form Poisson
FB5511,2026-09-21T01:30+08:00,2026-09-20T15:09:26+08:00,GSL,Paderborn,Hoffenheim,23.0,33.0,44.0,2,4.1,4.1,1.55,82.0667,85.8597,,,,,,,,,,,,,SPARSE_GRAPH_REJECTED,HKJC history reserved for Team-Form Poisson,,,,,,FORM_INSUFFICIENT:2/1,HKJC matchResult · recency-weighted Team-Form Poisson
FB5380,2026-09-21T02:45+08:00,2026-09-20T15:09:26+08:00,ISA,AC Milan,Lecce,50.0,29.0,20.0,1,1.16,5.5,11.0,87.8450,80.9202,,,,0.619021,0.239297,0.141682,1.58489,0.59599,0.547827,0.320853,0.131320,0.68801,MODELED,football-data.co.uk main / penaltyblog 1.12.2,,,,,,FORM_INSUFFICIENT:0/0,HKJC matchResult · recency-weighted Team-Form Poisson
FB5440,2026-09-21T02:45+08:00,2026-09-20T15:09:26+08:00,FFL,Marseille,Paris Saint Germain,28.0,32.0,40.0,2,6.1,5.0,1.3,,94.6949,,,,0.318428,0.234607,0.446965,1.48351,1.78847,0.211054,0.367122,0.421824,-0.62851,MODELED,football-data.co.uk main / penaltyblog 1.12.2,,,,,,FORM_INSUFFICIENT:0/4,HKJC matchResult · recency-weighted Team-Form Poisson
FB5465,2026-09-21T03:00+08:00,2026-09-20T15:09:26+08:00,BD1,Corinthians,Fluminense,27.0,33.0,40.0,2,2.14,2.92,3.1,82.9443,84.4986,,,,0.359528,0.306428,0.334044,1.09215,1.04216,0.330341,0.382270,0.287389,-0.28826,MODELED,football-data.co.uk extra / penaltyblog 1.12.2,0.412609,0.283870,0.303521,1.24368,1.02371,FORM_MODELED,HKJC matchResult · recency-weighted Team-Form Poisson
FB5466,2026-09-21T03:00+08:00,2026-09-20T15:09:26+08:00,BD1,Vitoria,Cruzeiro,33.0,25.0,43.0,2,2.76,3.05,2.26,,85.1286,,,,0.288104,0.296391,0.415505,0.98240,1.23719,0.281790,0.381868,0.336341,-0.54853,MODELED,football-data.co.uk extra / penaltyblog 1.12.2,0.579092,0.281705,0.139203,1.35618,0.50961,FORM_MODELED,HKJC matchResult · recency-weighted Team-Form Poisson
FB5509,2026-09-21T03:00+08:00,2026-09-20T15:09:26+08:00,SFL,Valencia,Real Sociedad,31.0,25.0,44.0,2,2.5,3.2,2.38,84.8004,84.2889,,,,0.448224,0.249858,0.301919,1.55212,1.22911,0.413217,0.369300,0.217483,0.08674,MODELED,football-data.co.uk main / penaltyblog 1.12.2,,,,,,FORM_INSUFFICIENT:2/4,HKJC matchResult · recency-weighted Team-Form Poisson
FB5510,2026-09-21T03:00+08:00,2026-09-20T15:09:26+08:00,SF2,Leganes,CF Granada,35.0,37.0,28.0,X,1.85,3.0,3.85,,77.4752,,,,0.368423,0.297241,0.334336,1.04206,0.97672,0.306788,0.382921,0.310292,-0.08462,MODELED,football-data.co.uk main / penaltyblog 1.12.2,,,,,,FORM_INSUFFICIENT:2/2,HKJC matchResult · recency-weighted Team-Form Poisson
FB5307,2026-09-21T03:27+08:00,2026-09-20T15:09:26+08:00,UD1,Montevideo Nacional,Defensor Sporting,39.0,41.0,20.0,X,1.62,3.45,4.4,,75.0182,,,,,,,,,,,,,SPARSE_GRAPH_REJECTED,HKJC history reserved for Team-Form Poisson,,,,,,FORM_INSUFFICIENT:0/0,HKJC matchResult · recency-weighted Team-Form Poisson
FB5399,2026-09-21T03:30+08:00,2026-09-20T15:09:26+08:00,PFL,Porto,Benfica,30.0,27.0,43.0,2,2.6,3.1,2.35,89.7307,92.0687,,,,0.401768,0.280360,0.317873,1.21982,1.05070,0.225942,0.371883,0.402174,-0.19099,MODELED,football-data.co.uk main / penaltyblog 1.12.2,,,,,,FORM_INSUFFICIENT:1/0,HKJC matchResult · recency-weighted Team-Form Poisson
FB5498,2026-09-21T03:58+08:00,2026-09-20T15:09:26+08:00,APL,Rosario Central,Argentinos Juniors,30.0,44.0,26.0,X,2.0,2.88,3.5,84.0304,84.2885,,,,0.368025,0.342249,0.289726,1.02026,0.87390,0.355130,0.380030,0.264841,-0.06463,MODELED,football-data.co.uk extra / penaltyblog 1.12.2,,,,,,FORM_INSUFFICIENT:6/5,HKJC matchResult · recency-weighted Team-Form Poisson
FB5551,2026-09-21T05:00+08:00,2026-09-20T15:09:26+08:00,USL,Indy Eleven,Oakland Roots,31.0,28.0,41.0,2,1.75,3.6,3.5,65.5929,62.4218,,,,,,,,,,,,,SPARSE_GRAPH_REJECTED,HKJC history reserved for Team-Form Poisson,,,,,,FORM_INSUFFICIENT:2/4,HKJC matchResult · recency-weighted Team-Form Poisson
FB5458,2026-09-21T10:05+08:00,2026-09-20T15:09:26+08:00,MXL,Queretaro,Club Leon,27.0,32.0,40.0,2,2.35,3.2,2.53,,57.3140,,,,0.527749,0.267180,0.205071,1.59193,0.90153,0.580206,0.305194,0.114600,0.50207,MODELED,football-data.co.uk extra / penaltyblog 1.12.2,,,,,,FORM_INSUFFICIENT:7/10,HKJC matchResult · recency-weighted Team-Form Poisson
FB5691,2026-09-24T21:00+08:00,2026-09-24T11:14:01+08:00,ANQ,Namibia,Congo,29.0,43.0,28.0,X,2.11,2.78,3.35,,,,,,,,,,,,,,,SPARSE_GRAPH_REJECTED,HKJC history reserved for Team-Form Poisson,,,,,,FORM_INSUFFICIENT:0/0,HKJC matchResult · recency-weighted Team-Form Poisson
FB5701,2026-09-24T23:55+08:00,2026-09-24T11:14:01+08:00,GUC,United Arab Emirates,Yemen,48.0,21.0,31.0,1,1.15,5.5,12.0,,,,,,,,,,,,,,,SPARSE_GRAPH_REJECTED,HKJC history reserved for Team-Form Poisson,,,,,,FORM_INSUFFICIENT:0/0,HKJC matchResult · recency-weighted Team-Form Poisson
FB5692,2026-09-25T00:00+08:00,2026-09-24T11:14:01+08:00,ANQ,Libya,Botswana,37.0,39.0,24.0,X,1.6,3.2,5.1,,,,,,,,,,,,,,,SPARSE_GRAPH_REJECTED,HKJC history reserved for Team-Form Poisson,,,,,,FORM_INSUFFICIENT:0/0,HKJC matchResult · recency-weighted Team-Form Poisson
FB5693,2026-09-25T00:00+08:00,2026-09-24T11:14:01+08:00,ANQ,Mauritania,Central African Republic,58.0,24.0,18.0,1,1.7,3.1,4.5,,,,,,,,,,,,,,,SPARSE_GRAPH_REJECTED,HKJC history reserved for Team-Form Poisson,,,,,,FORM_INSUFFICIENT:0/0,HKJC matchResult · recency-weighted Team-Form Poisson
FB5695,2026-09-25T00:00+08:00,2026-09-24T11:14:01+08:00,ANQ,D R Congo,Equatorial Guinea,53.0,30.0,17.0,1,1.23,4.35,10.5,,,,,,,,,,,,,,,SPARSE_GRAPH_REJECTED,HKJC history reserved for Team-Form Poisson,,,,,,FORM_INSUFFICIENT:0/0,HKJC matchResult · recency-weighted Team-Form Poisson
FB5616,2026-09-25T02:00+08:00,2026-09-24T11:14:01+08:00,E2Q,Belgium U21,Belarus U21,54.0,33.0,13.0,1,1.1,6.7,16.0,,,,,,,,,,,,,,,SPARSE_GRAPH_REJECTED,HKJC history reserved for Team-Form Poisson,,,,,,FORM_INSUFFICIENT:0/0,HKJC matchResult · recency-weighted Team-Form Poisson
FB5699,2026-09-25T02:00+08:00,2026-09-24T11:14:01+08:00,GUC,Qatar,Bahrain,29.0,25.0,46.0,2,2.07,2.93,3.25,66.8937,54.8272,,,,,,,,,,,,,SPARSE_GRAPH_REJECTED,HKJC history reserved for Team-Form Poisson,,,,,,FORM_INSUFFICIENT:0/0,HKJC matchResult · recency-weighted Team-Form Poisson
FB5592,2026-09-25T02:45+08:00,2026-09-24T11:14:01+08:00,ENL,Liechtenstein,Lithuania,30.0,41.0,29.0,X,12.5,4.9,1.17,,,,,,,,,,,,,,,SPARSE_GRAPH_REJECTED,HKJC history reserved for Team-Form Poisson,,,,,,FORM_INSUFFICIENT:0/0,HKJC matchResult · recency-weighted Team-Form Poisson
FB5593,2026-09-25T02:45+08:00,2026-09-24T11:14:01+08:00,ENL,Portugal,Wales,41.0,42.0,17.0,X,1.11,6.3,13.0,,,,,,,,,,,,,,,SPARSE_GRAPH_REJECTED,HKJC history reserved for Team-Form Poisson,,,,,,FORM_INSUFFICIENT:0/0,HKJC matchResult · recency-weighted Team-Form Poisson
FB5594,2026-09-25T02:45+08:00,2026-09-24T11:14:01+08:00,ENL,Norway,Denmark,37.0,40.0,23.0,X,1.58,3.7,4.4,,,,,,,,,,,,,,,SPARSE_GRAPH_REJECTED,HKJC history reserved for Team-Form Poisson,,,,,,FORM_INSUFFICIENT:0/0,HKJC matchResult · recency-weighted Team-Form Poisson
FB5595,2026-09-25T02:45+08:00,2026-09-24T11:14:01+08:00,ENL,Serbia,Greece,31.0,36.0,33.0,X,2.38,3.0,2.64,,,,,,,,,,,,,,,SPARSE_GRAPH_REJECTED,HKJC history reserved for Team-Form Poisson,,,,,,FORM_INSUFFICIENT:0/0,HKJC matchResult · recency-weighted Team-Form Poisson
FB5596,2026-09-25T02:45+08:00,2026-09-24T11:14:01+08:00,ENL,Netherlands,Germany,24.0,50.0,26.0,X,2.22,3.5,2.52,,,,,,,,,,,,,,,SPARSE_GRAPH_REJECTED,HKJC history reserved for Team-Form Poisson,,,,,,FORM_INSUFFICIENT:0/0,HKJC matchResult · recency-weighted Team-Form Poisson
FB5597,2026-09-25T02:45+08:00,2026-09-24T11:14:01+08:00,ENL,Kosovo,Republic of Ireland,42.0,23.0,35.0,1,2.39,2.9,2.7,,,,,,,,,,,,,,,SPARSE_GRAPH_REJECTED,HKJC history reserved for Team-Form Poisson,,,,,,FORM_INSUFFICIENT:0/0,HKJC matchResult · recency-weighted Team-Form Poisson
FB5598,2026-09-25T02:45+08:00,2026-09-24T11:14:01+08:00,ENL,Austria,Israel,55.0,32.0,13.0,1,1.32,4.45,6.5,,,,,,,,,,,,,,,SPARSE_GRAPH_REJECTED,HKJC history reserved for Team-Form Poisson,,,,,,FORM_INSUFFICIENT:0/0,HKJC matchResult · recency-weighted Team-Form Poisson
FB5690,2026-09-25T03:00+08:00,2026-09-24T11:14:01+08:00,ANQ,Tunisia,Uganda,38.0,33.0,29.0,1,1.31,4.0,8.25,,,,,,,,,,,,,,,SPARSE_GRAPH_REJECTED,HKJC history reserved for Team-Form Poisson,,,,,,FORM_INSUFFICIENT:0/0,HKJC matchResult · recency-weighted Team-Form Poisson
FB5694,2026-09-25T03:00+08:00,2026-09-24T11:14:01+08:00,ANQ,Cameroon,Comoros,53.0,29.0,18.0,1,1.3,4.0,8.5,,,,,,,,,,,,,,,SPARSE_GRAPH_REJECTED,HKJC history reserved for Team-Form Poisson,,,,,,FORM_INSUFFICIENT:0/0,HKJC matchResult · recency-weighted Team-Form Poisson
FB5635,2026-09-25T04:57+08:00,2026-09-24T11:14:01+08:00,CHC,O'Higgins,Deportes Santa Cruz,34.0,43.0,23.0,X,1.46,4.0,5.0,78.7392,70.0065,,,,,,,,,,,,,SPARSE_GRAPH_REJECTED,HKJC history reserved for Team-Form Poisson,,,,,,FORM_INSUFFICIENT:10/0,HKJC matchResult · recency-weighted Team-Form Poisson
FB5636,2026-09-25T07:27+08:00,2026-09-24T11:14:01+08:00,CHC,Everton VM,Universidad Chile,29.0,41.0,30.0,X,2.62,3.15,2.31,,82.2654,,,,,,,,,,,,,SPARSE_GRAPH_REJECTED,HKJC history reserved for Team-Form Poisson,,,,,,FORM_INSUFFICIENT:7/8,HKJC matchResult · recency-weighted Team-Form Poisson
FB5689,2026-09-25T08:00+08:00,2026-09-24T11:14:01+08:00,CNL,Haiti,Trinidad and Tobago,48.0,42.0,10.0,1,1.6,3.5,4.5,,,,,,,,,,,,,,,SPARSE_GRAPH_REJECTED,HKJC history reserved for Team-Form Poisson,,,,,,FORM_INSUFFICIENT:0/0,HKJC matchResult · recency-weighted Team-Form Poisson
FB5700,2026-09-25T08:00+08:00,2026-09-24T11:14:01+08:00,CNL,Dominican Republic,Nicaragua,36.0,38.0,26.0,X,1.52,3.5,5.2,,,,,,,,,,,,,,,SPARSE_GRAPH_REJECTED,HKJC history reserved for Team-Form Poisson,,,,,,FORM_INSUFFICIENT:0/0,HKJC matchResult · recency-weighted Team-Form Poisson
FB5673,2026-09-25T09:00+08:00,2026-09-24T11:14:01+08:00,MD1,Mineros Zacatecas,Piratas FC,31.0,39.0,30.0,X,2.74,3.25,2.17,71.3453,71.3656,,,,,,,,,,,,,SPARSE_GRAPH_REJECTED,HKJC history reserved for Team-Form Poisson,,,,,,FORM_INSUFFICIENT:11/6,HKJC matchResult · recency-weighted Team-Form Poisson
FB5674,2026-09-25T09:00+08:00,2026-09-24T11:14:01+08:00,MD1,Oaxaca,Atletico La Paz,15.0,28.0,57.0,2,2.96,3.55,1.95,,,,,,,,,,,,,,,SPARSE_GRAPH_REJECTED,HKJC history reserved for Team-Form Poisson,0.268357,0.260315,0.471328,1.05180,1.48373,FORM_MODELED,HKJC matchResult · recency-weighted Team-Form Poisson
FB5688,2026-09-25T10:00+08:00,2026-09-25T09:42:41+08:00,CNL,Costa Rica,Curacao,29.0,49.0,22.0,X,1.53,3.55,5.0,,,,,,,,,,,,,,,SPARSE_GRAPH_REJECTED,HKJC history reserved for Team-Form Poisson,0.411593,0.217164,0.371242,1.87918,1.77877,FORM_MODELED,martj42/international_results + HKJC recent · recency-weighted Team-Form Poisson
FB5715,2026-09-26T00:00+08:00,2026-09-25T09:42:41+08:00,ENL,Georgia,Northern Ireland,30.0,39.0,31.0,X,1.81,3.15,3.8,,,,,,,,,,,,,,,SPARSE_GRAPH_REJECTED,HKJC history reserved for Team-Form Poisson,0.519492,0.238482,0.242026,1.71885,1.09593,FORM_MODELED,martj42/international_results + HKJC recent · recency-weighted Team-Form Poisson
FB5716,2026-09-26T00:00+08:00,2026-09-25T09:42:41+08:00,ENL,Armenia,Latvia,37.0,34.0,29.0,1,1.64,3.3,4.5,,,,,,,,,,,,,,,SPARSE_GRAPH_REJECTED,HKJC history reserved for Team-Form Poisson,0.334529,0.306401,0.359070,0.98723,1.03430,FORM_MODELED,martj42/international_results + HKJC recent · recency-weighted Team-Form Poisson
FB5710,2026-09-26T02:45+08:00,2026-09-25T09:42:41+08:00,ENL,Italy,Belgium,38.0,40.0,22.0,X,2.0,3.25,3.05,,,,,,,,,,,,,,,SPARSE_GRAPH_REJECTED,HKJC history reserved for Team-Form Poisson,0.317466,0.229223,0.453311,1.46395,1.78534,FORM_MODELED,martj42/international_results + HKJC recent · recency-weighted Team-Form Poisson
FB5711,2026-09-26T02:45+08:00,2026-09-25T09:42:41+08:00,ENL,Montenegro,Cyprus,42.0,30.0,28.0,1,1.6,3.45,4.55,50.6476,,,,,,,,,,,,,,SPARSE_GRAPH_REJECTED,HKJC history reserved for Team-Form Poisson,0.334097,0.245643,0.420260,1.36172,1.55548,FORM_MODELED,martj42/international_results + HKJC recent · recency-weighted Team-Form Poisson
FB5712,2026-09-26T02:45+08:00,2026-09-25T09:42:41+08:00,ENL,Sweden,Romania,42.0,33.0,25.0,1,1.39,4.15,5.8,,,,,,,,,,,,,,,SPARSE_GRAPH_REJECTED,HKJC history reserved for Team-Form Poisson,0.434708,0.234459,0.330833,1.69727,1.45524,FORM_MODELED,martj42/international_results + HKJC recent · recency-weighted Team-Form Poisson
FB5713,2026-09-26T02:45+08:00,2026-09-25T09:42:41+08:00,ENL,Poland,Bosnia-Herzegovina,44.0,36.0,20.0,1,1.47,3.7,5.4,,,,,,,,,,,,,,,SPARSE_GRAPH_REJECTED,HKJC history reserved for Team-Form Poisson,,,,,,FORM_INSUFFICIENT:0/0,HKJC matchResult · recency-weighted Team-Form Poisson
FB5714,2026-09-26T02:45+08:00,2026-09-25T09:42:41+08:00,ENL,Hungary,Ukraine,23.0,45.0,32.0,X,2.1,3.1,3.0,,,,,,,,,,,,,,,SPARSE_GRAPH_REJECTED,HKJC history reserved for Team-Form Poisson,0.456490,0.241122,0.302388,1.65141,1.30182,FORM_MODELED,martj42/international_results + HKJC recent · recency-weighted Team-Form Poisson
FB5717,2026-09-26T02:45+08:00,2026-09-25T09:42:41+08:00,ENL,Turkiye,France,37.0,31.0,32.0,1,5.5,4.3,1.39,,,,,,,,,,,,,,,SPARSE_GRAPH_REJECTED,HKJC history reserved for Team-Form Poisson,,,,,,FORM_INSUFFICIENT:0/0,HKJC matchResult · recency-weighted Team-Form Poisson
FB5705,2026-09-26T06:28+08:00,2026-09-25T09:42:41+08:00,BD2,Novorizontino,Sao Bernardo,45.0,27.0,28.0,1,1.48,3.65,5.4,76.5149,71.7336,,,,,,,,,,,,,SPARSE_GRAPH_REJECTED,HKJC history reserved for Team-Form Poisson,0.488708,0.261140,0.250153,1.48964,0.98572,FORM_MODELED,HKJC matchResult · recency-weighted Team-Form Poisson
FB5706,2026-09-26T07:28+08:00,2026-09-25T09:42:41+08:00,BD2,Vila Nova,Londrina,60.0,17.0,24.0,1,1.47,3.5,5.9,72.7143,70.1522,,,,,,,,,,,,,SPARSE_GRAPH_REJECTED,HKJC history reserved for Team-Form Poisson,,,,,,FORM_INSUFFICIENT:6/7,HKJC matchResult · recency-weighted Team-Form Poisson
FB5718,2026-09-26T09:00+08:00,2026-09-25T09:42:41+08:00,MXL,Atlante,Monterrey,25.0,35.0,40.0,2,3.15,3.3,1.95,77.0533,80.6129,,,,,,,,,,,,,SPARSE_GRAPH_REJECTED,HKJC history reserved for Team-Form Poisson,0.383299,0.266878,0.349823,1.30917,1.23834,FORM_MODELED,HKJC matchResult · recency-weighted Team-Form Poisson
FB5707,2026-09-26T11:00+08:00,2026-09-26T09:47:19+08:00,MXL,Tijuana,Atlas,39.0,37.0,24.0,1,1.95,3.2,3.2,79.8825,77.4006,,,,0.582461,0.242299,0.175240,1.83309,0.91156,0.601508,0.294161,0.104331,0.47832,MODELED,football-data.co.uk extra / penaltyblog 1.12.2,0.506754,0.246867,0.246379,1.62824,1.05693,FORM_MODELED,HKJC matchResult · recency-weighted Team-Form Poisson
FB5807,2026-09-26T11:00+08:00,2026-09-26T09:47:19+08:00,CNL,El Salvador,Martinique,54.0,20.0,26.0,1,1.72,3.15,4.25,49.6312,,,,,,,,,,,,,,SPARSE_GRAPH_REJECTED,HKJC history reserved for Team-Form Poisson,,,,,,FORM_INSUFFICIENT:20/8,martj42/international_results + HKJC recent · recency-weighted Team-Form Poisson
FB5725,2026-09-26T16:00+08:00,2026-09-26T09:47:19+08:00,JD2,Montedio Yamagata,Sagan Tosu,43.0,32.0,25.0,1,2.6,3.2,2.29,66.3366,67.4305,,,,,,,,,,,,,SPARSE_GRAPH_REJECTED,HKJC history reserved for Team-Form Poisson,0.386267,0.288582,0.325150,1.17397,1.05187,FORM_MODELED,HKJC matchResult · recency-weighted Team-Form Poisson
FB5726,2026-09-26T16:00+08:00,2026-09-26T09:47:19+08:00,JD2,Blaublitz Akita,Albirex Niigata,33.0,18.0,49.0,2,2.21,3.0,2.88,66.0297,67.7759,,,,,,,,,,,,,SPARSE_GRAPH_REJECTED,HKJC history reserved for Team-Form Poisson,0.448398,0.276052,0.275550,1.34090,0.98720,FORM_MODELED,HKJC matchResult · recency-weighted Team-Form Poisson
FB5727,2026-09-26T16:00+08:00,2026-09-26T09:47:19+08:00,JD2,Oita Trinita,Fujieda MYFC,42.0,31.0,27.0,1,2.53,2.92,2.53,64.1694,65.8493,,,,,,,,,,,,,SPARSE_GRAPH_REJECTED,HKJC history reserved for Team-Form Poisson,0.386417,0.300251,0.313332,1.11102,0.96906,FORM_MODELED,HKJC matchResult · recency-weighted Team-Form Poisson
FB5728,2026-09-26T16:00+08:00,2026-09-26T09:47:19+08:00,JD2,Kataller Toyama,FC Yokohama,37.0,31.0,32.0,1,2.45,3.5,2.28,67.7351,69.6922,,,,,,,,,,,,,SPARSE_GRAPH_REJECTED,HKJC history reserved for Team-Form Poisson,0.500633,0.248241,0.251125,1.61230,1.06607,FORM_MODELED,HKJC matchResult · recency-weighted Team-Form Poisson
FB5729,2026-09-26T16:00+08:00,2026-09-26T09:47:19+08:00,JD2,FC Imabari,Shonan Bellmare,26.0,34.0,40.0,2,3.15,3.35,1.93,64.2975,67.9188,,,,,,,,,,,,,SPARSE_GRAPH_REJECTED,HKJC history reserved for Team-Form Poisson,0.268597,0.246356,0.485047,1.14318,1.62230,FORM_MODELED,HKJC matchResult · recency-weighted Team-Form Poisson
FB5730,2026-09-26T16:00+08:00,2026-09-26T09:47:19+08:00,JD2,RB Omiya Ardija,Ventforet Kofu,53.0,22.0,25.0,1,1.49,3.95,4.75,,64.3928,,,,,,,,,,,,,SPARSE_GRAPH_REJECTED,HKJC history reserved for Team-Form Poisson,0.587458,0.237689,0.174854,1.70301,0.80534,FORM_MODELED,HKJC matchResult · recency-weighted Team-Form Poisson
FB5741,2026-09-26T16:00+08:00,2026-09-26T09:47:19+08:00,JD2,Tegevajaro Miyazaki,Hokkaido Consadole Sapporo,39.0,36.0,25.0,1,1.78,3.55,3.45,66.3095,,,,,,,,,,,,,,SPARSE_GRAPH_REJECTED,HKJC history reserved for Team-Form Poisson,0.383199,0.282812,0.333988,1.20280,1.10303,FORM_MODELED,HKJC matchResult · recency-weighted Team-Form Poisson
FB5742,2026-09-26T16:00+08:00,2026-09-26T09:47:19+08:00,JD2,Jubilo Iwata,Vanraure Hachinohe,61.0,25.0,14.0,1,1.44,3.8,5.7,,62.7867,,,,,,,,,,,,,SPARSE_GRAPH_REJECTED,HKJC history reserved for Team-Form Poisson,0.619718,0.278787,0.101495,1.35870,0.37603,FORM_MODELED,HKJC matchResult · recency-weighted Team-Form Poisson
FB5743,2026-09-26T16:00+08:00,2026-09-26T09:47:19+08:00,JD2,Tokushima Vortis,Tochigi City,33.0,36.0,31.0,X,2.24,3.35,2.58,67.4727,66.3672,,,,,,,,,,,,,SPARSE_GRAPH_REJECTED,HKJC history reserved for Team-Form Poisson,0.334663,0.298385,0.366952,1.02419,1.08725,FORM_MODELED,HKJC matchResult · recency-weighted Team-Form Poisson
FB5744,2026-09-26T16:00+08:00,2026-09-26T09:47:19+08:00,JD2,Iwaki FC,Vegalta Sendai,23.0,20.0,57.0,2,3.0,3.45,1.96,67.5314,70.1999,,,,,,,,,,,,,SPARSE_GRAPH_REJECTED,HKJC history reserved for Team-Form Poisson,0.348089,0.244994,0.406918,1.40609,1.53883,FORM_MODELED,HKJC matchResult · recency-weighted Team-Form Poisson
FB5881,2026-09-26T18:00+08:00,2026-09-26T09:47:19+08:00,SFLW,Levante Badalona Women,CF Granada Women,45.0,24.0,31.0,1,1.53,3.5,4.85,,,,,,,,,,,,,,,SPARSE_GRAPH_REJECTED,HKJC history reserved for Team-Form Poisson,,,,,,FORM_INSUFFICIENT:1/1,HKJC matchResult · recency-weighted Team-Form Poisson
FB5883,2026-09-26T18:00+08:00,2026-09-26T09:47:19+08:00,SFLW,Real Sociedad Women,Real Madrid Women,18.0,16.0,66.0,2,3.5,3.6,1.72,,,,,,,,,,,,,,,SPARSE_GRAPH_REJECTED,HKJC history reserved for Team-Form Poisson,,,,,,FORM_INSUFFICIENT:4/4,HKJC matchResult · recency-weighted Team-Form Poisson
FB5871,2026-09-26T18:30+08:00,2026-09-26T09:47:19+08:00,ISAW,Juventus Women,Napoli Women,56.0,22.0,21.0,1,1.19,5.0,9.25,,,,,,,,,,,,,,,SPARSE_GRAPH_REJECTED,HKJC history reserved for Team-Form Poisson,,,,,,FORM_INSUFFICIENT:2/1,HKJC matchResult · recency-weighted Team-Form Poisson
FB5857,2026-09-26T19:00+08:00,2026-09-26T09:47:19+08:00,NTLW,Haugesund Women,LSK Kvinner Women,32.0,28.0,41.0,2,1.77,3.7,3.25,,,,,,,,,,,,,,,SPARSE_GRAPH_REJECTED,HKJC history reserved for Team-Form Poisson,,,,,,FORM_INSUFFICIENT:0/1,HKJC matchResult · recency-weighted Team-Form Poisson
FB5858,2026-09-26T19:00+08:00,2026-09-26T09:47:19+08:00,NTLW,Molde Women,Valerenga Women,32.0,20.0,48.0,2,5.3,4.8,1.34,,,,,,,,,,,,,,,SPARSE_GRAPH_REJECTED,HKJC history reserved for Team-Form Poisson,,,,,,FORM_INSUFFICIENT:0/5,HKJC matchResult · recency-weighted Team-Form Poisson
FB5859,2026-09-26T19:00+08:00,2026-09-26T09:47:19+08:00,NTLW,Lyn Women,Honefoss Women,41.0,35.0,24.0,1,1.39,4.25,5.3,,,,,,,,,,,,,,,SPARSE_GRAPH_REJECTED,HKJC history reserved for Team-Form Poisson,,,,,,FORM_INSUFFICIENT:0/1,HKJC matchResult · recency-weighted Team-Form Poisson
FB5872,2026-09-26T19:00+08:00,2026-09-26T09:47:19+08:00,SALW,Kristianstads Women,Vittsjo Women,39.0,40.0,21.0,X,1.49,4.0,4.45,,,,,,,,,,,,,,,SPARSE_GRAPH_REJECTED,HKJC history reserved for Team-Form Poisson,,,,,,FORM_INSUFFICIENT:1/1,HKJC matchResult · recency-weighted Team-Form Poisson
FB5794,2026-09-26T20:00+08:00,2026-09-26T09:47:19+08:00,SF2,Ceuta,Real Sociedad B,21.0,37.0,42.0,2,2.27,3.2,2.63,74.7606,85.6301,,,,0.355081,0.245973,0.398946,1.34199,1.43845,0.278511,0.381587,0.339902,-0.29621,MODELED,football-data.co.uk main / penaltyblog 1.12.2,,,,,,FORM_INSUFFICIENT:6/7,HKJC matchResult · recency-weighted Team-Form Poisson
FB5878,2026-09-26T20:30+08:00,2026-09-26T09:47:19+08:00,EPLW,Charlton Women,Manchester City Women,24.0,22.0,54.0,2,26.0,9.25,1.03,,,,,,,,,,,,,,,SPARSE_GRAPH_REJECTED,HKJC history reserved for Team-Form Poisson,,,,,,FORM_INSUFFICIENT:0/1,HKJC matchResult · recency-weighted Team-Form Poisson
FB5747,2026-09-26T21:00+08:00,2026-09-26T09:47:19+08:00,ENL,Slovenia,Scotland,21.0,52.0,27.0,X,2.21,2.98,2.9,,,,,,,,,,,,,,,SPARSE_GRAPH_REJECTED,HKJC history reserved for Team-Form Poisson,0.270649,0.269708,0.459643,1.00583,1.39840,FORM_MODELED,martj42/international_results + HKJC recent · recency-weighted Team-Form Poisson
FB5841,2026-09-26T21:00+08:00,2026-09-26T09:47:19+08:00,SALW,AIK Solna Women,Vaxjo Women,60.0,25.0,15.0,1,1.4,4.1,5.3,,,,,,,,,,,,,,,SPARSE_GRAPH_REJECTED,HKJC history reserved for Team-Form Poisson,,,,,,FORM_INSUFFICIENT:2/2,HKJC matchResult · recency-weighted Team-Form Poisson
FB5849,2026-09-26T21:00+08:00,2026-09-26T09:47:19+08:00,SALW,Hammarby Women,Eskilstuna Utd Women,51.0,22.0,27.0,1,1.06,7.0,20.0,,,,,,,,,,,,,,,SPARSE_GRAPH_REJECTED,HKJC history reserved for Team-Form Poisson,,,,,,FORM_INSUFFICIENT:1/1,HKJC matchResult · recency-weighted Team-Form Poisson
FB5856,2026-09-26T21:00+08:00,2026-09-26T09:47:19+08:00,NTLW,Stabaek Women,Brann Women,41.0,21.0,38.0,1,6.5,4.65,1.29,,,,,,,,,,,,,,,SPARSE_GRAPH_REJECTED,HKJC history reserved for Team-Form Poisson,,,,,,FORM_INSUFFICIENT:0/3,HKJC matchResult · recency-weighted Team-Form Poisson
FB5869,2026-09-26T21:00+08:00,2026-09-26T09:47:19+08:00,ISAW,Lazio Women,Parma Women,55.0,30.0,15.0,1,1.71,3.35,3.85,,,,,,,,,,,,,,,SPARSE_GRAPH_REJECTED,HKJC history reserved for Team-Form Poisson,,,,,,FORM_INSUFFICIENT:1/0,HKJC matchResult · recency-weighted Team-Form Poisson
FB5877,2026-09-26T21:00+08:00,2026-09-26T09:47:19+08:00,ANQ,South Africa,Guinea,38.0,40.0,22.0,X,1.9,2.82,3.95,,,,,,,,,,,,,,,SPARSE_GRAPH_REJECTED,HKJC history reserved for Team-Form Poisson,0.387428,0.310372,0.302200,1.06345,0.90169,FORM_MODELED,martj42/international_results + HKJC recent · recency-weighted Team-Form Poisson
FB5768,2026-09-26T22:00+08:00,2026-09-26T09:47:19+08:00,ED2,Stockport,Peterborough,54.0,26.0,20.0,1,1.27,5.1,6.6,,24.5087,,,,0.626650,0.195412,0.177939,2.21212,1.09653,0.763442,0.193607,0.042951,1.00216,MODELED,football-data.co.uk main / penaltyblog 1.12.2,0.448314,0.211824,0.339862,2.02534,1.75087,FORM_MODELED,HKJC matchResult · recency-weighted Team-Form Poisson
FB5769,2026-09-26T22:00+08:00,2026-09-26T09:47:19+08:00,ED2,Wycombe,Reading,21.0,42.0,37.0,X,2.49,3.4,2.29,,76.2744,,,,0.428711,0.240732,0.330556,1.61076,1.38722,0.413433,0.369247,0.217320,0.01580,MODELED,football-data.co.uk main / penaltyblog 1.12.2,,,,,,FORM_INSUFFICIENT:8/6,HKJC matchResult · recency-weighted Team-Form Poisson
FB5770,2026-09-26T22:00+08:00,2026-09-26T09:47:19+08:00,ED2,Cambridge Utd,AFC Wimbledon,37.0,32.0,31.0,1,1.68,3.4,4.1,,71.4227,,,,,,,,,,,,,SPARSE_GRAPH_REJECTED,HKJC history reserved for Team-Form Poisson,,,,,,FORM_INSUFFICIENT:6/7,HKJC matchResult · recency-weighted Team-Form Poisson
FB5771,2026-09-26T22:00+08:00,2026-09-26T09:47:19+08:00,ED2,Plymouth,Burton Albion,47.0,30.0,23.0,1,1.45,4.05,5.1,,73.4367,,,,0.553005,0.223253,0.223742,1.88751,1.12065,0.578497,0.306054,0.115449,0.65026,MODELED,football-data.co.uk main / penaltyblog 1.12.2,,,,,,FORM_INSUFFICIENT:7/4,HKJC matchResult · recency-weighted Team-Form Poisson
FB5772,2026-09-26T22:00+08:00,2026-09-26T09:47:19+08:00,ED3,Newport County,Grimsby,18.0,46.0,36.0,X,3.7,3.45,1.74,65.7559,,,,,0.205519,0.226695,0.567786,1.01375,1.84198,0.096801,0.285289,0.617909,-0.98051,MODELED,football-data.co.uk main / penaltyblog 1.12.2,,,,,,FORM_INSUFFICIENT:3/4,HKJC matchResult · recency-weighted Team-Form Poisson
FB5773,2026-09-26T22:00+08:00,2026-09-26T09:47:19+08:00,ED3,Fleetwood,Rochdale,39.0,42.0,19.0,X,1.81,3.3,3.6,,64.6445,,,,,,,,,,,,,SPARSE_GRAPH_REJECTED,HKJC history reserved for Team-Form Poisson,,,,,,FORM_INSUFFICIENT:4/3,HKJC matchResult · recency-weighted Team-Form Poisson
FB5774,2026-09-26T22:00+08:00,2026-09-26T09:47:19+08:00,ED3,Rotherham,Crewe,20.0,62.0,18.0,X,2.12,3.35,2.76,,,,,,,,,,,,,,,SPARSE_GRAPH_REJECTED,HKJC history reserved for Team-Form Poisson,,,,,,FORM_INSUFFICIENT:3/2,HKJC matchResult · recency-weighted Team-Form Poisson
FB5775,2026-09-26T22:00+08:00,2026-09-26T09:47:19+08:00,ED3,Cheltenham,Chesterfield,26.0,36.0,37.0,2,2.78,3.25,2.15,,71.4946,,,,0.286943,0.232386,0.480671,1.32197,1.77207,0.196203,0.361338,0.442458,-0.46241,MODELED,football-data.co.uk main / penaltyblog 1.12.2,,,,,,FORM_INSUFFICIENT:4/3,HKJC matchResult · recency-weighted Team-Form Poisson
FB5776,2026-09-26T22:00+08:00,2026-09-26T09:47:19+08:00,ED3,Tranmere,Walsall,21.0,45.0,35.0,X,2.49,3.15,2.42,,69.5189,,,,0.330849,0.264662,0.404490,1.20667,1.36320,0.141736,0.329345,0.528919,-0.44785,MODELED,football-data.co.uk main / penaltyblog 1.12.2,,,,,,FORM_INSUFFICIENT:2/5,HKJC matchResult · recency-weighted Team-Form Poisson
FB5777,2026-09-26T22:00+08:00,2026-09-26T09:47:19+08:00,ED3,Bristol Rovers,Exeter City,56.0,29.0,15.0,1,1.66,3.5,4.05,69.6094,70.1400,,,,,,,,,,,,,SPARSE_GRAPH_REJECTED,HKJC history reserved for Team-Form Poisson,,,,,,FORM_INSUFFICIENT:2/2,HKJC matchResult · recency-weighted Team-Form Poisson
FB5778,2026-09-26T22:00+08:00,2026-09-26T09:47:19+08:00,ED3,Shrewsbury,Colchester,37.0,39.0,24.0,X,2.67,2.98,2.37,,,,,,0.243311,0.283202,0.473487,0.85674,1.31613,0.285436,0.382141,0.332423,-0.43066,MODELED,football-data.co.uk main / penaltyblog 1.12.2,,,,,,FORM_INSUFFICIENT:3/2,HKJC matchResult · recency-weighted Team-Form Poisson
FB5779,2026-09-26T22:00+08:00,2026-09-26T09:47:19+08:00,ED3,Swindon,Accrington Stanley,53.0,30.0,16.0,1,1.95,3.3,3.15,,65.7214,,,,0.550024,0.233886,0.216090,1.76609,1.01494,0.569353,0.310595,0.120052,0.38976,MODELED,football-data.co.uk main / penaltyblog 1.12.2,,,,,,FORM_INSUFFICIENT:2/0,HKJC matchResult · recency-weighted Team-Form Poisson
FB5784,2026-09-26T22:00+08:00,2026-09-26T09:47:19+08:00,ED3,York City,Gillingham,19.0,55.0,26.0,X,1.52,3.8,4.7,67.9691,67.3983,,,,,,,,,,,,,SPARSE_GRAPH_REJECTED,HKJC history reserved for Team-Form Poisson,,,,,,FORM_INSUFFICIENT:2/1,HKJC matchResult · recency-weighted Team-Form Poisson
FB5795,2026-09-26T22:15+08:00,2026-09-26T09:47:19+08:00,SF2,CF Granada,FC Andorra,57.0,31.0,12.0,1,2.05,3.15,3.05,77.9845,76.9255,,,,0.449967,0.237642,0.312391,1.60086,1.29192,0.329827,0.382300,0.287873,-0.00595,MODELED,football-data.co.uk main / penaltyblog 1.12.2,,,,,,FORM_INSUFFICIENT:7/6,HKJC matchResult · recency-weighted Team-Form Poisson
FB5731,2026-09-26T22:30+08:00,2026-09-26T09:47:19+08:00,DF2,Heracles,Vitesse,39.0,23.0,38.0,1,1.41,4.55,4.85,71.5644,68.4878,,,,,,,,,,,,,SPARSE_GRAPH_REJECTED,HKJC history reserved for Team-Form Poisson,0.412228,0.214384,0.373389,1.92135,1.82364,FORM_MODELED,HKJC matchResult · recency-weighted Team-Form Poisson
FB5882,2026-09-26T22:30+08:00,2026-09-26T09:47:19+08:00,SFLW,DUX Logrono Women,Barcelona Women,8.0,16.0,76.0,2,55.0,15.0,1.001,,,,,,,,,,,,,,,SPARSE_GRAPH_REJECTED,HKJC history reserved for Team-Form Poisson,,,,,,FORM_INSUFFICIENT:0/1,HKJC matchResult · recency-weighted Team-Form Poisson
FB5745,2026-09-26T23:00+08:00,2026-09-26T09:47:19+08:00,E2Q,Georgia U21,Greece U21,22.0,37.0,41.0,2,4.45,3.65,1.57,,,,,,,,,,,,,,,SPARSE_GRAPH_REJECTED,HKJC history reserved for Team-Form Poisson,,,,,,FORM_INSUFFICIENT:0/0,HKJC matchResult · recency-weighted Team-Form Poisson
FB5781,2026-09-26T23:00+08:00,2026-09-26T09:47:19+08:00,E2Q,Croatia U21,Hungary U21,66.0,20.0,14.0,1,1.2,5.1,9.5,,,,,,,,,,,,,,,SPARSE_GRAPH_REJECTED,HKJC history reserved for Team-Form Poisson,,,,,,FORM_INSUFFICIENT:0/0,HKJC matchResult · recency-weighted Team-Form Poisson
FB5865,2026-09-26T23:55+08:00,2026-09-26T09:47:19+08:00,GUC,Kuwait,Iraq,27.0,38.0,35.0,X,6.8,3.85,1.37,76.5040,,,,,,,,,,,,,,SPARSE_GRAPH_REJECTED,HKJC history reserved for Team-Form Poisson,0.320214,0.279210,0.400575,1.09062,1.25485,FORM_MODELED,martj42/international_results + HKJC recent · recency-weighted Team-Form Poisson
FB5751,2026-09-27T00:00+08:00,2026-09-26T09:47:19+08:00,ENL,San Marino,Finland,27.0,25.0,48.0,2,29.0,8.0,1.05,50.7226,,,,,,,,,,,,,,SPARSE_GRAPH_REJECTED,HKJC history reserved for Team-Form Poisson,0.266696,0.258013,0.475291,1.06015,1.50663,FORM_MODELED,martj42/international_results + HKJC recent · recency-weighted Team-Form Poisson
FB5753,2026-09-27T00:00+08:00,2026-09-26T09:47:19+08:00,ENL,Iceland,Estonia,41.0,33.0,26.0,1,1.2,5.0,10.0,,,,,,,,,,,,,,,SPARSE_GRAPH_REJECTED,HKJC history reserved for Team-Form Poisson,0.403431,0.239061,0.357508,1.59257,1.48688,FORM_MODELED,martj42/international_results + HKJC recent · recency-weighted Team-Form Poisson
FB5754,2026-09-27T00:00+08:00,2026-09-26T09:47:19+08:00,ENL,Bulgaria,Luxembourg,27.0,49.0,24.0,X,2.29,2.86,2.88,,,,,,,,,,,,,,,SPARSE_GRAPH_REJECTED,HKJC history reserved for Team-Form Poisson,0.425994,0.291676,0.282330,1.21501,0.93149,FORM_MODELED,martj42/international_results + HKJC recent · recency-weighted Team-Form Poisson
FB5767,2026-09-27T00:00+08:00,2026-09-26T09:47:19+08:00,ENL,Faroe Islands,Kazakhstan,33.0,53.0,14.0,X,2.1,2.9,3.2,,,,,,,,,,,,,,,SPARSE_GRAPH_REJECTED,HKJC history reserved for Team-Form Poisson,0.532304,0.254492,0.213203,1.56190,0.88509,FORM_MODELED,martj42/international_results + HKJC recent · recency-weighted Team-Form Poisson
FB5790,2026-09-27T00:00+08:00,2026-09-26T09:47:19+08:00,E2Q,Ukraine U21,Turkiye U21,30.0,38.0,32.0,X,2.42,3.25,2.42,,,,,,,,,,,,,,,SPARSE_GRAPH_REJECTED,HKJC history reserved for Team-Form Poisson,,,,,,FORM_INSUFFICIENT:0/0,HKJC matchResult · recency-weighted Team-Form Poisson
FB5780,2026-09-27T00:30+08:00,2026-09-26T09:47:19+08:00,ED3,Oldham,Salford City,35.0,28.0,37.0,2,2.46,3.35,2.34,,70.1831,,,,0.422034,0.287283,0.290683,1.23530,0.97312,0.376743,0.376886,0.246371,-0.11205,MODELED,football-data.co.uk main / penaltyblog 1.12.2,,,,,,FORM_INSUFFICIENT:4/3,HKJC matchResult · recency-weighted Team-Form Poisson
FB5796,2026-09-27T00:30+08:00,2026-09-26T09:47:19+08:00,SF2,Tenerife,Cadiz,51.0,34.0,15.0,1,1.74,3.05,4.35,77.7810,74.0770,,,,,,,,,,,,,SPARSE_GRAPH_REJECTED,HKJC history reserved for Team-Form Poisson,,,,,,FORM_INSUFFICIENT:4/4,HKJC matchResult · recency-weighted Team-Form Poisson
FB5732,2026-09-27T02:00+08:00,2026-09-26T09:47:19+08:00,DF2,Emmen,Oss,59.0,19.0,22.0,1,1.45,4.4,4.6,65.8821,,,,,,,,,,,,,,SPARSE_GRAPH_REJECTED,HKJC history reserved for Team-Form Poisson,,,,,,FORM_INSUFFICIENT:7/9,HKJC matchResult · recency-weighted Team-Form Poisson
FB5733,2026-09-27T02:00+08:00,2026-09-26T09:47:19+08:00,DF2,Maastricht,Helmond,44.0,29.0,27.0,1,1.8,3.65,3.3,,,,,,,,,,,,,,,SPARSE_GRAPH_REJECTED,HKJC history reserved for Team-Form Poisson,0.340544,0.238448,0.421008,1.44571,1.63099,FORM_MODELED,HKJC matchResult · recency-weighted Team-Form Poisson
FB5734,2026-09-27T02:00+08:00,2026-09-26T09:47:19+08:00,DF2,Volendam,Venlo,37.0,16.0,47.0,2,1.67,4.15,3.4,68.5995,,,,,,,,,,,,,,SPARSE_GRAPH_REJECTED,HKJC history reserved for Team-Form Poisson,0.522591,0.205075,0.272334,2.18737,1.55000,FORM_MODELED,HKJC matchResult · recency-weighted Team-Form Poisson
FB5735,2026-09-27T02:00+08:00,2026-09-26T09:47:19+08:00,DF2,Roda,RKC Waalwijk,21.0,43.0,36.0,X,2.23,3.4,2.56,60.0877,69.8701,,,,,,,,,,,,,SPARSE_GRAPH_REJECTED,HKJC history reserved for Team-Form Poisson,0.356363,0.270772,0.372865,1.22664,1.26119,FORM_MODELED,HKJC matchResult · recency-weighted Team-Form Poisson
FB5736,2026-09-27T02:00+08:00,2026-09-26T09:47:19+08:00,DF2,NAC,FC Eindhoven,31.0,36.0,33.0,X,1.19,5.7,8.25,,64.0336,,,,,,,,,,,,,SPARSE_GRAPH_REJECTED,HKJC history reserved for Team-Form Poisson,,,,,,FORM_INSUFFICIENT:10/6,HKJC matchResult · recency-weighted Team-Form Poisson
FB5748,2026-09-27T02:45+08:00,2026-09-26T09:47:19+08:00,ENL,England,Spain,27.0,41.0,32.0,X,2.8,3.15,2.18,,,,,,,,,,,,,,,SPARSE_GRAPH_REJECTED,HKJC history reserved for Team-Form Poisson,0.249531,0.287040,0.463429,0.85988,1.28377,FORM_MODELED,martj42/international_results + HKJC recent · recency-weighted Team-Form Poisson
FB5749,2026-09-27T02:45+08:00,2026-09-26T09:47:19+08:00,ENL,Czechia,Croatia,32.0,45.0,23.0,X,3.15,3.3,1.95,,,,,,,,,,,,,,,SPARSE_GRAPH_REJECTED,HKJC history reserved for Team-Form Poisson,,,,,,FORM_INSUFFICIENT:0/0,HKJC matchResult · recency-weighted Team-Form Poisson
FB5750,2026-09-27T02:45+08:00,2026-09-26T09:47:19+08:00,ENL,Albania,Belarus,24.0,48.0,28.0,X,1.38,3.75,7.0,,,,,,,,,,,,,,,SPARSE_GRAPH_REJECTED,HKJC history reserved for Team-Form Poisson,0.288549,0.280440,0.431011,1.00162,1.29069,FORM_MODELED,martj42/international_results + HKJC recent · recency-weighted Team-Form Poisson
FB5752,2026-09-27T02:45+08:00,2026-09-26T09:47:19+08:00,ENL,North Macedonia,Switzerland,53.0,28.0,19.0,1,6.3,4.05,1.37,,,,,,,,,,,,,,,SPARSE_GRAPH_REJECTED,HKJC history reserved for Team-Form Poisson,0.169201,0.253017,0.577782,0.71343,1.56490,FORM_MODELED,martj42/international_results + HKJC recent · recency-weighted Team-Form Poisson
FB5755,2026-09-27T02:45+08:00,2026-09-26T09:47:19+08:00,ENL,Slovakia,Moldova,42.0,32.0,26.0,1,1.1,6.4,15.0,,,,,,,,,,,,,,,SPARSE_GRAPH_REJECTED,HKJC history reserved for Team-Form Poisson,0.602681,0.201269,0.196050,2.17087,1.16491,FORM_MODELED,martj42/international_results + HKJC recent · recency-weighted Team-Form Poisson
FB5842,2026-09-27T03:28+08:00,2026-09-26T09:47:19+08:00,BD2,Operario Ferroviario,Ceara,44.0,31.0,24.0,1,1.98,3.0,3.4,,71.6934,,,,,,,,,,,,,SPARSE_GRAPH_REJECTED,HKJC history reserved for Team-Form Poisson,0.426490,0.273002,0.300508,1.33555,1.07459,FORM_MODELED,HKJC matchResult · recency-weighted Team-Form Poisson
FB5855,2026-09-27T03:28+08:00,2026-09-26T09:47:19+08:00,BD2,Nautico Recife,Sport Recife,33.0,31.0,36.0,2,2.15,3.15,2.85,,73.1109,,,,,,,,,,,,,SPARSE_GRAPH_REJECTED,HKJC history reserved for Team-Form Poisson,,,,,,FORM_INSUFFICIENT:6/11,HKJC matchResult · recency-weighted Team-Form Poisson
FB5876,2026-09-27T03:30+08:00,2026-09-26T09:47:19+08:00,BD1W,Corinthians Women,Sao Paulo Women,32.0,33.0,35.0,2,1.59,3.4,4.55,,,,,,,,,,,,,,,SPARSE_GRAPH_REJECTED,HKJC history reserved for Team-Form Poisson,,,,,,FORM_INSUFFICIENT:7/1,HKJC matchResult · recency-weighted Team-Form Poisson
FB5840,2026-09-27T04:27+08:00,2026-09-26T09:47:19+08:00,CHC,Deportivo Nublense,Puerto Montt,37.0,39.0,24.0,X,1.47,3.9,5.1,,71.2215,,,,,,,,,,,,,SPARSE_GRAPH_REJECTED,HKJC history reserved for Team-Form Poisson,,,,,,FORM_INSUFFICIENT:9/1,HKJC matchResult · recency-weighted Team-Form Poisson
FB5817,2026-09-27T05:27+08:00,2026-09-26T09:47:19+08:00,UD1,Penarol,Boston River,62.0,22.0,16.0,1,1.47,3.8,5.3,,75.6011,,,,,,,,,,,,,SPARSE_GRAPH_REJECTED,HKJC history reserved for Team-Form Poisson,0.516904,0.259519,0.223577,1.51593,0.89931,FORM_MODELED,HKJC matchResult · recency-weighted Team-Form Poisson
FB5843,2026-09-27T05:28+08:00,2026-09-26T09:47:19+08:00,BD2,Goias,Atletico Goianiense,28.0,37.0,35.0,X,2.46,2.78,2.73,72.4524,73.9884,,,,,,,,,,,,,SPARSE_GRAPH_REJECTED,HKJC history reserved for Team-Form Poisson,,,,,,FORM_INSUFFICIENT:7/7,HKJC matchResult · recency-weighted Team-Form Poisson
FB5853,2026-09-27T06:00+08:00,2026-09-26T09:47:19+08:00,MD1,Tlaxcala,Cancun FC,31.0,26.0,43.0,2,2.15,3.25,2.78,68.0396,,,,,,,,,,,,,,SPARSE_GRAPH_REJECTED,HKJC history reserved for Team-Form Poisson,0.371263,0.257050,0.371688,1.35979,1.36072,FORM_MODELED,HKJC matchResult · recency-weighted Team-Form Poisson
FB5863,2026-09-27T06:50+08:00,2026-09-26T09:47:19+08:00,MXL,Cruz Azul,Toluca,27.0,28.0,45.0,2,2.41,3.3,2.41,83.7374,86.5856,,,,0.395755,0.268067,0.336178,1.48735,1.35502,0.302124,0.382866,0.315010,-0.23448,MODELED,football-data.co.uk extra / penaltyblog 1.12.2,0.334239,0.257481,0.408281,1.26722,1.42791,FORM_MODELED,HKJC matchResult · recency-weighted Team-Form Poisson
FB5839,2026-09-27T06:57+08:00,2026-09-26T09:47:19+08:00,CHC,Universidad Catolica,Union La Calera,58.0,18.0,24.0,1,1.41,3.9,5.9,83.3051,75.2641,,,,,,,,,,,,,SPARSE_GRAPH_REJECTED,HKJC history reserved for Team-Form Poisson,0.402470,0.252214,0.345316,1.46327,1.33716,FORM_MODELED,HKJC matchResult · recency-weighted Team-Form Poisson
FB5862,2026-09-27T07:07+08:00,2026-09-26T09:47:19+08:00,MXL,Guadalajara,Queretaro,32.0,36.0,33.0,X,1.35,4.2,6.4,84.4646,,,,,0.618382,0.235508,0.146110,1.86031,0.79378,0.604862,0.292373,0.102765,0.57673,MODELED,football-data.co.uk extra / penaltyblog 1.12.2,0.580341,0.229186,0.190473,1.80266,0.92552,FORM_MODELED,HKJC matchResult · recency-weighted Team-Form Poisson
FB5818,2026-09-27T07:30+08:00,2026-09-26T09:47:19+08:00,MLS,New York Red Bulls,St. Louis City SC,30.0,33.0,38.0,2,2.83,3.65,1.98,,82.2446,,,,0.337317,0.238293,0.424390,1.48354,1.68681,0.142529,0.329955,0.527516,-0.75182,MODELED,football-data.co.uk extra / penaltyblog 1.12.2,,,,,,FORM_INSUFFICIENT:2/2,HKJC matchResult · recency-weighted Team-Form Poisson
FB5820,2026-09-27T07:30+08:00,2026-09-26T09:47:19+08:00,MLS,Atlanta Utd,New York City,28.0,39.0,33.0,X,2.25,3.35,2.57,,79.2923,,,,0.260849,0.265853,0.473298,1.03031,1.48086,0.149553,0.335150,0.515297,-0.49953,MODELED,football-data.co.uk extra / penaltyblog 1.12.2,,,,,,FORM_INSUFFICIENT:2/4,HKJC matchResult · recency-weighted Team-Form Poisson
FB5822,2026-09-27T07:30+08:00,2026-09-26T09:47:19+08:00,MLS,Philadelphia Union,Orlando City,33.0,35.0,31.0,X,1.43,4.65,4.55,82.4634,79.5401,,,,0.637856,0.178109,0.184034,2.60634,1.37393,0.654475,0.264383,0.081142,0.56611,MODELED,football-data.co.uk extra / penaltyblog 1.12.2,,,,,,FORM_INSUFFICIENT:4/7,HKJC matchResult · recency-weighted Team-Form Poisson
FB5824,2026-09-27T07:30+08:00,2026-09-26T09:47:19+08:00,MLS,CF Montreal,FC Cincinnati,31.0,36.0,32.0,X,2.33,3.6,2.35,,80.4551,,,,0.314995,0.220631,0.464374,1.59536,1.96414,0.130653,0.320278,0.549070,-0.78062,MODELED,football-data.co.uk extra / penaltyblog 1.12.2,,,,,,FORM_INSUFFICIENT:3/6,HKJC matchResult · recency-weighted Team-Form Poisson
FB5831,2026-09-27T07:30+08:00,2026-09-26T09:47:19+08:00,MLS,Charlotte FC,Chicago Fire,39.0,41.0,20.0,X,1.94,3.6,2.95,81.1899,81.0666,,,,0.465736,0.228959,0.305305,1.85322,1.46918,0.493030,0.344050,0.162920,0.30279,MODELED,football-data.co.uk extra / penaltyblog 1.12.2,,,,,,FORM_INSUFFICIENT:3/6,HKJC matchResult · recency-weighted Team-Form Poisson
FB5819,2026-09-27T08:30+08:00,2026-09-26T09:47:19+08:00,MLS,Nashville SC,Toronto FC,59.0,26.0,14.0,1,1.3,4.75,6.4,82.8791,77.2709,,,,0.656651,0.206898,0.136451,2.01131,0.79280,0.783399,0.179367,0.037234,0.86931,MODELED,football-data.co.uk extra / penaltyblog 1.12.2,,,,,,FORM_INSUFFICIENT:11/2,HKJC matchResult · recency-weighted Team-Form Poisson
FB5821,2026-09-27T08:30+08:00,2026-09-26T09:47:19+08:00,MLS,FC Dallas,Los Angeles FC,31.0,36.0,32.0,X,2.02,3.4,2.9,81.6298,82.0798,,,,0.335887,0.248228,0.415884,1.38852,1.56950,0.314381,0.382877,0.302742,-0.11255,MODELED,football-data.co.uk extra / penaltyblog 1.12.2,,,,,,FORM_INSUFFICIENT:5/8,HKJC matchResult · recency-weighted Team-Form Poisson
FB5823,2026-09-27T08:30+08:00,2026-09-26T09:47:19+08:00,MLS,Austin FC,San Diego FC,43.0,24.0,33.0,1,2.28,3.4,2.5,78.0975,79.2458,,,,0.318533,0.241956,0.439512,1.39132,1.66972,0.263946,0.379905,0.356149,-0.24975,MODELED,football-data.co.uk extra / penaltyblog 1.12.2,,,,,,FORM_INSUFFICIENT:6/40,HKJC matchResult · recency-weighted Team-Form Poisson
FB5826,2026-09-27T08:30+08:00,2026-09-26T09:47:19+08:00,MLS,Houston Dynamo,Sporting Kansas City,55.0,19.0,25.0,1,1.43,4.25,5.0,79.9660,,,,,0.659814,0.193472,0.146714,2.21638,0.94757,0.796403,0.169885,0.033712,1.09915,MODELED,football-data.co.uk extra / penaltyblog 1.12.2,,,,,,FORM_INSUFFICIENT:3/1,HKJC matchResult · recency-weighted Team-Form Poisson
FB5830,2026-09-27T08:30+08:00,2026-09-26T09:47:19+08:00,MLS,Seattle Sounders,Minnesota Utd,49.0,24.0,27.0,1,2.12,3.55,2.63,80.2629,,,,,0.472946,0.239483,0.287571,1.73393,1.30688,0.429652,0.365020,0.205328,0.23660,MODELED,football-data.co.uk extra / penaltyblog 1.12.2,,,,,,FORM_INSUFFICIENT:13/5,HKJC matchResult · recency-weighted Team-Form Poisson
FB5860,2026-09-27T09:00+08:00,2026-09-26T09:47:19+08:00,MD1,Dorados,Alacranes de Durango,28.0,42.0,30.0,X,2.5,3.15,2.41,67.8854,,,,,,,,,,,,,,SPARSE_GRAPH_REJECTED,HKJC history reserved for Team-Form Poisson,,,,,,FORM_INSUFFICIENT:25/7,HKJC matchResult · recency-weighted Team-Form Poisson
FB5827,2026-09-27T09:30+08:00,2026-09-26T09:47:19+08:00,MLS,Real Salt Lake,New England Revolution,40.0,19.0,41.0,2,2.36,3.5,2.36,77.4122,,,,,0.356753,0.253654,0.389592,1.39734,1.47054,0.202138,0.363780,0.434082,-0.66775,MODELED,football-data.co.uk extra / penaltyblog 1.12.2,,,,,,FORM_INSUFFICIENT:17/2,HKJC matchResult · recency-weighted Team-Form Poisson
FB5789,2026-09-27T10:00+08:00,2026-09-26T09:47:19+08:00,USL,Orange County SC,Pittsburgh Riverhounds,40.0,31.0,29.0,1,3.1,2.96,2.12,64.2748,67.2856,,,,,,,,,,,,,SPARSE_GRAPH_REJECTED,HKJC history reserved for Team-Form Poisson,,,,,,FORM_INSUFFICIENT:7/2,HKJC matchResult · recency-weighted Team-Form Poisson
FB5825,2026-09-27T10:30+08:00,2026-09-26T09:47:19+08:00,MLS,San Jose Earthquakes,Portland Timbers,43.0,24.0,33.0,1,1.91,3.8,2.88,56.9283,79.2560,,,,0.511576,0.219613,0.268811,2.00800,1.41470,0.436246,0.363161,0.200593,0.18023,MODELED,football-data.co.uk extra / penaltyblog 1.12.2,,,,,,FORM_INSUFFICIENT:2/10,HKJC matchResult · recency-weighted Team-Form Poisson
FB5829,2026-09-27T10:30+08:00,2026-09-26T09:47:19+08:00,MLS,Vancouver Whitecaps,DC United,38.0,32.0,30.0,1,1.13,6.4,10.5,83.0480,76.1013,,,,0.768099,0.150720,0.081181,2.52918,0.70611,0.784282,0.178728,0.036990,1.24347,MODELED,football-data.co.uk extra / penaltyblog 1.12.2,,,,,,FORM_INSUFFICIENT:6/1,HKJC matchResult · recency-weighted Team-Form Poisson
FB5832,2026-09-27T10:30+08:00,2026-09-26T09:47:19+08:00,MLS,LA Galaxy,Colorado Rapids,38.0,29.0,34.0,1,2.13,3.4,2.7,78.3765,78.4028,,,,,,,,,,,,,SPARSE_GRAPH_REJECTED,HKJC history reserved for Team-Form Poisson,,,,,,FORM_INSUFFICIENT:5/5,HKJC matchResult · recency-weighted Team-Form Poisson
FB5837,2026-09-27T11:05+08:00,2026-09-26T09:47:19+08:00,MXL,Santos Laguna,Pachuca,17.0,41.0,42.0,2,3.25,3.45,1.87,75.2155,81.4374,,,,0.228985,0.267683,0.503333,1.00914,1.60492,0.097293,0.285890,0.616817,-1.03528,MODELED,football-data.co.uk extra / penaltyblog 1.12.2,0.352430,0.251960,0.395610,1.35733,1.45272,FORM_MODELED,HKJC matchResult · recency-weighted Team-Form Poisson
FB5836,2026-09-27T11:10+08:00,2026-09-26T09:47:19+08:00,MXL,Tigres UANL,Puebla,36.0,30.0,34.0,1,1.46,3.85,5.3,81.3568,75.3628,,,,0.697931,0.202580,0.099489,2.07771,0.65975,0.598368,0.295822,0.105810,0.40928,MODELED,football-data.co.uk extra / penaltyblog 1.12.2,0.548349,0.233548,0.218102,1.77130,1.02681,FORM_MODELED,HKJC matchResult · recency-weighted Team-Form Poisson
FB5687,2026-09-27T18:00+08:00,2026-09-26T09:47:19+08:00,KD1,Gangwon FC,Incheon Utd,38.0,35.0,26.0,1,2.23,2.87,2.98,75.1344,,,,,,,,,,,,,,SPARSE_GRAPH_REJECTED,HKJC history reserved for Team-Form Poisson,0.351238,0.287043,0.361719,1.11690,1.13794,FORM_MODELED,HKJC matchResult · recency-weighted Team-Form Poisson
FB5844,2026-09-27T19:00+08:00,2026-09-26T09:47:19+08:00,SALW,Rosengard Women,Pitea Women,34.0,37.0,29.0,X,1.88,3.4,3.15,,,,,,,,,,,,,,,SPARSE_GRAPH_REJECTED,HKJC history reserved for Team-Form Poisson,,,,,,FORM_INSUFFICIENT:2/2,HKJC matchResult · recency-weighted Team-Form Poisson
FB5797,2026-09-27T20:00+08:00,2026-09-26T09:47:19+08:00,SF2,Valladolid,Cordoba,42.0,25.0,33.0,1,2.24,3.1,2.75,,,,,,0.370639,0.257074,0.372287,1.28918,1.29269,0.284904,0.382104,0.332992,-0.17727,MODELED,football-data.co.uk main / penaltyblog 1.12.2,,,,,,FORM_INSUFFICIENT:3/5,HKJC matchResult · recency-weighted Team-Form Poisson
FB5737,2026-09-27T20:30+08:00,2026-09-26T09:47:19+08:00,DF2,De Graafschap,Den Bosch,42.0,24.0,34.0,1,1.89,4.05,2.8,66.1285,65.1144,,,,,,,,,,,,,SPARSE_GRAPH_REJECTED,HKJC history reserved for Team-Form Poisson,0.327273,0.225140,0.447587,1.54133,1.83057,FORM_MODELED,HKJC matchResult · recency-weighted Team-Form Poisson
FB5884,2026-09-27T21:00+08:00,2026-09-26T09:47:19+08:00,ENL,Lithuania,Azerbaijan,36.0,35.0,29.0,1,2.1,2.9,3.2,,,,,,,,,,,,,,,SPARSE_GRAPH_REJECTED,HKJC history reserved for Team-Form Poisson,0.310858,0.275415,0.413726,1.08847,1.30053,FORM_MODELED,martj42/international_results + HKJC recent · recency-weighted Team-Form Poisson
FB5798,2026-09-27T22:15+08:00,2026-09-26T09:47:19+08:00,SF2,Mallorca,Almeria,46.0,28.0,26.0,1,1.9,3.15,3.45,81.2408,,,,,,,,,,,,,,SPARSE_GRAPH_REJECTED,HKJC history reserved for Team-Form Poisson,,,,,,FORM_INSUFFICIENT:5/3,HKJC matchResult · recency-weighted Team-Form Poisson
FB5861,2026-09-27T23:27+08:00,2026-09-26T09:47:19+08:00,CHC,Antofagasta,Iquique,46.0,32.0,22.0,1,1.83,3.2,3.65,,,,,,,,,,,,,,,SPARSE_GRAPH_REJECTED,HKJC history reserved for Team-Form Poisson,,,,,,FORM_INSUFFICIENT:1/2,HKJC matchResult · recency-weighted Team-Form Poisson
FB5885,2026-09-28T00:00+08:00,2026-09-26T09:47:19+08:00,ENL,Austria,Kosovo,40.0,33.0,27.0,1,1.43,3.95,5.5,,,,,,,,,,,,,,,SPARSE_GRAPH_REJECTED,HKJC history reserved for Team-Form Poisson,0.562723,0.218638,0.218639,1.95264,1.13942,FORM_MODELED,martj42/international_results + HKJC recent · recency-weighted Team-Form Poisson
FB5886,2026-09-28T00:00+08:00,2026-09-26T09:47:19+08:00,ENL,Denmark,Wales,38.0,42.0,20.0,X,1.39,4.0,6.0,,,,,,,,,,,,,,,SPARSE_GRAPH_REJECTED,HKJC history reserved for Team-Form Poisson,0.579839,0.230677,0.189484,1.78575,0.91188,FORM_MODELED,martj42/international_results + HKJC recent · recency-weighted Team-Form Poisson
FB5887,2026-09-28T00:00+08:00,2026-09-26T09:47:19+08:00,ENL,Gibraltar,Andorra,29.0,46.0,25.0,X,3.65,2.6,2.11,,,,,,,,,,,,,,,SPARSE_GRAPH_REJECTED,HKJC history reserved for Team-Form Poisson,0.704048,0.198271,0.097680,1.94344,0.56121,FORM_MODELED,martj42/international_results + HKJC recent · recency-weighted Team-Form Poisson
FB5888,2026-09-28T00:00+08:00,2026-09-26T09:47:19+08:00,ENL,Serbia,Netherlands,19.0,46.0,35.0,X,6.0,4.25,1.36,,,,,,,,,,,,,,,SPARSE_GRAPH_REJECTED,HKJC history reserved for Team-Form Poisson,0.206055,0.217910,0.576035,1.08071,1.95090,FORM_MODELED,martj42/international_results + HKJC recent · recency-weighted Team-Form Poisson
FB5799,2026-09-28T00:30+08:00,2026-09-26T09:47:19+08:00,SF2,Eibar,Las Palmas,42.0,24.0,33.0,1,1.69,3.35,4.1,81.2449,79.7279,,,,0.445120,0.291912,0.262968,1.18552,0.83423,0.562803,0.313781,0.123416,0.36637,MODELED,football-data.co.uk main / penaltyblog 1.12.2,,,,,,FORM_INSUFFICIENT:5/6,HKJC matchResult · recency-weighted Team-Form Poisson
FB5800,2026-09-28T00:30+08:00,2026-09-26T09:47:19+08:00,SF2,Burgos,CD Eldense,49.0,27.0,24.0,1,1.87,3.0,3.75,80.8674,,,,,,,,,,,,,,SPARSE_GRAPH_REJECTED,HKJC history reserved for Team-Form Poisson,,,,,,FORM_INSUFFICIENT:3/1,HKJC matchResult · recency-weighted Team-Form Poisson
FB5850,2026-09-28T01:57+08:00,2026-09-26T09:47:19+08:00,CHC,Deportes Concepcion,Curico Unido,44.0,35.0,21.0,1,1.4,4.05,5.8,78.0681,,,,,,,,,,,,,,SPARSE_GRAPH_REJECTED,HKJC history reserved for Team-Form Poisson,,,,,,FORM_INSUFFICIENT:8/2,HKJC matchResult · recency-weighted Team-Form Poisson
FB5835,2026-09-28T02:00+08:00,2026-09-26T09:47:19+08:00,MXL,Pumas UNAM,Atletico San Luis,38.0,35.0,27.0,1,1.95,3.3,3.15,80.1256,77.6157,,,,,,,,,,,,,SPARSE_GRAPH_REJECTED,HKJC history reserved for Team-Form Poisson,0.463790,0.246371,0.289839,1.60476,1.21752,FORM_MODELED,HKJC matchResult · recency-weighted Team-Form Poisson
FB5889,2026-09-28T02:45+08:00,2026-09-26T09:47:19+08:00,ENL,Germany,Greece,44.0,27.0,29.0,1,1.34,4.5,6.0,,,,,,,,,,,,,,,SPARSE_GRAPH_REJECTED,HKJC history reserved for Team-Form Poisson,0.582826,0.214691,0.202483,1.98908,1.08697,FORM_MODELED,martj42/international_results + HKJC recent · recency-weighted Team-Form Poisson
FB5890,2026-09-28T02:45+08:00,2026-09-26T09:47:19+08:00,ENL,Israel,Republic of Ireland,28.0,33.0,39.0,2,2.74,3.0,2.3,,,,,,,,,,,,,,,SPARSE_GRAPH_REJECTED,HKJC history reserved for Team-Form Poisson,0.358626,0.253458,0.387917,1.36012,1.42456,FORM_MODELED,martj42/international_results + HKJC recent · recency-weighted Team-Form Poisson
FB5891,2026-09-28T02:45+08:00,2026-09-26T09:47:19+08:00,ENL,Norway,Portugal,38.0,29.0,33.0,1,2.43,3.5,2.3,,,,,,,,,,,,,,,SPARSE_GRAPH_REJECTED,HKJC history reserved for Team-Form Poisson,0.387710,0.257583,0.354707,1.38951,1.31780,FORM_MODELED,martj42/international_results + HKJC recent · recency-weighted Team-Form Poisson
FB5846,2026-09-28T02:58+08:00,2026-09-26T09:47:19+08:00,BD2,CRB,Cuiaba,26.0,38.0,37.0,X,1.92,3.05,3.5,73.5793,74.0210,,,,0.434063,0.277105,0.288832,1.28598,0.99204,0.400517,0.372250,0.227233,-0.12853,MODELED,Brazil Serie B full-league (BrazilianFootball/Data 2025 + FerrerasRP/FootballData 2026) / penaltyblog 1.12.2,,,,,,FORM_INSUFFICIENT:3/6,HKJC matchResult · recency-weighted Team-Form Poisson
FB5801,2026-09-28T03:00+08:00,2026-09-26T09:47:19+08:00,SF2,Oviedo,Gijon,23.0,35.0,41.0,2,1.85,3.0,3.85,,,,,,,,,,,,,,,SPARSE_GRAPH_REJECTED,HKJC history reserved for Team-Form Poisson,,,,,,FORM_INSUFFICIENT:3/5,HKJC matchResult · recency-weighted Team-Form Poisson
FB5793,2026-09-28T03:58+08:00,2026-09-26T09:47:19+08:00,AGC,Racing Club,Boca Juniors,33.0,32.0,35.0,2,4.5,2.98,1.74,82.4016,87.4903,,,,0.257996,0.315632,0.426373,0.87718,1.20580,0.124227,0.314533,0.561240,-0.63934,MODELED,football-data.co.uk extra / penaltyblog 1.12.2,0.247097,0.271559,0.481344,0.92170,1.40306,FORM_MODELED,HKJC matchResult · recency-weighted Team-Form Poisson
FB5813,2026-09-28T04:57+08:00,2026-09-26T09:47:19+08:00,UD1,Defensor Sporting,Danubio,34.0,48.0,18.0,X,2.01,3.0,3.3,75.6753,74.6573,,,,,,,,,,,,,SPARSE_GRAPH_REJECTED,HKJC history reserved for Team-Form Poisson,,,,,,FORM_INSUFFICIENT:6/4,HKJC matchResult · recency-weighted Team-Form Poisson
FB5838,2026-09-28T06:57+08:00,2026-09-26T09:47:19+08:00,CHC,Deportes Santa Cruz,O'Higgins,30.0,39.0,31.0,X,2.86,3.35,2.06,70.0042,78.8057,,,,,,,,,,,,,SPARSE_GRAPH_REJECTED,HKJC history reserved for Team-Form Poisson,,,,,,FORM_INSUFFICIENT:1/11,HKJC matchResult · recency-weighted Team-Form Poisson
FB5828,2026-09-28T07:00+08:00,2026-09-26T09:47:19+08:00,MLS,Columbus Crew,Inter Miami CF,18.0,32.0,50.0,2,2.54,3.85,2.08,79.3010,83.0637,,,,0.271614,0.195639,0.532748,1.71913,2.41762,0.131398,0.320920,0.547682,-0.85881,MODELED,football-data.co.uk extra / penaltyblog 1.12.2,,,,,,FORM_INSUFFICIENT:3/44,HKJC matchResult · recency-weighted Team-Form Poisson
