hkjc_event_id,match_id,kickoff_hkt,tournament,home,away,home_goals,away_goals,outcome,payout_confirmed,fetched_at_hkt
FB4267,50074721,2026-09-08T00:00:00.000+08:00,UWW,Costa Rica Women U20,Colombia Women U20,1,3,A,True,2026-09-16T06:56:39+08:00
FB4268,50074724,2026-09-08T00:00:00.000+08:00,UWW,Spain Women U20,Nigeria Women U20,2,0,H,True,2026-09-16T06:56:39+08:00
FB4652,50074629,2026-09-08T00:00:00.000+08:00,GSLW,Union Berlin Women,Frankfurt Women,0,1,A,True,2026-09-16T06:56:39+08:00
FB4544,50074432,2026-09-08T00:30:00.000+08:00,ISA,Cagliari,Lecce,1,0,H,True,2026-09-16T06:56:39+08:00
FB4638,50075095,2026-09-08T00:30:00.000+08:00,RPL,Rubin Kazan,Akhmat Grozny,1,1,D,True,2026-09-16T06:56:39+08:00
FB4545,50074443,2026-09-08T01:00:00.000+08:00,SFL,Getafe,Celta Vigo,1,1,D,True,2026-09-16T06:56:39+08:00
FB4548,50074533,2026-09-08T01:00:00.000+08:00,SAL,Kalmar,Djurgardens,0,1,A,True,2026-09-16T06:56:39+08:00
FB4564,50074645,2026-09-08T01:00:00.000+08:00,SAL,Mjallby,Goteborg,1,4,A,True,2026-09-16T06:56:39+08:00
FB4565,50074646,2026-09-08T01:00:00.000+08:00,SAL,Malmo,AIK Solna,0,0,D,True,2026-09-16T06:56:39+08:00
FB4620,50075023,2026-09-08T01:00:00.000+08:00,DK1,Midtjylland,Nordsjaelland,2,2,D,True,2026-09-16T06:56:39+08:00
FB4657,50075186,2026-09-08T01:30:00.000+08:00,SFLW,CF Granada Women,Real Sociedad Women,3,2,H,True,2026-09-16T06:56:39+08:00
FB4603,50074877,2026-09-08T01:57:00.000+08:00,UD1,Albion FC,CA Progresso,0,1,A,True,2026-09-16T06:56:39+08:00
FB4413,50074545,2026-09-08T02:00:00.000+08:00,DF2,Jong PSV Eindhoven,Den Bosch,3,1,H,True,2026-09-16T06:56:39+08:00
FB4415,50074548,2026-09-08T02:00:00.000+08:00,DF2,Jong Utrecht,FC Eindhoven,0,0,D,True,2026-09-16T06:56:39+08:00
FB4651,50075048,2026-09-08T02:00:00.000+08:00,SDL,Al Hilal,NEOM SC,0,2,A,True,2026-09-16T06:56:39+08:00
FB4546,50074444,2026-09-08T02:30:00.000+08:00,SF2,Sabadell,Cordoba,3,2,H,True,2026-09-16T06:56:39+08:00
FB4410,50074433,2026-09-08T02:45:00.000+08:00,ISA,Udinese,Lazio,1,2,A,True,2026-09-16T06:56:39+08:00
FB4558,50074569,2026-09-08T02:45:00.000+08:00,FF2,Nantes,Nancy,1,0,H,True,2026-09-16T06:56:39+08:00
FB4642,50075187,2026-09-08T03:00:00.000+08:00,ED2,Bromley,AFC Wimbledon,0,2,A,True,2026-09-16T06:56:39+08:00
FB4449,50074744,2026-09-08T03:15:00.000+08:00,PFL,Estoril,Arouca,0,0,D,True,2026-09-16T06:56:39+08:00
FB4547,50074445,2026-09-08T03:30:00.000+08:00,SFL,CF Elche,Real Sociedad,2,3,A,True,2026-09-16T06:56:39+08:00
FB4659,50075046,2026-09-08T04:00:00.000+08:00,BD1W,Corinthians Women,Cruzeiro Women,3,1,H,True,2026-09-16T06:56:39+08:00
FB4533,50074320,2026-09-08T05:58:00.000+08:00,APL,Barracas Central,Argentinos Juniors,0,0,D,True,2026-09-16T06:56:39+08:00
FB4640,50075179,2026-09-08T06:57:00.000+08:00,CD1,Deportes Limache,Cobresal,3,0,H,True,2026-09-16T06:56:39+08:00
FB4520,50073628,2026-09-08T07:00:00.000+08:00,BD1,Vitoria,Gremio,1,0,H,True,2026-09-16T06:56:39+08:00
FB4542,50074331,2026-09-08T08:13:00.000+08:00,APL,Union Santa Fe,Instituto de Cordoba,3,2,H,True,2026-09-16T06:56:39+08:00
FB4709,50074655,2026-09-08T09:06:00.000+08:00,MXLW,Club Leon Women,Puebla Women,5,2,H,True,2026-09-16T06:56:39+08:00
FB4678,50075156,2026-09-08T18:30:00.000+08:00,KD1,Ulsan HD,FC Seoul,1,0,H,True,2026-09-16T06:56:39+08:00
FB4679,50075157,2026-09-08T18:30:00.000+08:00,KD1,Incheon Utd,Bucheon FC,2,1,H,True,2026-09-16T06:56:39+08:00
FB4660,50074732,2026-09-08T21:00:00.000+08:00,UWW,Benin Women U20,Argentina Women U20,0,8,A,True,2026-09-16T06:56:39+08:00
FB4661,50074718,2026-09-08T21:00:00.000+08:00,UWW,Brazil Women U20,Canada Women U20,3,0,H,True,2026-09-16T06:56:39+08:00
FB4731,50075238,2026-09-08T23:00:00.000+08:00,FVL,Lahti,IFK Mariehamn,2,1,H,True,2026-09-16T06:56:39+08:00
FB4732,50075239,2026-09-08T23:00:00.000+08:00,FVL,TPS Turku,SJK Seinajoki,0,0,D,True,2026-09-16T06:56:39+08:00
FB4733,50075240,2026-09-08T23:00:00.000+08:00,FVL,Ilves,Jaro,2,0,H,True,2026-09-16T06:56:39+08:00
FB4735,50075243,2026-09-08T23:00:00.000+08:00,FVL,VPS Vaasa,AC Oulu,1,0,H,True,2026-09-16T06:56:39+08:00
FB4715,50075160,2026-09-08T23:30:00.000+08:00,SDL,Al Ettifaq,Al Faisaly FC,0,0,D,True,2026-09-16T06:56:39+08:00
FB4714,50075159,2026-09-08T23:55:00.000+08:00,SDL,Al Hazem,Al Taawoun,1,0,H,True,2026-09-16T06:56:39+08:00
FB4662,50074733,2026-09-09T00:00:00.000+08:00,UWW,Poland Women U20,Mexico Women U20,2,1,H,True,2026-09-16T06:56:39+08:00
FB4663,50074726,2026-09-09T00:00:00.000+08:00,UWW,England Women U20,Tanzania Women U20,5,1,H,True,2026-09-16T06:56:39+08:00
FB4734,50075241,2026-09-09T00:00:00.000+08:00,FVL,Gnistan,KuPS,1,1,D,True,2026-09-16T06:56:39+08:00
FB4674,50074794,2026-09-09T00:45:00.000+08:00,UCL,Bruges,Aston Villa,2,3,A,True,2026-09-16T06:56:39+08:00
FB4677,50074802,2026-09-09T00:45:00.000+08:00,UCL,AEK Athens,LASK Linz,1,0,H,True,2026-09-16T06:56:39+08:00
FB4712,50075151,2026-09-09T00:45:00.000+08:00,DFL,NEC Nijmegen,Excelsior,2,2,D,True,2026-09-16T06:56:39+08:00
FB4713,50075158,2026-09-09T02:00:00.000+08:00,SDL,Al Qadsiah,Al Ahli Jeddah,3,2,H,True,2026-09-16T06:56:39+08:00
FB4716,50075162,2026-09-09T02:00:00.000+08:00,ELT,Doncaster,Huddersfield,1,3,A,True,2026-09-16T06:56:39+08:00
FB4745,50075304,2026-09-09T02:00:00.000+08:00,SDL,Al Ittihad,Al Fayha,2,1,H,True,2026-09-16T06:56:39+08:00
FB4717,50075163,2026-09-09T02:45:00.000+08:00,ED1,Wrexham,Burnley,1,1,D,True,2026-09-16T06:56:39+08:00
FB4718,50075164,2026-09-09T02:45:00.000+08:00,ED1,Blackburn,Sheff Utd,1,2,A,True,2026-09-16T06:56:39+08:00
FB4720,50075166,2026-09-09T02:45:00.000+08:00,ED1,Southampton,Swansea,3,1,H,True,2026-09-16T06:56:39+08:00
FB4721,50075167,2026-09-09T02:45:00.000+08:00,ED1,Cardiff,Stoke,1,1,D,True,2026-09-16T06:56:39+08:00
FB4722,50075168,2026-09-09T02:45:00.000+08:00,ED1,Watford,Preston,2,1,H,True,2026-09-16T06:56:39+08:00
FB4724,50075171,2026-09-09T02:45:00.000+08:00,ELC,Bournemouth,Lincoln City,4,0,H,True,2026-09-16T06:56:39+08:00
FB4725,50075172,2026-09-09T02:45:00.000+08:00,ELC,Leyton Orient,Bradford,1,3,A,True,2026-09-16T06:56:39+08:00
FB4726,50075173,2026-09-09T02:45:00.000+08:00,ELC,Sunderland,Hull City,1,0,H,True,2026-09-16T06:56:39+08:00
FB4727,50075174,2026-09-09T02:45:00.000+08:00,ELC,Crystal Palace,Middlesbrough,3,0,H,True,2026-09-16T06:56:39+08:00
FB4672,50074791,2026-09-09T03:00:00.000+08:00,UCL,Real Madrid,Inter Milan,2,1,H,True,2026-09-16T06:56:39+08:00
FB4673,50074792,2026-09-09T03:00:00.000+08:00,UCL,Porto,Manchester City,0,2,A,True,2026-09-16T06:56:39+08:00
FB4675,50074796,2026-09-09T03:00:00.000+08:00,UCL,Lille,Betis,2,3,A,True,2026-09-16T06:56:39+08:00
FB4676,50074797,2026-09-09T03:00:00.000+08:00,UCL,Dortmund,Villarreal,3,2,H,True,2026-09-16T06:56:39+08:00
FB4719,50075165,2026-09-09T03:00:00.000+08:00,ED1,Bolton,West Ham,2,3,A,True,2026-09-16T06:56:39+08:00
FB4723,50075170,2026-09-09T03:00:00.000+08:00,ELC,Millwall,Newcastle,0,1,A,True,2026-09-16T06:56:39+08:00
FB4666,50074696,2026-09-09T06:00:00.000+08:00,LBC,Fluminense,CA Platense,2,0,H,True,2026-09-16T06:56:39+08:00
FB4669,50074699,2026-09-09T06:00:00.000+08:00,SAC,Independiente Santa Fe,Vasco da Gama,0,0,D,True,2026-09-16T06:56:39+08:00
FB4694,50075161,2026-09-09T07:28:00.000+08:00,BD2,Cuiaba,Athletic Club MG,3,0,H,True,2026-09-16T06:56:39+08:00
FB4699,50075261,2026-09-09T07:58:00.000+08:00,BD2,Criciuma,Juventude,0,2,A,True,2026-09-16T06:56:39+08:00
FB4670,50074700,2026-09-09T08:30:00.000+08:00,SAC,Boca Juniors,Sao Paulo,1,0,H,True,2026-09-16T06:56:39+08:00
FB4708,50074647,2026-09-09T17:30:00.000+08:00,JLC,Reilac Shiga,Tokyo Verdy,0,1,A,True,2026-09-16T06:56:39+08:00
FB4710,50074905,2026-09-09T17:30:00.000+08:00,AFA,Sydney FC,Melbourne Victory,0,2,A,True,2026-09-16T06:56:39+08:00
FB4703,50074528,2026-09-09T18:00:00.000+08:00,JLC,Kamatamare Sanuki,JEF United Chiba,0,2,A,True,2026-09-16T06:56:39+08:00
FB4704,50074529,2026-09-09T18:00:00.000+08:00,JLC,Nagano Parceiro,Mito Hollyhock,0,0,D,True,2026-09-16T06:56:39+08:00
FB4705,50074530,2026-09-09T18:00:00.000+08:00,JLC,Tochigi SC,Montedio Yamagata,0,1,A,True,2026-09-16T06:56:39+08:00
FB4706,50074531,2026-09-09T18:00:00.000+08:00,JLC,Matsumoto Yamaga,Shonan Bellmare,3,3,D,True,2026-09-16T06:56:39+08:00
FB4707,50074532,2026-09-09T18:00:00.000+08:00,JLC,Fukushima Utd,Vegalta Sendai,4,3,H,True,2026-09-16T06:56:39+08:00
FB4746,50075305,2026-09-09T18:00:00.000+08:00,JLC,Kochi Utd,V-Varen Nagasaki,0,1,A,True,2026-09-16T06:56:39+08:00
FB4728,50075213,2026-09-09T18:30:00.000+08:00,KD1,Pohang Steelers,Gimcheon Sangmu,0,0,D,True,2026-09-16T06:56:39+08:00
FB4729,50075214,2026-09-09T18:30:00.000+08:00,KD1,Gwangju FC,Jeju SK,0,1,A,True,2026-09-16T06:56:39+08:00
FB4730,50075215,2026-09-09T18:30:00.000+08:00,KD1,Daejeon Citizen,FC Anyang,3,2,H,True,2026-09-16T06:56:39+08:00
FB4747,50075356,2026-09-09T18:30:00.000+08:00,KD1,Gangwon FC,Jeonbuk Motors,1,1,D,True,2026-09-16T06:56:39+08:00
FB4760,50074723,2026-09-09T21:00:00.000+08:00,UWW,Ghana Women U20,Korea Republic Women U20,3,1,H,True,2026-09-16T06:56:39+08:00
FB4761,50074727,2026-09-09T21:00:00.000+08:00,UWW,Italy Women U20,New Zealand Women U20,3,0,H,True,2026-09-16T06:56:39+08:00
FB4778,50075242,2026-09-09T23:00:00.000+08:00,FVL,HJK Helsinki,Inter Turku,2,1,H,True,2026-09-16T06:56:39+08:00
FB4785,50075566,2026-09-09T23:30:00.000+08:00,DKC,VSK Aarhus,Lyngby,0,2,A,True,2026-09-16T06:56:39+08:00
FB4738,50075260,2026-09-09T23:55:00.000+08:00,SDL,Al Kholood,Al Shabab,2,1,H,True,2026-09-16T06:56:39+08:00
FB4758,50074711,2026-09-10T00:00:00.000+08:00,UWW,France Women U20,Ecuador Women U20,3,2,H,True,2026-09-16T06:56:39+08:00
FB4759,50074720,2026-09-10T00:00:00.000+08:00,UWW,Japan Women U20,USA Women U20,2,2,D,True,2026-09-16T06:56:39+08:00
FB4687,50074798,2026-09-10T00:45:00.000+08:00,UCL,Stuttgart,Viking,3,1,H,True,2026-09-16T06:56:39+08:00
FB4690,50074801,2026-09-10T00:45:00.000+08:00,UCL,Barcelona,Feyenoord,5,1,H,True,2026-09-16T06:56:39+08:00
FB4711,50074945,2026-09-10T00:45:00.000+08:00,DFL,Twente,Telstar,1,0,H,True,2026-09-16T06:56:39+08:00
FB4786,50075567,2026-09-10T01:00:00.000+08:00,DKC,Kolding,Odense,1,2,A,True,2026-09-16T06:56:39+08:00
FB4755,50074743,2026-09-10T01:57:00.000+08:00,UDC,Boston River,Montevideo Colon FC,2,0,H,True,2026-09-16T06:56:39+08:00
FB4748,50075357,2026-09-10T02:00:00.000+08:00,SDL,Al Fateh,Diriyah Club,1,2,A,True,2026-09-16T06:56:39+08:00
FB4749,50075358,2026-09-10T02:00:00.000+08:00,SDL,Al Nassr,Abha FC,2,1,H,True,2026-09-16T06:56:39+08:00
FB4763,50075250,2026-09-10T02:45:00.000+08:00,SPL,Rangers,St. Mirren,1,0,H,True,2026-09-16T06:56:39+08:00
FB4789,50075257,2026-09-10T02:45:00.000+08:00,ED1,Norwich,Birmingham,2,1,H,True,2026-09-16T06:56:39+08:00
FB4790,50075259,2026-09-10T02:45:00.000+08:00,ED1,Derby,West Bromwich,0,1,A,True,2026-09-16T06:56:39+08:00
FB4682,50074788,2026-09-10T03:00:00.000+08:00,UCL,Paris Saint Germain,Slovan Bratislava,6,1,H,True,2026-09-16T06:56:39+08:00
FB4683,50074789,2026-09-10T03:00:00.000+08:00,UCL,Liverpool,Atletico Madrid,2,1,H,True,2026-09-16T06:56:39+08:00
FB4691,50074803,2026-09-10T03:00:00.000+08:00,UCL,Napoli,Arsenal,0,1,A,True,2026-09-16T06:56:39+08:00
FB4693,50074805,2026-09-10T03:00:00.000+08:00,UCL,Sporting,Galatasaray,3,1,H,True,2026-09-16T06:56:39+08:00
FB4762,50075249,2026-09-10T03:00:00.000+08:00,SPL,St. Johnstone,Celtic,0,1,A,True,2026-09-16T06:56:39+08:00
FB4788,50075255,2026-09-10T03:00:00.000+08:00,ED1,Charlton,QPR,0,0,D,True,2026-09-16T06:56:39+08:00
FB4737,50075256,2026-09-10T03:15:00.000+08:00,ELC,Chelsea,Leeds,6,3,H,True,2026-09-16T06:56:39+08:00
FB4736,50075248,2026-09-10T03:45:00.000+08:00,PFL,Moreirense,Benfica,0,4,A,True,2026-09-16T06:56:39+08:00
FB4681,50075386,2026-09-10T05:58:00.000+08:00,AGC,Deportivo Riestra,Banfield,1,1,D,True,2026-09-16T06:56:39+08:00
FB4665,50074695,2026-09-10T06:00:00.000+08:00,LBC,Palmeiras,LDU Quito,1,0,H,True,2026-09-16T06:56:39+08:00
FB4668,50074698,2026-09-10T06:00:00.000+08:00,SAC,Santos,Atletico Mineiro,2,0,H,True,2026-09-16T06:56:39+08:00
FB4695,50075251,2026-09-10T06:28:00.000+08:00,BD2,Botafogo SP,Novorizontino,1,3,A,True,2026-09-16T06:56:39+08:00
FB4696,50075252,2026-09-10T06:28:00.000+08:00,BD2,Fortaleza,Avai,1,0,H,True,2026-09-16T06:56:39+08:00
FB4757,50075306,2026-09-10T06:42:00.000+08:00,UDC,Cerro Largo,Defensor Sporting,1,1,D,True,2026-09-16T06:56:39+08:00
FB4756,50074757,2026-09-10T06:57:00.000+08:00,UDC,Deportivo Maldonado,Montevideo Wanderers,4,1,H,True,2026-09-16T06:56:39+08:00
FB4697,50075253,2026-09-10T07:28:00.000+08:00,BD2,America Mineiro,Nautico Recife,2,1,H,True,2026-09-16T06:56:39+08:00
FB4698,50075254,2026-09-10T07:28:00.000+08:00,BD2,Operario Ferroviario,CRB,3,0,H,True,2026-09-16T06:56:39+08:00
FB4765,50062797,2026-09-10T07:30:00.000+08:00,MLS,Toronto FC,Nashville SC,2,1,H,True,2026-09-16T06:56:39+08:00
FB4766,50062806,2026-09-10T07:30:00.000+08:00,MLS,CF Montreal,Charlotte FC,1,2,A,True,2026-09-16T06:56:39+08:00
FB4774,50063040,2026-09-10T07:30:00.000+08:00,MLS,DC United,Columbus Crew,2,1,H,True,2026-09-16T06:56:39+08:00
FB4776,50063115,2026-09-10T07:30:00.000+08:00,MLS,Atlanta Utd,Orlando City,2,3,A,True,2026-09-16T06:56:39+08:00
FB4767,50062815,2026-09-10T07:45:00.000+08:00,MLS,Philadelphia Union,FC Cincinnati,5,0,H,True,2026-09-16T06:56:39+08:00
FB4768,50062843,2026-09-10T08:00:00.000+08:00,MLS,New York City,New England Revolution,1,2,A,True,2026-09-16T06:56:39+08:00
FB4700,50075266,2026-09-10T08:28:00.000+08:00,BD2,Atletico Goianiense,Ceara,2,1,H,True,2026-09-16T06:56:39+08:00
FB4680,50075359,2026-09-10T08:30:00.000+08:00,LBC,Estudiantes,Corinthians,1,1,D,True,2026-09-16T06:56:39+08:00
FB4764,50062792,2026-09-10T08:30:00.000+08:00,MLS,Chicago Fire,Inter Miami CF,1,1,D,True,2026-09-16T06:56:39+08:00
FB4769,50062850,2026-09-10T08:30:00.000+08:00,MLS,Minnesota Utd,FC Dallas,1,2,A,True,2026-09-16T06:56:39+08:00
FB4770,50062865,2026-09-10T08:30:00.000+08:00,MLS,Austin FC,Colorado Rapids,1,1,D,True,2026-09-16T06:56:39+08:00
FB4772,50062957,2026-09-10T08:30:00.000+08:00,MLS,Houston Dynamo,Real Salt Lake,2,1,H,True,2026-09-16T06:56:39+08:00
FB4771,50062943,2026-09-10T10:30:00.000+08:00,MLS,Portland Timbers,St. Louis City SC,2,2,D,True,2026-09-16T06:56:39+08:00
FB4773,50063034,2026-09-10T10:30:00.000+08:00,MLS,Los Angeles FC,New York Red Bulls,2,0,H,True,2026-09-16T06:56:39+08:00
FB4775,50063048,2026-09-10T10:30:00.000+08:00,MLS,San Diego FC,San Jose Earthquakes,2,3,A,True,2026-09-16T06:56:39+08:00
FB4777,50063138,2026-09-10T10:30:00.000+08:00,MLS,Vancouver Whitecaps,LA Galaxy,3,0,H,True,2026-09-16T06:56:39+08:00
FB4795,50074722,2026-09-10T21:00:00.000+08:00,UWW,Korea DPR Women U20,Costa Rica Women U20,4,0,H,True,2026-09-16T06:56:39+08:00
FB4849,50075196,2026-09-10T21:00:00.000+08:00,UWW,Spain Women U20,New Caledonia Women U20,11,0,H,True,2026-09-16T06:56:39+08:00
FB4779,50075347,2026-09-10T21:40:00.000+08:00,UPR,Dubai United FC,Shabab Al Ahli,1,1,D,True,2026-09-16T06:56:39+08:00
FB4781,50075349,2026-09-10T21:40:00.000+08:00,UPR,Al Jazira,Al Nasr SC,1,1,D,True,2026-09-16T06:56:39+08:00
FB4793,50075673,2026-09-10T22:00:00.000+08:00,QSL,Al Shamal,Al Wakrah,1,1,D,True,2026-09-16T06:56:39+08:00
FB4794,50074715,2026-09-11T00:00:00.000+08:00,UWW,Colombia Women U20,Portugal Women U20,0,0,D,True,2026-09-16T06:56:39+08:00
FB4796,50074714,2026-09-11T00:00:00.000+08:00,UWW,China Women U20,Nigeria Women U20,0,0,D,True,2026-09-16T06:56:39+08:00
FB4784,50075561,2026-09-11T00:15:00.000+08:00,UPR,Al Ain,Al Wasl,2,2,D,True,2026-09-16T06:56:39+08:00
FB4792,50075562,2026-09-11T00:15:00.000+08:00,QSL,Al Sailiya,Al Sadd,3,6,A,True,2026-09-16T06:56:39+08:00
FB4685,50074793,2026-09-11T00:45:00.000+08:00,UCL,PSV Eindhoven,Shakhtar Donetsk,1,1,D,True,2026-09-16T06:56:39+08:00
FB4686,50074795,2026-09-11T00:45:00.000+08:00,UCL,Fenerbahce,Roma,1,1,D,True,2026-09-16T06:56:39+08:00
FB4684,50074790,2026-09-11T03:00:00.000+08:00,UCL,Bayern Munich,Bodo Glimt,5,0,H,True,2026-09-16T06:56:39+08:00
FB4688,50074799,2026-09-11T03:00:00.000+08:00,UCL,Manchester Utd,Sabah FC,4,0,H,True,2026-09-16T06:56:39+08:00
FB4689,50074800,2026-09-11T03:00:00.000+08:00,UCL,Slavia Prague,Lens,2,3,A,True,2026-09-16T06:56:39+08:00
FB4692,50074804,2026-09-11T03:00:00.000+08:00,UCL,Como,RB Leipzig,4,1,H,True,2026-09-16T06:56:39+08:00
FB4782,50075350,2026-09-11T03:00:00.000+08:00,ED2,Stevenage,Luton,2,1,H,True,2026-09-16T06:56:39+08:00
FB4780,50075348,2026-09-11T03:15:00.000+08:00,PFL,Amadora,Braga,2,1,H,True,2026-09-16T06:56:39+08:00
FB4701,50075303,2026-09-11T06:28:00.000+08:00,BD2,Vila Nova,Goias,2,0,H,True,2026-09-16T06:56:39+08:00
FB4702,50075563,2026-09-11T07:58:00.000+08:00,BD2,Sao Bernardo,Londrina,1,2,A,True,2026-09-16T06:56:39+08:00
FB4664,50074694,2026-09-11T08:30:00.000+08:00,LBC,Independiente del Valle,Flamengo,0,2,A,True,2026-09-16T06:56:39+08:00
FB4667,50074697,2026-09-11T08:30:00.000+08:00,SAC,Cienciano,Montevideo City Torque,2,0,H,True,2026-09-16T06:56:39+08:00
FB4783,50075422,2026-09-11T09:00:00.000+08:00,MD1,Oaxaca,Alacranes de Durango,1,0,H,True,2026-09-16T06:56:39+08:00
FB4791,50075326,2026-09-11T11:05:00.000+08:00,MXL,Pumas UNAM,Club Leon,3,1,H,True,2026-09-16T06:56:39+08:00
FB4839,50075614,2026-09-11T17:30:00.000+08:00,AVC,Oakleigh Cannons,South Melbourne,2,1,H,True,2026-09-16T06:56:39+08:00
FB4813,50075175,2026-09-11T18:00:00.000+08:00,JD1,Kyoto Sanga,Kashiwa Reysol,2,3,A,True,2026-09-16T06:56:39+08:00
FB4814,50075176,2026-09-11T18:00:00.000+08:00,JD1,Vissel Kobe,Kashima Antlers,2,1,H,True,2026-09-16T06:56:39+08:00
FB4918,50075203,2026-09-11T19:00:00.000+08:00,TL1,Buriram Utd,Chiangrai Utd,1,1,D,True,2026-09-16T06:56:39+08:00
FB4913,50075188,2026-09-11T19:30:00.000+08:00,TL1,Port FC,Lamphun Warriors,2,1,H,True,2026-09-16T06:56:39+08:00
FB4961,50075709,2026-09-11T20:00:00.000+08:00,TL1,Ratchaburi,Bangkok Utd,1,0,H,True,2026-09-16T06:56:39+08:00
FB4845,50074747,2026-09-11T21:00:00.000+08:00,UWW,Tanzania Women U20,Canada Women U20,0,6,A,True,2026-09-16T06:56:39+08:00
FB4846,50074748,2026-09-11T21:00:00.000+08:00,UWW,England Women U20,Brazil Women U20,1,2,A,True,2026-09-16T06:56:39+08:00
FB4828,50075421,2026-09-11T21:40:00.000+08:00,UPR,Khor Fakkan,Baniyas,0,0,D,True,2026-09-16T06:56:39+08:00
FB4840,50075676,2026-09-11T21:40:00.000+08:00,UPR,Hatta Club,Al Dhafra,1,2,A,True,2026-09-16T06:56:39+08:00
FB4832,50075427,2026-09-11T22:00:00.000+08:00,QSL,Al Gharafa,Lusail SC,0,0,D,True,2026-09-16T06:56:39+08:00
FB4817,50075246,2026-09-11T23:00:00.000+08:00,RPL,Krylya Sovetov Samara,Rodina Moscow,2,1,H,True,2026-09-16T06:56:39+08:00
FB4837,50075433,2026-09-11T23:25:00.000+08:00,SDL,Al Qadsiah,Al Ettifaq,3,3,D,True,2026-09-16T06:56:39+08:00
FB4835,50075430,2026-09-11T23:45:00.000+08:00,SDL,Al Faisaly FC,Al Ittihad,1,3,A,True,2026-09-16T06:56:39+08:00
FB4847,50074750,2026-09-12T00:00:00.000+08:00,UWW,Argentina Women U20,Mexico Women U20,3,2,H,True,2026-09-16T06:56:39+08:00
FB4848,50075568,2026-09-12T00:00:00.000+08:00,UWW,Poland Women U20,Benin Women U20,4,1,H,True,2026-09-16T06:56:39+08:00
FB4829,50075423,2026-09-12T00:15:00.000+08:00,UPR,Ajman Club,Kalba FC,2,3,A,True,2026-09-16T06:56:39+08:00
FB4833,50075428,2026-09-12T00:15:00.000+08:00,QSL,Al Rayyan,Al Ahli Doha,3,0,H,True,2026-09-16T06:56:39+08:00
FB4838,50075454,2026-09-12T00:15:00.000+08:00,UPR,Al Wahda,Sharjah FC,1,0,H,True,2026-09-16T06:56:39+08:00
FB4800,50074752,2026-09-12T00:30:00.000+08:00,GD2,Nurnberg,Hannover,2,1,H,True,2026-09-16T06:56:39+08:00
FB4801,50074753,2026-09-12T00:30:00.000+08:00,GD2,Darmstadt,Bielefeld,2,1,H,True,2026-09-16T06:56:39+08:00
FB4802,50074754,2026-09-12T01:00:00.000+08:00,SAL,Hacken,Mjallby,1,1,D,True,2026-09-16T06:56:39+08:00
FB4818,50075270,2026-09-12T01:00:00.000+08:00,DK1,Copenhagen,Horsens,2,0,H,True,2026-09-16T06:56:39+08:00
FB4841,50075708,2026-09-12T01:30:00.000+08:00,AT1,Ried,Salzburg,1,1,D,True,2026-09-16T06:56:39+08:00
FB4808,50074947,2026-09-12T02:00:00.000+08:00,DFL,AZ Alkmaar,Willem II,1,1,D,True,2026-09-16T06:56:39+08:00
FB4819,50075278,2026-09-12T02:00:00.000+08:00,FF2,Clermont,Boulogne Sur Mer,0,0,D,True,2026-09-16T06:56:39+08:00
FB4820,50075284,2026-09-12T02:00:00.000+08:00,FF2,Montpellier,Pau FC,1,0,H,True,2026-09-16T06:56:39+08:00
FB4821,50075286,2026-09-12T02:00:00.000+08:00,FF2,Nancy,Reims,1,2,A,True,2026-09-16T06:56:39+08:00
FB4822,50075313,2026-09-12T02:00:00.000+08:00,DF2,Venlo,Oss,3,1,H,True,2026-09-16T06:56:39+08:00
FB4823,50075315,2026-09-12T02:00:00.000+08:00,DF2,Emmen,De Graafschap,1,2,A,True,2026-09-16T06:56:39+08:00
FB4824,50075320,2026-09-12T02:00:00.000+08:00,DF2,Maastricht,Almere City,0,4,A,True,2026-09-16T06:56:39+08:00
FB4825,50075321,2026-09-12T02:00:00.000+08:00,DF2,Heracles,Jong AZ Alkmaar,3,2,H,True,2026-09-16T06:56:39+08:00
FB4826,50075322,2026-09-12T02:00:00.000+08:00,DF2,NAC,Jong Utrecht,2,3,A,True,2026-09-16T06:56:39+08:00
FB4827,50075323,2026-09-12T02:00:00.000+08:00,DF2,Jong Ajax,RKC Waalwijk,0,2,A,True,2026-09-16T06:56:39+08:00
FB4830,50075424,2026-09-12T02:00:00.000+08:00,MD1,Cruz Azul Hidalgo,Piratas FC,1,1,D,True,2026-09-16T06:56:39+08:00
FB4836,50075432,2026-09-12T02:00:00.000+08:00,SDL,Al Ahli Jeddah,Al Hazem,3,1,H,True,2026-09-16T06:56:39+08:00
FB4844,50075285,2026-09-12T02:00:00.000+08:00,FF2,Rodez,Grenoble Foot,0,1,A,True,2026-09-16T06:56:39+08:00
FB4803,50074756,2026-09-12T02:30:00.000+08:00,GSL,Union Berlin,Schalke 04,1,3,A,True,2026-09-16T06:56:39+08:00
FB4843,50075037,2026-09-12T02:30:00.000+08:00,SF2,Burgos,Ceuta,3,1,H,True,2026-09-16T06:56:39+08:00
FB4809,50074954,2026-09-12T02:45:00.000+08:00,FFL,Rennes,Marseille,1,0,H,True,2026-09-16T06:56:39+08:00
FB4810,50074980,2026-09-12T02:45:00.000+08:00,ISA,Venezia,Fiorentina,2,4,A,True,2026-09-16T06:56:39+08:00
FB4816,50075228,2026-09-12T02:45:00.000+08:00,BFL,KV Mechelen,Anderlecht,0,1,A,True,2026-09-16T06:56:39+08:00
FB4831,50075426,2026-09-12T02:45:00.000+08:00,SLC,Stenhousemuir,Hearts,0,3,A,True,2026-09-16T06:56:39+08:00
FB4811,50074997,2026-09-12T03:00:00.000+08:00,SFL,Sevilla,Valencia,1,0,H,True,2026-09-16T06:56:39+08:00
FB4834,50075429,2026-09-12T03:00:00.000+08:00,ED1,West Ham,Wrexham,6,0,H,True,2026-09-16T06:56:39+08:00
FB4804,50074825,2026-09-12T03:58:00.000+08:00,APL,Newell's Old Boys,Velez Sarsfield,1,1,D,True,2026-09-16T06:56:39+08:00
FB4806,50074830,2026-09-12T06:13:00.000+08:00,APL,Defensa y Justicia,Gimnasia Mendoza,2,0,H,True,2026-09-16T06:56:39+08:00
FB5082,50075431,2026-09-12T06:30:00.000+08:00,MLSW,Racing Louisville Women,NJNY Gotham Women,1,2,A,True,2026-09-16T06:56:39+08:00
FB4812,50075150,2026-09-12T08:00:00.000+08:00,BD1,Coritiba,Athletico Paranaense,3,3,D,True,2026-09-16T06:56:39+08:00
FB5116,50075711,2026-09-12T08:00:00.000+08:00,MLSW,Kansas City Current Women,Orlando Pride Women,2,2,D,True,2026-09-16T06:56:39+08:00
FB4805,50074828,2026-09-12T08:28:00.000+08:00,APL,Boca Juniors,CA Central Cordoba,3,1,H,True,2026-09-16T06:56:39+08:00
FB4799,50071163,2026-09-12T09:00:00.000+08:00,MXL,Necaxa,Puebla,0,1,A,True,2026-09-16T06:56:39+08:00
FB5093,50075537,2026-09-12T09:00:00.000+08:00,MXLW,Cruz Azul Women,Pumas UNAM Women,3,2,H,True,2026-09-16T06:56:39+08:00
FB4940,50075543,2026-09-12T09:30:00.000+08:00,USL,New Mexico Utd,Indy Eleven,2,2,D,True,2026-09-16T06:56:39+08:00
FB4962,50075712,2026-09-12T10:00:00.000+08:00,USL,Colorado Springs Switchbacks,San Antonio FC,2,1,H,True,2026-09-16T06:56:39+08:00
FB5097,50075542,2026-09-12T10:00:00.000+08:00,MLSW,Angel City Women,Denver Summit Women,3,3,D,True,2026-09-16T06:56:39+08:00
FB4798,50071162,2026-09-12T11:00:00.000+08:00,MXL,Tijuana,Queretaro,0,1,A,True,2026-09-16T06:56:39+08:00
FB4842,50075713,2026-09-12T11:00:00.000+08:00,MXL,Atlante,Pachuca,0,3,A,True,2026-09-16T06:56:39+08:00
FB5120,50075724,2026-09-12T15:00:00.000+08:00,JLCW,Albirex Niigata Women,Sanfrecce Hiroshima Women,1,3,A,True,2026-09-16T06:56:39+08:00
FB4815,50075216,2026-09-12T15:30:00.000+08:00,KD1,Jeonbuk Motors,FC Seoul,1,2,A,True,2026-09-16T06:56:39+08:00
FB4919,50075212,2026-09-12T15:30:00.000+08:00,KD1,Ulsan HD,Incheon Utd,2,1,H,True,2026-09-16T06:56:39+08:00
FB4920,50075217,2026-09-12T15:30:00.000+08:00,KD1,Bucheon FC,Jeju SK,2,2,D,True,2026-09-16T06:56:39+08:00
FB4924,50075221,2026-09-12T15:30:00.000+08:00,KD2,Seoul E-Land,Suwon Bluewings,0,1,A,True,2026-09-16T06:56:39+08:00
FB4925,50075222,2026-09-12T15:30:00.000+08:00,KD2,Daegu FC,Yongin FC,3,1,H,True,2026-09-16T06:56:39+08:00
FB5117,50075718,2026-09-12T16:00:00.000+08:00,JLCW,Nojima Stella Sagamihara Women,Mynavi Sendai Women,2,0,H,True,2026-09-16T06:56:39+08:00
FB5121,50075725,2026-09-12T16:00:00.000+08:00,JLCW,JEF United Chiba Women,Urawa Reds Women,3,2,H,True,2026-09-16T06:56:39+08:00
FB4948,50075613,2026-09-12T16:15:00.000+08:00,AVC,Hume City,Avondale,2,3,A,True,2026-09-16T06:56:39+08:00
FB4963,50075715,2026-09-12T16:30:00.000+08:00,ANS,St George FC,Northern Tigers,3,1,H,True,2026-09-16T06:56:39+08:00
FB4850,50074772,2026-09-12T17:00:00.000+08:00,JD2,Blaublitz Akita,Tokushima Vortis,4,1,H,True,2026-09-16T06:56:39+08:00
FB4851,50074773,2026-09-12T17:00:00.000+08:00,JD2,Iwaki FC,FC Yokohama,2,0,H,True,2026-09-16T06:56:39+08:00
FB4939,50075538,2026-09-12T17:00:00.000+08:00,AQL,Lions FC,Peninsula Power,1,0,H,True,2026-09-16T06:56:39+08:00
FB4964,50075719,2026-09-12T17:00:00.000+08:00,JD1,Mito Hollyhock,Kawasaki Frontale,0,1,A,True,2026-09-16T06:56:39+08:00
FB4852,50074774,2026-09-12T17:30:00.000+08:00,JD2,Kataller Toyama,Tochigi City,0,0,D,True,2026-09-16T06:56:39+08:00
FB4853,50074775,2026-09-12T17:30:00.000+08:00,JD1,Shimizu S-Pulse,Avispa Fukuoka,1,0,H,True,2026-09-16T06:56:39+08:00
FB4854,50074776,2026-09-12T17:30:00.000+08:00,JD2,Vanraure Hachinohe,Shonan Bellmare,0,1,A,True,2026-09-16T06:56:39+08:00
FB4797,50074784,2026-09-12T18:00:00.000+08:00,JD1,Machida Zelvia,Yokohama F.Marinos,1,1,D,True,2026-09-16T06:56:39+08:00
FB4855,50074777,2026-09-12T18:00:00.000+08:00,JD2,Ventforet Kofu,Jubilo Iwata,0,1,A,True,2026-09-16T06:56:39+08:00
FB4856,50074778,2026-09-12T18:00:00.000+08:00,JD2,RB Omiya Ardija,Oita Trinita,0,0,D,True,2026-09-16T06:56:39+08:00
FB4857,50074779,2026-09-12T18:00:00.000+08:00,JD1,Gamba Osaka,FC Tokyo,0,2,A,True,2026-09-16T06:56:39+08:00
FB4858,50074780,2026-09-12T18:00:00.000+08:00,JD1,Sanfrecce Hiroshima,Cerezo Osaka,6,1,H,True,2026-09-16T06:56:39+08:00
FB4859,50074781,2026-09-12T18:00:00.000+08:00,JD2,Tegevajaro Miyazaki,Fujieda MYFC,3,2,H,True,2026-09-16T06:56:39+08:00
FB4860,50074782,2026-09-12T18:00:00.000+08:00,JD1,V-Varen Nagasaki,Nagoya Grampus,2,0,H,True,2026-09-16T06:56:39+08:00
FB4861,50074783,2026-09-12T18:00:00.000+08:00,JD2,FC Imabari,Sagan Tosu,1,0,H,True,2026-09-16T06:56:39+08:00
FB4921,50075218,2026-09-12T18:00:00.000+08:00,KD1,Daejeon Citizen,Pohang Steelers,2,2,D,True,2026-09-16T06:56:39+08:00
FB4928,50075225,2026-09-12T18:00:00.000+08:00,KD2,Chungnam Asan,Chungbuk Cheongju,0,1,A,True,2026-09-16T06:56:39+08:00
FB4929,50075226,2026-09-12T18:00:00.000+08:00,KD2,Ansan Greeners,Hwaseong FC,0,2,A,True,2026-09-16T06:56:39+08:00
FB4862,50074785,2026-09-12T19:00:00.000+08:00,GD2,Bochum,Greuther Furth,1,1,D,True,2026-09-16T06:56:39+08:00
FB4915,50075200,2026-09-12T19:00:00.000+08:00,GD2,Braunschweig,Dresden,2,2,D,True,2026-09-16T06:56:39+08:00
FB4917,50075202,2026-09-12T19:00:00.000+08:00,GD2,Magdeburg,Kaiserslautern,3,0,H,True,2026-09-16T06:56:39+08:00
FB5062,50075329,2026-09-12T19:00:00.000+08:00,RPL,Fakel Voronezh,Baltika Kaliningrad,2,2,D,True,2026-09-16T06:56:39+08:00
FB5128,50075265,2026-09-12T19:00:00.000+08:00,TL1,Sisaket Utd,Ayutthaya Utd,0,1,A,True,2026-09-16T06:56:39+08:00
FB5043,50075190,2026-09-12T19:30:00.000+08:00,TL1,Uthai Thani,Pattani,1,2,A,True,2026-09-16T06:56:39+08:00
FB5084,50075468,2026-09-12T19:30:00.000+08:00,ED2,Leyton Orient,Wycombe,2,3,A,True,2026-09-16T06:56:39+08:00
FB5085,50075469,2026-09-12T19:30:00.000+08:00,ED3,Crawley Town,Cheltenham,1,3,A,True,2026-09-16T06:56:39+08:00
FB5086,50075470,2026-09-12T19:30:00.000+08:00,ED3,Grimsby,Bristol Rovers,2,0,H,True,2026-09-16T06:56:39+08:00
FB5087,50075494,2026-09-12T19:30:00.000+08:00,ED2,Notts County,Bradford,0,1,A,True,2026-09-16T06:56:39+08:00
FB5094,50075539,2026-09-12T19:30:00.000+08:00,ED1,Derby,Birmingham,1,2,A,True,2026-09-16T06:56:39+08:00
FB5095,50075540,2026-09-12T19:30:00.000+08:00,ED1,West Bromwich,QPR,1,1,D,True,2026-09-16T06:56:39+08:00
FB5096,50075541,2026-09-12T19:30:00.000+08:00,ED1,Bolton,Cardiff,1,0,H,True,2026-09-16T06:56:39+08:00
FB4904,50074990,2026-09-12T20:00:00.000+08:00,SFL,Santander,Alaves,2,1,H,True,2026-09-16T06:56:39+08:00
FB5029,50075038,2026-09-12T20:00:00.000+08:00,SF2,FC Andorra,Real Sociedad B,1,3,A,True,2026-09-16T06:56:39+08:00
FB5042,50075189,2026-09-12T20:00:00.000+08:00,TL1,BG Pathum Utd,Rasisalai Utd,3,2,H,True,2026-09-16T06:56:39+08:00
FB5056,50075279,2026-09-12T20:00:00.000+08:00,FF2,Guingamp,Annecy FC,2,1,H,True,2026-09-16T06:56:39+08:00
FB5058,50075281,2026-09-12T20:00:00.000+08:00,FF2,Sochaux,Nantes,1,0,H,True,2026-09-16T06:56:39+08:00
FB4896,50074974,2026-09-12T21:00:00.000+08:00,ISA,Genoa,Frosinone,1,1,D,True,2026-09-16T06:56:39+08:00
FB4969,50074787,2026-09-12T21:00:00.000+08:00,UWW,Italy Women U20,Japan Women U20,1,1,D,True,2026-09-16T06:56:39+08:00
FB4970,50074786,2026-09-12T21:00:00.000+08:00,UWW,New Zealand Women U20,USA Women U20,0,9,A,True,2026-09-16T06:56:39+08:00
FB5047,50075209,2026-09-12T21:00:00.000+08:00,SAL,AIK Solna,Vasteras SK,1,4,A,True,2026-09-16T06:56:39+08:00
FB5060,50075327,2026-09-12T21:15:00.000+08:00,RPL,Zenit St. Petersburg,Lokomotiv Moscow,2,1,H,True,2026-09-16T06:56:39+08:00
FB4863,50074806,2026-09-12T21:30:00.000+08:00,GSL,Hoffenheim,Stuttgart,2,1,H,True,2026-09-16T06:56:39+08:00
FB4864,50074807,2026-09-12T21:30:00.000+08:00,GSL,Augsburg,Leverkusen,2,2,D,True,2026-09-16T06:56:39+08:00
FB4865,50074808,2026-09-12T21:30:00.000+08:00,GSL,Mainz,Frankfurt,1,3,A,True,2026-09-16T06:56:39+08:00
FB4892,50074963,2026-09-12T21:30:00.000+08:00,GSL,Dortmund,Paderborn,3,0,H,True,2026-09-16T06:56:39+08:00
FB4894,50074965,2026-09-12T21:30:00.000+08:00,GSL,Freiburg,Monchengladbach,5,0,H,True,2026-09-16T06:56:39+08:00
FB4807,50074937,2026-09-12T22:00:00.000+08:00,EPL,Chelsea,Hull City,2,2,D,True,2026-09-16T06:56:39+08:00
FB4873,50074932,2026-09-12T22:00:00.000+08:00,EPL,Liverpool,Fulham,0,0,D,True,2026-09-16T06:56:39+08:00
FB4874,50074935,2026-09-12T22:00:00.000+08:00,EPL,Bournemouth,Brentford,2,2,D,True,2026-09-16T06:56:39+08:00
FB4879,50074941,2026-09-12T22:00:00.000+08:00,EPL,Crystal Palace,Ipswich,2,3,A,True,2026-09-16T06:56:39+08:00
FB4880,50074943,2026-09-12T22:00:00.000+08:00,EPL,Aston Villa,Nottingham Forest,1,2,A,True,2026-09-16T06:56:39+08:00
FB4941,50075545,2026-09-12T22:00:00.000+08:00,NTL,Lillestrom,Valerenga,2,0,H,True,2026-09-16T06:56:39+08:00
FB4989,50075526,2026-09-12T22:00:00.000+08:00,SLC,Ross County,Hibernian,0,3,A,True,2026-09-16T06:56:39+08:00
FB5051,50075273,2026-09-12T22:00:00.000+08:00,FVL,IFK Mariehamn,TPS Turku,1,0,H,True,2026-09-16T06:56:39+08:00
FB5063,50075344,2026-09-12T22:00:00.000+08:00,QSL,Al Arabi Doha,Qatar SC,0,0,D,True,2026-09-16T06:56:39+08:00
FB5071,50075367,2026-09-12T22:00:00.000+08:00,BFL,SK Beveren,Sint Truiden,2,0,H,True,2026-09-16T06:56:39+08:00
FB5083,50075466,2026-09-12T22:00:00.000+08:00,ED2,Mansfield,Huddersfield,0,0,D,True,2026-09-16T06:56:39+08:00
FB5088,50075500,2026-09-12T22:00:00.000+08:00,ED2,Sheff Wednesday,Wigan,0,0,D,True,2026-09-16T06:56:39+08:00
FB5089,50075501,2026-09-12T22:00:00.000+08:00,ED2,Cambridge Utd,Reading,2,1,H,True,2026-09-16T06:56:39+08:00
FB5090,50075502,2026-09-12T22:00:00.000+08:00,ED2,Stockport,Leicester,3,4,A,True,2026-09-16T06:56:39+08:00
FB5098,50075550,2026-09-12T22:00:00.000+08:00,ED1,Blackburn,Millwall,3,1,H,True,2026-09-16T06:56:39+08:00
FB5099,50075551,2026-09-12T22:00:00.000+08:00,ED1,Charlton,Portsmouth,0,0,D,True,2026-09-16T06:56:39+08:00
FB5100,50075552,2026-09-12T22:00:00.000+08:00,ED1,Middlesbrough,Norwich,4,3,H,True,2026-09-16T06:56:39+08:00
FB5101,50075553,2026-09-12T22:00:00.000+08:00,ED1,Swansea,Burnley,3,1,H,True,2026-09-16T06:56:39+08:00
FB5102,50075554,2026-09-12T22:00:00.000+08:00,ED1,Watford,Stoke,1,2,A,True,2026-09-16T06:56:39+08:00
FB5103,50075555,2026-09-12T22:00:00.000+08:00,ED1,Southampton,Bristol City,4,1,H,True,2026-09-16T06:56:39+08:00
FB5104,50075556,2026-09-12T22:00:00.000+08:00,ED1,Preston,Lincoln City,0,1,A,True,2026-09-16T06:56:39+08:00
FB4908,50074994,2026-09-12T22:15:00.000+08:00,SFL,Osasuna,Espanyol,0,2,A,True,2026-09-16T06:56:39+08:00
FB5028,50075036,2026-09-12T22:15:00.000+08:00,SF2,Cadiz,Las Palmas,0,1,A,True,2026-09-16T06:56:39+08:00
FB4881,50074946,2026-09-12T22:30:00.000+08:00,DFL,Twente,Den Haag,2,0,H,True,2026-09-16T06:56:39+08:00
FB4935,50075316,2026-09-12T22:30:00.000+08:00,DF2,Roda,Vitesse,1,0,H,True,2026-09-16T06:56:39+08:00
FB4938,50075527,2026-09-12T22:30:00.000+08:00,PFL,Nacional,Alverca,1,3,A,True,2026-09-16T06:56:39+08:00
FB5024,50074973,2026-09-12T23:00:00.000+08:00,AT1,Rheindorf Altach,Grazer AK,1,2,A,True,2026-09-16T06:56:39+08:00
FB4888,50074957,2026-09-12T23:15:00.000+08:00,FFL,Strasbourg,Monaco,1,1,D,True,2026-09-16T06:56:39+08:00
FB4975,50075729,2026-09-12T23:27:00.000+08:00,CD1,Deportivo Nublense,Everton VM,1,3,A,True,2026-09-16T06:56:39+08:00
FB5019,50074910,2026-09-12T23:30:00.000+08:00,SAL,Goteborg,Halmstads,2,1,H,True,2026-09-16T06:56:39+08:00
FB5118,50075721,2026-09-12T23:30:00.000+08:00,RPL,Dinamo Moscow,FC Orenburg,1,0,H,True,2026-09-16T06:56:39+08:00
FB4968,50075759,2026-09-12T23:50:00.000+08:00,SDL,Al Taawoun,Al Hilal,0,6,A,True,2026-09-16T06:56:39+08:00
FB4911,50075022,2026-09-13T00:00:00.000+08:00,ISA,Lazio,AC Milan,2,2,D,True,2026-09-16T06:56:39+08:00
FB4942,50075546,2026-09-13T00:00:00.000+08:00,NTL,Rosenborg,Tromso,5,3,H,True,2026-09-16T06:56:39+08:00
FB4971,50074810,2026-09-13T00:00:00.000+08:00,UWW,Ghana Women U20,France Women U20,0,4,A,True,2026-09-16T06:56:39+08:00
FB4972,50074809,2026-09-13T00:00:00.000+08:00,UWW,Korea Republic Women U20,Ecuador Women U20,3,2,H,True,2026-09-16T06:56:39+08:00
FB5052,50075274,2026-09-13T00:00:00.000+08:00,FVL,AC Oulu,Gnistan,1,2,A,True,2026-09-16T06:56:39+08:00
FB5053,50075275,2026-09-13T00:00:00.000+08:00,FVL,Jaro,SJK Seinajoki,1,1,D,True,2026-09-16T06:56:39+08:00
FB5066,50075362,2026-09-13T00:00:00.000+08:00,SU1,Thun,Grasshoppers,0,1,A,True,2026-09-16T06:56:39+08:00
FB5068,50075364,2026-09-13T00:00:00.000+08:00,SU1,St. Gallen,Sion,0,3,A,True,2026-09-16T06:56:39+08:00
FB5119,50075722,2026-09-13T00:00:00.000+08:00,FVL,Ilves,Lahti,3,1,H,True,2026-09-16T06:56:39+08:00
FB5076,50075372,2026-09-13T00:15:00.000+08:00,BFL,Westerlo,Standard,4,2,H,True,2026-09-16T06:56:39+08:00
FB5110,50075674,2026-09-13T00:15:00.000+08:00,QSL,Al Duhail,Al Shahania,1,1,D,True,2026-09-16T06:56:39+08:00
FB4866,50074823,2026-09-13T00:30:00.000+08:00,GSL,Cologne,Werder Bremen,1,1,D,True,2026-09-16T06:56:39+08:00
FB4877,50074939,2026-09-13T00:30:00.000+08:00,EPL,Tottenham,Everton,0,0,D,True,2026-09-16T06:56:39+08:00
FB4905,50074991,2026-09-13T00:30:00.000+08:00,SFL,Bilbao,CF Elche,1,1,D,True,2026-09-16T06:56:39+08:00
FB4882,50074948,2026-09-13T00:45:00.000+08:00,DFL,Go Ahead Eagles,Groningen,1,1,D,True,2026-09-16T06:56:39+08:00
FB4988,50075517,2026-09-13T00:45:00.000+08:00,SLC,Kilmarnock,Aberdeen,1,1,D,True,2026-09-16T06:56:39+08:00
FB4944,50075549,2026-09-13T01:00:00.000+08:00,PFL,Casa Pia AC,Porto,1,4,A,True,2026-09-16T06:56:39+08:00
FB5069,50075365,2026-09-13T01:00:00.000+08:00,SU1,Lugano,Young Boys Bern,2,2,D,True,2026-09-16T06:56:39+08:00
FB5023,50074972,2026-09-13T01:30:00.000+08:00,AT1,Wolfsberger AC,Rapid Vienna,0,3,A,True,2026-09-16T06:56:39+08:00
FB5018,50074847,2026-09-13T01:43:00.000+08:00,APL,Independiente Rivadavia,Aldosivi,4,3,H,True,2026-09-16T06:56:39+08:00
FB5122,50075731,2026-09-13T01:43:00.000+08:00,APL,Estudiantes,CA Platense,2,1,H,True,2026-09-16T06:56:39+08:00
FB5061,50075328,2026-09-13T01:45:00.000+08:00,RPL,CSKA Moscow,Rubin Kazan,1,1,D,True,2026-09-16T06:56:39+08:00
FB4976,50075732,2026-09-13T01:57:00.000+08:00,CD1,Cobresal,Coquimbo Unido,3,2,H,True,2026-09-16T06:56:39+08:00
FB4883,50074949,2026-09-13T02:00:00.000+08:00,DFL,Fortuna Sittard,Ajax,1,5,A,True,2026-09-16T06:56:39+08:00
FB4960,50075707,2026-09-13T02:00:00.000+08:00,SDL,Al Khaleej,Al Nassr,1,1,D,True,2026-09-16T06:56:39+08:00
FB4965,50075733,2026-09-13T02:00:00.000+08:00,SDL,Al Shabab,Al Fayha,0,0,D,True,2026-09-16T06:56:39+08:00
FB5057,50075280,2026-09-13T02:00:00.000+08:00,FF2,Dunkerque,St. Etienne,2,1,H,True,2026-09-16T06:56:39+08:00
FB4916,50075201,2026-09-13T02:30:00.000+08:00,GD2,St. Pauli,Wolfsburg,1,0,H,True,2026-09-16T06:56:39+08:00
FB4886,50074955,2026-09-13T02:45:00.000+08:00,FFL,Lorient,Toulouse,2,2,D,True,2026-09-16T06:56:39+08:00
FB4887,50074956,2026-09-13T02:45:00.000+08:00,FFL,Le Havre,Angers SCO,0,0,D,True,2026-09-16T06:56:39+08:00
FB4891,50074962,2026-09-13T02:45:00.000+08:00,FFL,Auxerre,Nice,1,0,H,True,2026-09-16T06:56:39+08:00
FB4897,50074975,2026-09-13T02:45:00.000+08:00,ISA,Atalanta,Cagliari,1,2,A,True,2026-09-16T06:56:39+08:00
FB4937,50075324,2026-09-13T02:45:00.000+08:00,FFL,Paris FC,Lyon,0,0,D,True,2026-09-16T06:56:39+08:00
FB5073,50075369,2026-09-13T02:45:00.000+08:00,BFL,OH Leuven,Cercle Bruges,1,1,D,True,2026-09-16T06:56:39+08:00
FB5077,50075373,2026-09-13T02:45:00.000+08:00,BFL,Union Saint Gilloise,Lommel SK,5,0,H,True,2026-09-16T06:56:39+08:00
FB4878,50074940,2026-09-13T03:00:00.000+08:00,EPL,Sunderland,Arsenal,0,2,A,True,2026-09-16T06:56:39+08:00
FB4907,50074993,2026-09-13T03:00:00.000+08:00,SFL,Real Madrid,Vallecano,4,1,H,True,2026-09-16T06:56:39+08:00
FB4966,50075734,2026-09-13T03:00:00.000+08:00,DFL,Cambuur,NEC Nijmegen,3,0,H,True,2026-09-16T06:56:39+08:00
FB5035,50075108,2026-09-13T03:00:00.000+08:00,BD1,Gremio,Vasco da Gama,1,2,A,True,2026-09-16T06:56:39+08:00
FB5036,50075109,2026-09-13T03:00:00.000+08:00,BD1,Atletico Mineiro,Fluminense,3,1,H,True,2026-09-16T06:56:39+08:00
FB4984,50075779,2026-09-13T03:27:00.000+08:00,UD1,Montevideo Wanderers,Montevideo Nacional,1,1,D,True,2026-09-16T06:56:39+08:00
FB4943,50075548,2026-09-13T03:30:00.000+08:00,PFL,Viseu,Guimaraes,2,1,H,True,2026-09-16T06:56:39+08:00
FB5037,50075110,2026-09-13T04:00:00.000+08:00,BD1,Chapecoense,Internacional,1,2,A,True,2026-09-16T06:56:39+08:00
FB5012,50074829,2026-09-13T04:28:00.000+08:00,APL,Atletico Tucuman,River Plate,1,2,A,True,2026-09-16T06:56:39+08:00
FB5038,50075111,2026-09-13T05:30:00.000+08:00,BD1,Palmeiras,Sao Paulo,2,0,H,True,2026-09-16T06:56:39+08:00
FB5091,50075535,2026-09-13T06:00:00.000+08:00,MD1,Tlaxcala,Jaiba Brava,3,1,H,True,2026-09-16T06:56:39+08:00
FB5132,50075534,2026-09-13T06:30:00.000+08:00,MLSW,San Diego Wave Women,North Carolina Courage Women,2,1,H,True,2026-09-16T06:56:39+08:00
FB4977,50075737,2026-09-13T06:57:00.000+08:00,CD1,Palestino,Universidad Catolica,2,3,A,True,2026-09-16T06:56:39+08:00
FB5014,50074832,2026-09-13T06:58:00.000+08:00,APL,Talleres,Union Santa Fe,2,1,H,True,2026-09-16T06:56:39+08:00
FB4980,50075532,2026-09-13T07:00:00.000+08:00,UD1,Cerro Largo,Central Espanol,0,0,D,True,2026-09-16T06:56:39+08:00
FB5092,50075536,2026-09-13T07:00:00.000+08:00,MD1,Venados,Tepatitlan,5,0,H,True,2026-09-16T06:56:39+08:00
FB5115,50075705,2026-09-13T07:05:00.000+08:00,MXL,Toluca,Atlas,5,2,H,True,2026-09-16T06:56:39+08:00
FB4991,50062814,2026-09-13T07:30:00.000+08:00,MLS,Orlando City,Toronto FC,3,0,H,True,2026-09-16T06:56:39+08:00
FB4995,50062960,2026-09-13T07:30:00.000+08:00,MLS,FC Cincinnati,Charlotte FC,3,3,D,True,2026-09-16T06:56:39+08:00
FB4996,50062969,2026-09-13T07:30:00.000+08:00,MLS,Columbus Crew,New York Red Bulls,0,1,A,True,2026-09-16T06:56:39+08:00
FB4997,50063047,2026-09-13T07:30:00.000+08:00,MLS,DC United,Atlanta Utd,0,0,D,True,2026-09-16T06:56:39+08:00
FB5004,50067886,2026-09-13T07:30:00.000+08:00,MLS,Inter Miami CF,Nashville SC,2,2,D,True,2026-09-16T06:56:39+08:00
FB5041,50075114,2026-09-13T07:30:00.000+08:00,BD1,Botafogo,RB Bragantino,1,1,D,True,2026-09-16T06:56:39+08:00
FB5039,50075112,2026-09-13T08:00:00.000+08:00,BD1,Santos,Cruzeiro,2,1,H,True,2026-09-16T06:56:39+08:00
FB4993,50062860,2026-09-13T08:30:00.000+08:00,MLS,St. Louis City SC,Minnesota Utd,4,2,H,True,2026-09-16T06:56:39+08:00
FB4999,50063099,2026-09-13T08:30:00.000+08:00,MLS,Sporting Kansas City,Los Angeles FC,3,1,H,True,2026-09-16T06:56:39+08:00
FB5001,50063149,2026-09-13T08:30:00.000+08:00,MLS,FC Dallas,Portland Timbers,2,1,H,True,2026-09-16T06:56:39+08:00
FB5108,50075660,2026-09-13T09:00:00.000+08:00,MD1,Dorados,Tapatio,3,1,H,True,2026-09-16T06:56:39+08:00
FB5005,50071158,2026-09-13T09:10:00.000+08:00,MXL,Monterrey,Tigres UANL,0,0,D,True,2026-09-16T06:56:39+08:00
FB4990,50062780,2026-09-13T09:30:00.000+08:00,MLS,Colorado Rapids,CF Montreal,1,0,H,True,2026-09-16T06:56:39+08:00
FB5000,50063133,2026-09-13T09:30:00.000+08:00,MLS,Real Salt Lake,New York City,0,2,A,True,2026-09-16T06:56:39+08:00
FB5105,50075557,2026-09-13T10:00:00.000+08:00,USL,Phoenix Rising,FC Tulsa,2,1,H,True,2026-09-16T06:56:39+08:00
FB5106,50075558,2026-09-13T10:00:00.000+08:00,USL,Sacramento Republic,Detroit City,1,0,H,True,2026-09-16T06:56:39+08:00
FB4994,50062959,2026-09-13T10:30:00.000+08:00,MLS,San Jose Earthquakes,Houston Dynamo,1,0,H,True,2026-09-16T06:56:39+08:00
FB5002,50063179,2026-09-13T10:30:00.000+08:00,MLS,LA Galaxy,Seattle Sounders,1,1,D,True,2026-09-16T06:56:39+08:00
FB5127,50075780,2026-09-13T11:15:00.000+08:00,MXL,Cruz Azul,CF America,4,3,H,True,2026-09-16T06:56:39+08:00
FB4954,50075675,2026-09-13T13:00:00.000+08:00,ANS,APIA Leichhardt,Sydney Utd,1,3,A,True,2026-09-16T06:56:39+08:00
FB4923,50075220,2026-09-13T15:30:00.000+08:00,KD1,Gimcheon Sangmu,Gangwon FC,2,2,D,True,2026-09-16T06:56:39+08:00
FB4926,50075223,2026-09-13T15:30:00.000+08:00,KD2,Gyeongnam FC,Seongnam FC,1,0,H,True,2026-09-16T06:56:39+08:00
FB4927,50075224,2026-09-13T15:30:00.000+08:00,KD2,Jeonnam Dragons,Gimpo FC,2,2,D,True,2026-09-16T06:56:39+08:00
FB4867,50074912,2026-09-13T17:00:00.000+08:00,JD2,Albirex Niigata,Montedio Yamagata,1,0,H,True,2026-09-16T06:56:39+08:00
FB4868,50074913,2026-09-13T17:00:00.000+08:00,JD1,Tokyo Verdy,JEF United Chiba,1,1,D,True,2026-09-16T06:56:39+08:00
FB4869,50074914,2026-09-13T17:00:00.000+08:00,JD2,Vegalta Sendai,Hokkaido Consadole Sapporo,1,1,D,True,2026-09-16T06:56:39+08:00
FB4870,50074915,2026-09-13T17:30:00.000+08:00,JD1,Urawa Reds,Fagiano Okayama,1,2,A,True,2026-09-16T06:56:39+08:00
FB4922,50075219,2026-09-13T18:00:00.000+08:00,KD1,Gwangju FC,FC Anyang,1,1,D,True,2026-09-16T06:56:39+08:00
FB4930,50075227,2026-09-13T18:00:00.000+08:00,KD2,Suwon FC,Cheonan City,1,1,D,True,2026-09-16T06:56:39+08:00
FB4967,50075740,2026-09-13T18:00:00.000+08:00,KD2,Busan I'Park,Gimhae FC,2,0,H,True,2026-09-16T06:56:39+08:00
FB4885,50074952,2026-09-13T18:15:00.000+08:00,DFL,Excelsior,Utrecht,1,2,A,True,2026-09-16T06:56:39+08:00
FB4987,50075516,2026-09-13T19:00:00.000+08:00,SLC,Rangers,Celtic,3,0,H,True,2026-09-16T06:56:39+08:00
FB5045,50075205,2026-09-13T19:00:00.000+08:00,TL1,Prachuap,Sukhothai,1,0,H,True,2026-09-16T06:56:39+08:00
FB5107,50075595,2026-09-13T19:00:00.000+08:00,ED1,Sheff Utd,Wolves,0,1,A,True,2026-09-16T06:56:39+08:00
FB4871,50074929,2026-09-13T19:30:00.000+08:00,GD2,Karlsruher,Cottbus,0,3,A,True,2026-09-16T06:56:39+08:00
FB4872,50074930,2026-09-13T19:30:00.000+08:00,GD2,Osnabruck,Hertha Berlin,1,3,A,True,2026-09-16T06:56:39+08:00
FB4914,50075197,2026-09-13T19:30:00.000+08:00,GD2,Heidenheim,Holstein Kiel,1,0,H,True,2026-09-16T06:56:39+08:00
FB5070,50075366,2026-09-13T19:30:00.000+08:00,BFL,Bruges,Antwerp,3,1,H,True,2026-09-16T06:56:39+08:00
FB5111,50075683,2026-09-13T19:30:00.000+08:00,RPL,Akhmat Grozny,Dynamo Makhachkala,3,2,H,True,2026-09-16T06:56:39+08:00
FB4906,50074992,2026-09-13T20:00:00.000+08:00,SFL,Celta Vigo,Malaga,1,1,D,True,2026-09-16T06:56:39+08:00
FB4934,50075272,2026-09-13T20:00:00.000+08:00,DK1,Silkeborg IF,Viborg,1,1,D,True,2026-09-16T06:56:39+08:00
FB5020,50074933,2026-09-13T20:00:00.000+08:00,SAL,Elfsborg,Kalmar,1,0,H,True,2026-09-16T06:56:39+08:00
FB5044,50075191,2026-09-13T20:00:00.000+08:00,TL1,Chonburi,Rayong,2,3,A,True,2026-09-16T06:56:39+08:00
FB5046,50075208,2026-09-13T20:00:00.000+08:00,SAL,Hammarby,Brommapojkarna,3,1,H,True,2026-09-16T06:56:39+08:00
FB5054,50075276,2026-09-13T20:00:00.000+08:00,FVL,KuPS,HJK Helsinki,0,0,D,True,2026-09-16T06:56:39+08:00
FB5067,50075363,2026-09-13T20:00:00.000+08:00,SU1,Zurich,Vaduz,2,1,H,True,2026-09-16T06:56:39+08:00
FB4912,50075152,2026-09-13T20:30:00.000+08:00,DFL,Heerenveen,Telstar,0,0,D,True,2026-09-16T06:56:39+08:00
FB4950,50075628,2026-09-13T20:30:00.000+08:00,NTL,Viking,Kristiansund,8,1,H,True,2026-09-16T06:56:39+08:00
FB5026,50074978,2026-09-13T20:30:00.000+08:00,AT1,Austria Vienna,Austria Lustenau,2,1,H,True,2026-09-16T06:56:39+08:00
FB4875,50074936,2026-09-13T21:00:00.000+08:00,EPL,Coventry,Brighton,0,5,A,True,2026-09-16T06:56:39+08:00
FB4889,50074958,2026-09-13T21:00:00.000+08:00,FFL,Lille,Troyes,2,0,H,True,2026-09-16T06:56:39+08:00
FB4899,50074981,2026-09-13T21:00:00.000+08:00,ISA,Lecce,Monza,3,2,H,True,2026-09-16T06:56:39+08:00
FB5130,50074960,2026-09-13T21:00:00.000+08:00,UWW,China Women U20,Spain Women U20,1,3,A,True,2026-09-16T06:56:39+08:00
FB5133,50075354,2026-09-13T21:00:00.000+08:00,UWW,Nigeria Women U20,New Caledonia Women U20,10,1,H,True,2026-09-16T06:56:39+08:00
FB4893,50074964,2026-09-13T21:30:00.000+08:00,GSL,RB Leipzig,Hamburg,5,0,H,True,2026-09-16T06:56:39+08:00
FB4932,50075268,2026-09-13T22:00:00.000+08:00,DK1,Randers,Odense,1,2,A,True,2026-09-16T06:56:39+08:00
FB5074,50075370,2026-09-13T22:00:00.000+08:00,BFL,Genk,AA Gent,1,1,D,True,2026-09-16T06:56:39+08:00
FB5080,50075397,2026-09-13T22:00:00.000+08:00,RPL,Spartak Moscow,Rostov,3,0,H,True,2026-09-16T06:56:39+08:00
FB4902,50074988,2026-09-13T22:15:00.000+08:00,SFL,Levante,Barcelona,2,4,A,True,2026-09-16T06:56:39+08:00
FB5032,50075045,2026-09-13T22:15:00.000+08:00,SF2,Valladolid,Oviedo,0,3,A,True,2026-09-16T06:56:39+08:00
FB5022,50074968,2026-09-13T22:30:00.000+08:00,SAL,Malmo,Orgryte,4,1,H,True,2026-09-16T06:56:39+08:00
FB5064,50075360,2026-09-13T22:30:00.000+08:00,SU1,Lausanne,Servette,0,1,A,True,2026-09-16T06:56:39+08:00
FB5065,50075361,2026-09-13T22:30:00.000+08:00,SU1,Luzern,Basel,2,4,A,True,2026-09-16T06:56:39+08:00
FB4884,50074951,2026-09-13T22:45:00.000+08:00,DFL,Zwolle,Feyenoord,0,7,A,True,2026-09-16T06:56:39+08:00
FB4936,50075317,2026-09-13T22:45:00.000+08:00,DF2,Volendam,Den Bosch,2,0,H,True,2026-09-16T06:56:39+08:00
FB4945,50075610,2026-09-13T23:00:00.000+08:00,NTL,Start,Brann,2,0,H,True,2026-09-16T06:56:39+08:00
FB4946,50075611,2026-09-13T23:00:00.000+08:00,NTL,Ham-Kam,Molde,1,5,A,True,2026-09-16T06:56:39+08:00
FB4947,50075612,2026-09-13T23:00:00.000+08:00,NTL,KFUM Oslo,Aalesund,2,1,H,True,2026-09-16T06:56:39+08:00
FB5123,50075743,2026-09-13T23:00:00.000+08:00,AT1,Sturm Graz,LASK Linz,2,1,H,True,2026-09-16T06:56:39+08:00
FB4986,50074961,2026-09-13T23:15:00.000+08:00,FFL,Le Mans,Lens,2,2,D,True,2026-09-16T06:56:39+08:00
FB4895,50074966,2026-09-13T23:30:00.000+08:00,GSL,Elversberg,Bayern Munich,1,2,A,True,2026-09-16T06:56:39+08:00
FB4985,50074944,2026-09-13T23:30:00.000+08:00,EPL,Manchester Utd,Manchester City,0,1,A,True,2026-09-16T06:56:39+08:00
FB4900,50074982,2026-09-14T00:00:00.000+08:00,ISA,Napoli,Bologna,1,0,H,True,2026-09-16T06:56:39+08:00
FB4933,50075269,2026-09-14T00:00:00.000+08:00,DK1,Nordsjaelland,AGF Aarhus,2,0,H,True,2026-09-16T06:56:39+08:00
FB5129,50074985,2026-09-14T00:00:00.000+08:00,UWW,Colombia Women U20,Korea DPR Women U20,0,3,A,True,2026-09-16T06:56:39+08:00
FB5131,50074984,2026-09-14T00:00:00.000+08:00,UWW,Portugal Women U20,Costa Rica Women U20,3,0,H,True,2026-09-16T06:56:39+08:00
FB4956,50075678,2026-09-14T00:20:00.000+08:00,SDL,NEOM SC,Al Fateh,4,2,H,True,2026-09-16T06:56:39+08:00
FB4909,50074995,2026-09-14T00:30:00.000+08:00,SFL,Getafe,Deportivo,1,1,D,True,2026-09-16T06:56:39+08:00
FB5030,50075042,2026-09-14T00:30:00.000+08:00,SF2,Mallorca,Sabadell,2,0,H,True,2026-09-16T06:56:39+08:00
FB5075,50075371,2026-09-14T00:30:00.000+08:00,BFL,Zulte Waregem,Charleroi,0,1,A,True,2026-09-16T06:56:39+08:00
FB5081,50075398,2026-09-14T00:30:00.000+08:00,RPL,FK Krasnodar,Akron Tolyatti,1,1,D,True,2026-09-16T06:56:39+08:00
FB4952,50075669,2026-09-14T01:00:00.000+08:00,PFL,Benfica,Gil Vicente,3,1,H,True,2026-09-16T06:56:39+08:00
FB4953,50075670,2026-09-14T01:00:00.000+08:00,PFL,Arouca,Santa Clara,1,2,A,True,2026-09-16T06:56:39+08:00
FB4949,50075627,2026-09-14T01:15:00.000+08:00,NTL,Fredrikstad,Sarpsborg,1,1,D,True,2026-09-16T06:56:39+08:00
FB5072,50075368,2026-09-14T01:15:00.000+08:00,BFL,La Louviere,KV Kortrijk,3,0,H,True,2026-09-16T06:56:39+08:00
FB5011,50074827,2026-09-14T01:43:00.000+08:00,APL,Sarmiento,Belgrano,1,1,D,True,2026-09-16T06:56:39+08:00
FB5013,50074831,2026-09-14T01:43:00.000+08:00,APL,Tigre,Rosario Central,0,1,A,True,2026-09-16T06:56:39+08:00
FB4978,50075745,2026-09-14T01:57:00.000+08:00,CD1,La Serena,Universidad Chile,0,3,A,True,2026-09-16T06:56:39+08:00
FB4955,50075677,2026-09-14T02:00:00.000+08:00,SDL,Diriyah Club,Abha FC,0,0,D,True,2026-09-16T06:56:39+08:00
FB4957,50075679,2026-09-14T02:00:00.000+08:00,SDL,Al Riyadh,Al Kholood,2,0,H,True,2026-09-16T06:56:39+08:00
FB5021,50074953,2026-09-14T02:00:00.000+08:00,DFL,PSV Eindhoven,Sparta Rotterdam,4,1,H,True,2026-09-16T06:56:39+08:00
FB5109,50075662,2026-09-14T02:00:00.000+08:00,MD1,Universidad Guadalajara,Atletico La Paz,2,2,D,True,2026-09-16T06:56:39+08:00
FB4890,50074959,2026-09-14T02:45:00.000+08:00,FFL,Brest,Paris Saint Germain,0,1,A,True,2026-09-16T06:56:39+08:00
FB4898,50074977,2026-09-14T02:45:00.000+08:00,ISA,Sassuolo,Juventus,3,2,H,True,2026-09-16T06:56:39+08:00
FB4982,50075640,2026-09-14T02:57:00.000+08:00,UD1,Defensor Sporting,Deportivo Maldonado,1,0,H,True,2026-09-16T06:56:39+08:00
FB4903,50074989,2026-09-14T03:00:00.000+08:00,SFL,Real Sociedad,Atletico Madrid,0,3,A,True,2026-09-16T06:56:39+08:00
FB5031,50075043,2026-09-14T03:00:00.000+08:00,SF2,Tenerife,Leganes,2,0,H,True,2026-09-16T06:56:39+08:00
FB5034,50075107,2026-09-14T03:00:00.000+08:00,BD1,Mirassol,Vitoria,2,2,D,True,2026-09-16T06:56:39+08:00
FB4951,50075659,2026-09-14T03:30:00.000+08:00,PFL,Famalicao,Sporting,1,1,D,True,2026-09-16T06:56:39+08:00
FB5010,50074826,2026-09-14T03:58:00.000+08:00,APL,Argentinos Juniors,Gimnasia LP,1,1,D,True,2026-09-16T06:56:39+08:00
FB4979,50075746,2026-09-14T04:27:00.000+08:00,CD1,Colo Colo,Deportes Concepcion,1,1,D,True,2026-09-16T06:56:39+08:00
FB5040,50075113,2026-09-14T04:30:00.000+08:00,BD1,Flamengo,Corinthians,2,1,H,True,2026-09-16T06:56:39+08:00
FB5078,50075387,2026-09-14T04:58:00.000+08:00,BD2,Juventude,Athletic Club MG,0,2,A,True,2026-09-16T06:56:39+08:00
FB5079,50075390,2026-09-14T05:28:00.000+08:00,BD2,Fortaleza,Ceara,1,1,D,True,2026-09-16T06:56:39+08:00
FB4992,50062818,2026-09-14T05:30:00.000+08:00,MLS,Chicago Fire,New England Revolution,1,2,A,True,2026-09-16T06:56:39+08:00
FB5017,50074846,2026-09-14T06:13:00.000+08:00,APL,Independiente,San Lorenzo,1,1,D,True,2026-09-16T06:56:39+08:00
FB4983,50075641,2026-09-14T06:27:00.000+08:00,UD1,Penarol,Albion FC,3,1,H,True,2026-09-16T06:56:39+08:00
FB5003,50063205,2026-09-14T06:30:00.000+08:00,MLS,Vancouver Whitecaps,Austin FC,1,2,A,True,2026-09-16T06:56:39+08:00
FB4974,50070643,2026-09-14T06:57:00.000+08:00,CD1,Audax Italiano,O'Higgins,1,0,H,True,2026-09-16T06:56:39+08:00
FB5136,50075393,2026-09-14T07:00:00.000+08:00,MXLW,CF America Women,Tigres UANL Women,5,2,H,True,2026-09-16T06:56:39+08:00
FB5137,50075396,2026-09-14T07:00:00.000+08:00,MXLW,Atletico San Luis Women,Santos Laguna Women,2,3,A,True,2026-09-16T06:56:39+08:00
FB5138,50075663,2026-09-14T07:00:00.000+08:00,MLSW,Portland Thorns Women,Chicago Stars Women,1,1,D,True,2026-09-16T06:56:39+08:00
FB5015,50074833,2026-09-14T08:28:00.000+08:00,APL,Huracan,Racing Club,2,1,H,True,2026-09-16T06:56:39+08:00
FB4998,50063075,2026-09-14T09:00:00.000+08:00,MLS,San Diego FC,Philadelphia Union,0,5,A,True,2026-09-16T06:56:39+08:00
FB5006,50071159,2026-09-14T09:00:00.000+08:00,MXL,Santos Laguna,Juarez,2,1,H,True,2026-09-16T06:56:39+08:00
FB5007,50071160,2026-09-14T09:07:00.000+08:00,MXL,Guadalajara,Pumas UNAM,3,0,H,True,2026-09-16T06:56:39+08:00
FB4752,50075384,2026-09-14T13:00:00.000+08:00,AWF,Philippines Women,Uzbekistan Women,1,1,D,True,2026-09-16T06:56:39+08:00
FB4750,50075381,2026-09-14T15:00:00.000+08:00,AWF,Korea DPR Women,Bangladesh Women,10,0,H,True,2026-09-16T06:56:39+08:00
FB4751,50075383,2026-09-14T15:00:00.000+08:00,AWF,Chinese Taipei Women,Vietnam Women,2,1,H,True,2026-09-16T06:56:39+08:00
FB4959,50075706,2026-09-14T17:57:00.000+08:00,KD1W,Seoul City Women,Hwacheon FC Women,0,0,D,True,2026-09-16T06:56:39+08:00
FB4754,50075382,2026-09-14T18:30:00.000+08:00,AWF,Japan Women,Thailand Women,8,0,H,True,2026-09-16T06:56:39+08:00
FB5143,50075781,2026-09-14T21:45:00.000+08:00,ACL,Neftchi Farg'ona,Air Force AC,1,0,H,True,2026-09-16T06:56:39+08:00
FB5055,50075277,2026-09-14T23:00:00.000+08:00,FVL,Inter Turku,VPS Vaasa,1,0,H,True,2026-09-16T06:56:39+08:00
FB5139,50075756,2026-09-15T00:00:00.000+08:00,ACL,Shabab Al Ahli,Tractor SC,1,0,H,True,2026-09-16T06:56:39+08:00
FB5140,50075757,2026-09-15T00:00:00.000+08:00,ACL,Al Shamal,Al Ittihad,1,1,D,True,2026-09-16T06:56:39+08:00
FB5025,50074976,2026-09-15T00:30:00.000+08:00,ISA,Como,Parma,2,1,H,True,2026-09-16T06:56:39+08:00
FB5027,50074979,2026-09-15T00:30:00.000+08:00,ISA,AC Torino,Roma,0,2,A,True,2026-09-16T06:56:39+08:00
FB4931,50075267,2026-09-15T01:00:00.000+08:00,DK1,Midtjylland,Brondby,4,1,H,True,2026-09-16T06:56:39+08:00
FB5048,50075210,2026-09-15T01:00:00.000+08:00,SAL,Djurgardens,GAIS,2,0,H,True,2026-09-16T06:56:39+08:00
FB5112,50075699,2026-09-15T01:00:00.000+08:00,NTL,Bodo Glimt,Sandefjord,3,2,H,True,2026-09-16T06:56:39+08:00
FB5049,50075211,2026-09-15T01:20:00.000+08:00,SAL,Sirius,Degerfors,2,0,H,True,2026-09-16T06:56:39+08:00
FB5113,50075701,2026-09-15T01:45:00.000+08:00,PFL,Rio Ave,Amadora,3,3,D,True,2026-09-16T06:56:39+08:00
FB5134,50075318,2026-09-15T02:00:00.000+08:00,DF2,Jong PSV Eindhoven,Jong AZ Alkmaar,1,1,D,True,2026-09-16T06:56:39+08:00
FB5135,50075319,2026-09-15T02:00:00.000+08:00,DF2,Jong Utrecht,Jong Ajax,6,1,H,True,2026-09-16T06:56:39+08:00
FB5141,50075758,2026-09-15T02:15:00.000+08:00,ACL,Al Qadsiah,Al Wasl,2,1,H,True,2026-09-16T06:56:39+08:00
FB5142,50075761,2026-09-15T02:15:00.000+08:00,ACL,Al Ahli Jeddah,Pakhtakor,1,1,D,True,2026-09-16T06:56:39+08:00
FB5144,50075782,2026-09-15T02:15:00.000+08:00,ACL,Esteghlal FC,Al Sadd,3,0,H,True,2026-09-16T06:56:39+08:00
FB5124,50075747,2026-09-15T02:30:00.000+08:00,SF2,Celta Fortuna,Eibar,0,4,A,True,2026-09-16T06:56:39+08:00
FB4901,50074983,2026-09-15T02:45:00.000+08:00,ISA,Inter Milan,Udinese,5,3,H,True,2026-09-16T06:56:39+08:00
FB5059,50075282,2026-09-15T02:45:00.000+08:00,FF2,Red Star,Metz,1,0,H,True,2026-09-16T06:56:39+08:00
FB4876,50074938,2026-09-15T03:00:00.000+08:00,EPL,Leeds,Newcastle,4,1,H,True,2026-09-16T06:56:39+08:00
FB4910,50074996,2026-09-15T03:00:00.000+08:00,SFL,Villarreal,Betis,1,2,A,True,2026-09-16T06:56:39+08:00
FB4958,50075700,2026-09-15T03:15:00.000+08:00,PFL,Moreirense,Maritimo,3,1,H,True,2026-09-16T06:56:39+08:00
FB5114,50075702,2026-09-15T03:45:00.000+08:00,PFL,Braga,Estoril,1,0,H,True,2026-09-16T06:56:39+08:00
FB4981,50075631,2026-09-15T05:57:00.000+08:00,UD1,Montevideo City Torque,Montevideo Liverpool,3,1,H,True,2026-09-16T06:56:39+08:00
FB5009,50074824,2026-09-15T05:58:00.000+08:00,APL,Banfield,Barracas Central,1,1,D,True,2026-09-16T06:56:39+08:00
FB5016,50074835,2026-09-15T05:58:00.000+08:00,APL,Deportivo Riestra,Lanus,0,3,A,True,2026-09-16T06:56:39+08:00
FB5125,50075749,2026-09-15T06:28:00.000+08:00,BD2,Botafogo SP,Goias,1,3,A,True,2026-09-16T06:56:39+08:00
FB5033,50075106,2026-09-15T07:00:00.000+08:00,BD1,Bahia,Clube do Remo,2,1,H,True,2026-09-16T06:56:39+08:00
FB4973,50070642,2026-09-15T07:27:00.000+08:00,CD1,Union La Calera,Deportes Limache,1,0,H,True,2026-09-16T06:56:39+08:00
FB5190,50075395,2026-09-15T08:00:00.000+08:00,MXLW,Toluca Women,Tijuana Women,6,0,H,True,2026-09-16T06:56:39+08:00
FB5050,50075229,2026-09-15T08:13:00.000+08:00,APL,Instituto de Cordoba,Estudiantes Rio Cuarto,2,1,H,True,2026-09-16T06:56:39+08:00
FB5126,50075750,2026-09-15T08:28:00.000+08:00,BD2,Avai,Vila Nova,1,1,D,True,2026-09-16T06:56:39+08:00
FB5008,50071161,2026-09-15T09:00:00.000+08:00,MXL,Club Leon,Atletico San Luis,2,0,H,True,2026-09-16T06:56:39+08:00
FB5189,50075394,2026-09-15T09:00:00.000+08:00,MXLW,Pachuca Women,Club Leon Women,0,1,A,True,2026-09-16T06:56:39+08:00
FB4739,50075296,2026-09-15T14:30:00.000+08:00,AMF,Uzbekistan AM,Philippines AM,5,1,H,True,2026-09-16T06:56:39+08:00
FB5212,50075788,2026-09-15T17:30:00.000+08:00,AFA,South Melbourne,Lions FC,3,1,H,True,2026-09-16T06:56:39+08:00
FB4740,50075297,2026-09-15T18:00:00.000+08:00,AMF,Vietnam AM,Kuwait AM,1,1,D,True,2026-09-16T06:56:39+08:00
FB5203,50075771,2026-09-15T18:00:00.000+08:00,ACL,Daejeon Citizen,Kyoto Sanga,1,0,H,True,2026-09-16T06:56:39+08:00
FB5205,50075773,2026-09-15T18:00:00.000+08:00,ACL,Ratchaburi,Shanghai Port,4,6,A,True,2026-09-16T06:56:39+08:00
FB5206,50075774,2026-09-15T18:00:00.000+08:00,ACL,Gamba Osaka,Cong An Ha Noi,4,1,H,True,2026-09-16T06:56:39+08:00
FB5211,50075783,2026-09-15T18:00:00.000+08:00,ACL,Kashima Antlers,Newcastle Jets,7,1,H,True,2026-09-16T06:56:39+08:00
FB4741,50075298,2026-09-15T18:30:00.000+08:00,AMF,Qatar AM,Korea Republic AM,1,4,A,True,2026-09-16T06:56:39+08:00
FB5204,50075772,2026-09-15T20:15:00.000+08:00,ACL,FC Beijing,Pohang Steelers,3,1,H,True,2026-09-16T06:56:39+08:00
FB5207,50075775,2026-09-15T20:15:00.000+08:00,ACL,Johor DT,Buriram Utd,1,1,D,True,2026-09-16T06:56:39+08:00
FB5202,50075770,2026-09-15T21:45:00.000+08:00,AC2,FK Arkadag,Al Muharraq,1,0,H,True,2026-09-16T06:56:39+08:00
FB5218,50075862,2026-09-15T21:45:00.000+08:00,AC2,Gol Gohar,Al Jazira,0,0,D,True,2026-09-16T06:56:39+08:00
FB5201,50075769,2026-09-16T00:00:00.000+08:00,IFC,Genoa,Sudtirol,1,0,H,True,2026-09-16T06:56:39+08:00
FB5213,50075789,2026-09-16T00:00:00.000+08:00,ACL,Al Ain,Al Nassr,4,0,H,True,2026-09-16T06:56:39+08:00
FB5172,50075153,2026-09-16T01:00:00.000+08:00,SFL,Vallecano,Espanyol,2,1,H,True,2026-09-16T06:56:39+08:00
FB5192,50075483,2026-09-16T01:00:00.000+08:00,SU1,Grasshoppers,Sion,2,5,A,True,2026-09-16T06:56:39+08:00
FB5170,50074950,2026-09-16T02:00:00.000+08:00,DFL,Ajax,Willem II,5,1,H,True,2026-09-16T06:56:39+08:00
FB5173,50075154,2026-09-16T02:00:00.000+08:00,SFL,Alaves,Valencia,0,1,A,True,2026-09-16T06:56:39+08:00
FB5208,50075776,2026-09-16T02:15:00.000+08:00,ACL,Al Hilal,Al Gharafa,2,1,H,True,2026-09-16T06:56:39+08:00
FB5187,50075294,2026-09-16T02:30:00.000+08:00,ELC,Peterborough,Barnsley,3,3,D,True,2026-09-16T06:56:39+08:00
FB5184,50075291,2026-09-16T02:45:00.000+08:00,ELC,West Ham,Fulham,2,3,A,True,2026-09-16T06:56:39+08:00
FB5193,50075490,2026-09-16T02:45:00.000+08:00,SPL,Hibernian,Kilmarnock,0,1,A,True,2026-09-16T06:56:39+08:00
FB5194,50075493,2026-09-16T02:45:00.000+08:00,SPL,Motherwell,Aberdeen,0,4,A,True,2026-09-16T06:56:39+08:00
FB5195,50075511,2026-09-16T02:45:00.000+08:00,SPL,Falkirk,Hearts,2,1,H,True,2026-09-16T06:56:39+08:00
FB5209,50075777,2026-09-16T02:45:00.000+08:00,ED1,Bristol City,Lincoln City,0,1,A,True,2026-09-16T06:56:39+08:00
FB5210,50075778,2026-09-16T02:45:00.000+08:00,ED1,Middlesbrough,Millwall,2,2,D,True,2026-09-16T06:56:39+08:00
FB5181,50075287,2026-09-16T03:00:00.000+08:00,ELC,Liverpool,Tottenham,3,1,H,True,2026-09-16T06:56:39+08:00
FB5182,50075288,2026-09-16T03:00:00.000+08:00,ELC,Ipswich,Arsenal,2,4,A,True,2026-09-16T06:56:39+08:00
FB5185,50075292,2026-09-16T03:00:00.000+08:00,ELC,Reading,Brentford,1,2,A,True,2026-09-16T06:56:39+08:00
FB5200,50075768,2026-09-16T03:00:00.000+08:00,IFC,Fiorentina,Pisa SC,3,0,H,True,2026-09-16T06:56:39+08:00
FB5174,50075155,2026-09-16T03:30:00.000+08:00,SFL,CF Elche,Real Madrid,2,3,A,True,2026-09-16T06:56:39+08:00
FB5151,50075231,2026-09-16T06:00:00.000+08:00,SAC,Vasco da Gama,Independiente Santa Fe,2,0,H,True,2026-09-16T09:31:23+08:00
FB5157,50075766,2026-09-16T06:00:00.000+08:00,LBC,CA Platense,Fluminense,2,1,H,True,2026-09-16T09:31:23+08:00
FB5148,50075765,2026-09-16T06:28:00.000+08:00,BD2,Nautico Recife,Operario Ferroviario,3,3,D,True,2026-09-16T09:31:23+08:00
FB5229,50075767,2026-09-16T07:00:00.000+08:00,USL,Indy Eleven,Brooklyn FC,4,0,H,True,2026-09-16T09:31:23+08:00
FB5149,50075871,2026-09-16T07:58:00.000+08:00,BD2,CRB,Sport Recife,2,1,H,True,2026-09-20T15:09:26+08:00
FB5150,50075230,2026-09-16T08:30:00.000+08:00,SAC,Sao Paulo,Boca Juniors,1,1,D,True,2026-09-20T15:09:26+08:00
FB5217,50075856,2026-09-16T08:30:00.000+08:00,BD1W,Bahia Women,Corinthians Women,0,1,A,True,2026-09-20T15:09:26+08:00
FB5199,50075760,2026-09-16T09:00:00.000+08:00,MXL,Puebla,Toluca,0,1,A,True,2026-09-20T15:09:26+08:00
FB5215,50075844,2026-09-16T09:00:00.000+08:00,MD1,Dorados,Cancun FC,1,1,D,True,2026-09-20T15:09:26+08:00
FB4742,50075300,2026-09-16T13:00:00.000+08:00,AMF,United Arab Emirates AM,Iran AM,1,3,A,True,2026-09-20T15:09:26+08:00
FB4743,50075301,2026-09-16T15:00:00.000+08:00,AMF,Thailand AM,Kyrgyzstan AM,3,2,H,True,2026-09-20T15:09:26+08:00
FB4744,50075302,2026-09-16T18:00:00.000+08:00,AMF,China AM,Korea DPR AM,2,1,H,True,2026-09-20T15:09:26+08:00
FB5216,50075845,2026-09-16T18:00:00.000+08:00,ACL,Jeonbuk Motors,Kashiwa Reysol,2,1,H,True,2026-09-20T15:09:26+08:00
FB5251,50075850,2026-09-16T18:00:00.000+08:00,AC2,FC Seoul,Persib Bandung,0,1,A,True,2026-09-20T15:09:26+08:00
FB5214,50075810,2026-09-16T20:15:00.000+08:00,ACL,Port FC,Vissel Kobe,1,2,A,True,2026-09-20T15:09:26+08:00
FB5230,50075848,2026-09-16T20:15:00.000+08:00,AC2,Viettel FC,Melbourne Victory,1,1,D,True,2026-09-20T15:09:26+08:00
FB5145,50076030,2026-09-16T21:00:00.000+08:00,UWW,Argentina Women U20,Korea Republic Women U20,0,1,A,True,2026-09-20T15:09:26+08:00
FB5146,50076029,2026-09-16T21:00:00.000+08:00,UWW,Brazil Women U20,USA Women U20,1,1,D,True,2026-09-20T15:09:26+08:00
FB5196,50075585,2026-09-16T23:30:00.000+08:00,RPL,Spartak Moscow,Fakel Voronezh,1,0,H,True,2026-09-20T15:09:26+08:00
FB5198,50075587,2026-09-16T23:30:00.000+08:00,RPL,Rodina Moscow,Rubin Kazan,1,1,D,True,2026-09-20T15:09:26+08:00
FB5249,50075847,2026-09-17T00:00:00.000+08:00,AC2,Al Wahda,Kuwait SC,3,2,H,True,2026-09-20T15:09:26+08:00
FB5250,50075849,2026-09-17T00:00:00.000+08:00,AC2,Al Khaldiya,Nasaf Qarshi,0,0,D,True,2026-09-20T15:09:26+08:00
FB5161,50076060,2026-09-17T00:30:00.000+08:00,UWW,Italy Women U20,China Women U20,1,1,D,True,2026-09-20T15:09:26+08:00
FB5162,50076059,2026-09-17T00:30:00.000+08:00,UWW,Spain Women U20,Portugal Women U20,2,0,H,True,2026-09-20T15:09:26+08:00
FB5164,50074917,2026-09-17T00:45:00.000+08:00,UEC,Ararat-Armenia,Sparta Prague,1,4,A,True,2026-09-20T15:09:26+08:00
FB5169,50074931,2026-09-17T00:45:00.000+08:00,UEC,Omonia Nicosia,Celta Vigo,1,0,H,True,2026-09-20T15:09:26+08:00
FB5175,50075233,2026-09-17T01:00:00.000+08:00,SAL,AIK Solna,Mjallby,1,1,D,True,2026-09-20T15:09:26+08:00
FB5176,50075234,2026-09-17T01:00:00.000+08:00,SFL,Deportivo,Sevilla,0,1,A,True,2026-09-20T15:09:26+08:00
FB5177,50075235,2026-09-17T01:00:00.000+08:00,SFL,Atletico Madrid,Osasuna,4,0,H,True,2026-09-20T15:09:26+08:00
FB5244,50075482,2026-09-17T01:00:00.000+08:00,SU1,Thun,Servette,2,4,A,True,2026-09-20T15:09:26+08:00
FB5245,50075484,2026-09-17T01:00:00.000+08:00,SU1,Lugano,St. Gallen,4,1,H,True,2026-09-20T15:09:26+08:00
FB5197,50075586,2026-09-17T01:45:00.000+08:00,RPL,Lokomotiv Moscow,Krylya Sovetov Samara,1,1,D,True,2026-09-20T15:09:26+08:00
FB5221,50075875,2026-09-17T01:45:00.000+08:00,RPL,Baltika Kaliningrad,Zenit St. Petersburg,2,3,A,True,2026-09-20T15:09:26+08:00
FB5227,50076026,2026-09-17T01:57:00.000+08:00,UDC,CA Progresso,Montevideo Nacional,0,1,A,True,2026-09-20T15:09:26+08:00
FB5246,50075840,2026-09-17T02:15:00.000+08:00,AC2,Al Shorta SC,Al Seeb,1,0,H,True,2026-09-20T15:09:26+08:00
FB5247,50075841,2026-09-17T02:15:00.000+08:00,AC2,Al Rayyan,Al Faisaly Amman,4,3,H,True,2026-09-20T15:09:26+08:00
FB5186,50075293,2026-09-17T02:45:00.000+08:00,ELC,Fleetwood,Sheff Utd,1,0,H,True,2026-09-20T15:09:26+08:00
FB5191,50075438,2026-09-17T02:45:00.000+08:00,ELC,Everton,Wolves,1,0,H,True,2026-09-20T15:09:26+08:00
FB5165,50074918,2026-09-17T03:00:00.000+08:00,UEC,Anderlecht,Lyon,1,2,A,True,2026-09-20T15:09:26+08:00
FB5166,50074919,2026-09-17T03:00:00.000+08:00,UEC,Leverkusen,NK Celje,2,0,H,True,2026-09-20T15:09:26+08:00
FB5167,50074922,2026-09-17T03:00:00.000+08:00,UEC,Olympiakos,Jagiellonia Bialystok,2,1,H,True,2026-09-20T15:09:26+08:00
FB5168,50074925,2026-09-17T03:00:00.000+08:00,UEC,AC Milan,Benfica,0,2,A,True,2026-09-20T15:09:26+08:00
FB5171,50075117,2026-09-17T03:00:00.000+08:00,UEC,Sunderland,AZ Alkmaar,1,0,H,True,2026-09-20T15:09:26+08:00
FB5183,50075289,2026-09-17T03:00:00.000+08:00,ELC,Coventry,Aston Villa,1,3,A,True,2026-09-20T15:09:26+08:00
FB5188,50075295,2026-09-17T03:00:00.000+08:00,ELC,Manchester Utd,Brighton,2,3,A,True,2026-09-20T15:09:26+08:00
FB5219,50075868,2026-09-17T03:00:00.000+08:00,UEC,Hapoel Beer Sheva,Dinamo Zagreb,0,0,D,True,2026-09-20T15:09:26+08:00
FB5220,50075869,2026-09-17T03:00:00.000+08:00,UEC,Sturm Graz,Rennes,0,0,D,True,2026-09-20T15:09:26+08:00
FB5178,50075244,2026-09-17T03:30:00.000+08:00,SFL,Barcelona,Santander,7,2,H,True,2026-09-20T15:09:26+08:00
FB5156,50075704,2026-09-17T05:58:00.000+08:00,AGC,Independiente Rivadavia,Atletico Tucuman,1,1,D,True,2026-09-20T15:09:26+08:00
FB5152,50075247,2026-09-17T06:00:00.000+08:00,SAC,Atletico Mineiro,Santos,4,2,H,True,2026-09-20T15:09:26+08:00
FB5155,50075374,2026-09-17T06:00:00.000+08:00,LBC,LDU Quito,Palmeiras,3,2,H,True,2026-09-20T15:09:26+08:00
FB5248,50075843,2026-09-17T06:00:00.000+08:00,USL,Hartford Athletic,Sporting Club Jacksonville,2,0,H,True,2026-09-20T15:09:26+08:00
FB5180,50075263,2026-09-17T06:30:00.000+08:00,BD1,Botafogo,Gremio,3,2,H,True,2026-09-20T15:09:26+08:00
FB5257,50075873,2026-09-17T07:00:00.000+08:00,CUP,CF Montreal,Vancouver Whitecaps,2,1,H,True,2026-09-20T15:09:26+08:00
FB5258,50075842,2026-09-17T07:00:00.000+08:00,MLC,Columbus Crew,Orlando City,2,1,H,True,2026-09-20T15:09:26+08:00
FB5256,50075872,2026-09-17T08:00:00.000+08:00,CUP,Inter Miami CF,Cruz Azul,2,0,H,True,2026-09-20T15:09:26+08:00
FB5153,50075262,2026-09-17T08:30:00.000+08:00,LBC,Corinthians,Estudiantes,0,1,A,True,2026-09-20T15:09:26+08:00
FB5254,50075905,2026-09-17T08:30:00.000+08:00,USL,Birmingham Legion,New Mexico Utd,4,4,D,True,2026-09-20T15:09:26+08:00
FB5259,50075870,2026-09-17T09:30:00.000+08:00,MLC,Colorado Rapids,St. Louis City SC,0,3,A,True,2026-09-20T15:09:26+08:00
FB5266,50075904,2026-09-17T09:30:00.000+08:00,MLSW,Denver Summit Women,Bay FC Women,2,2,D,True,2026-09-20T15:09:26+08:00
FB5267,50075906,2026-09-17T10:00:00.000+08:00,MLSW,Angel City Women,Seattle Reign Women,3,1,H,True,2026-09-20T15:09:26+08:00
FB5242,50075378,2026-09-17T13:00:00.000+08:00,AWF,Uzbekistan Women,China Women,1,1,D,True,2026-09-20T15:09:26+08:00
FB5243,50075380,2026-09-17T15:00:00.000+08:00,AWF,Thailand Women,Chinese Taipei Women,0,1,A,True,2026-09-20T15:09:26+08:00
FB5271,50075377,2026-09-17T15:00:00.000+08:00,AWF,Bangladesh Women,Korea Republic Women,0,6,A,True,2026-09-20T15:09:26+08:00
FB5264,50075864,2026-09-17T18:00:00.000+08:00,AC2,Lion City Sailors,BG Pathum Utd,1,1,D,True,2026-09-20T15:09:26+08:00
FB5255,50075564,2026-09-17T18:30:00.000+08:00,AWF,Japan Women,Vietnam Women,8,0,H,True,2026-09-20T15:09:26+08:00
FB5265,50075866,2026-09-17T20:15:00.000+08:00,AC2,FC Shanghai,Tampines Rovers,2,1,H,True,2026-09-20T15:09:26+08:00
FB5147,50076031,2026-09-17T21:00:00.000+08:00,UWW,France Women U20,Canada Women U20,1,3,A,True,2026-09-20T15:09:26+08:00
FB5163,50076058,2026-09-17T21:00:00.000+08:00,UWW,England Women U20,Nigeria Women U20,0,3,A,True,2026-09-20T15:09:26+08:00
FB5224,50075876,2026-09-17T21:15:00.000+08:00,RPL,FC Orenburg,FK Krasnodar,0,0,D,True,2026-09-20T15:09:26+08:00
FB5223,50075703,2026-09-17T23:30:00.000+08:00,RPL,Akron Tolyatti,Akhmat Grozny,2,0,H,True,2026-09-20T15:09:26+08:00
FB5225,50075877,2026-09-17T23:30:00.000+08:00,RPL,Rostov,Dinamo Moscow,0,3,A,True,2026-09-20T15:09:26+08:00
FB5159,50076057,2026-09-18T00:30:00.000+08:00,UWW,Poland Women U20,Colombia Women U20,0,1,A,True,2026-09-20T15:09:26+08:00
FB5160,50076089,2026-09-18T00:30:00.000+08:00,UWW,Korea DPR Women U20,Japan Women U20,2,0,H,True,2026-09-20T15:09:26+08:00
FB5234,50074924,2026-09-18T00:45:00.000+08:00,UEC,Levski Sofia,Salzburg,0,1,A,True,2026-09-20T15:09:26+08:00
FB5252,50075861,2026-09-18T00:45:00.000+08:00,UEC,OFI Crete,Hoffenheim,2,0,H,True,2026-09-20T15:09:26+08:00
FB5240,50075330,2026-09-18T01:00:00.000+08:00,SFL,Betis,Getafe,1,0,H,True,2026-09-20T15:09:26+08:00
FB5226,50075878,2026-09-18T01:45:00.000+08:00,RPL,Dynamo Makhachkala,CSKA Moscow,1,3,A,True,2026-09-20T15:09:26+08:00
FB5228,50076027,2026-09-18T02:27:00.000+08:00,UDC,Juventud Las Piedras,Racing Club Montevideo,3,0,H,True,2026-09-20T15:09:26+08:00
FB5239,50075290,2026-09-18T02:30:00.000+08:00,ELC,Manchester City,Norwich,5,0,H,True,2026-09-20T15:09:26+08:00
FB5231,50074920,2026-09-18T03:00:00.000+08:00,UEC,Besiktas,Marseille,4,1,H,True,2026-09-20T15:09:26+08:00
FB5232,50074921,2026-09-18T03:00:00.000+08:00,UEC,Viktoria Plzen,Union Saint Gilloise,0,3,A,True,2026-09-20T15:09:26+08:00
FB5233,50074923,2026-09-18T03:00:00.000+08:00,UEC,Real Sociedad,Bournemouth,1,2,A,True,2026-09-20T15:09:26+08:00
FB5235,50074926,2026-09-18T03:00:00.000+08:00,UEC,Crystal Palace,Lech Poznan,4,0,H,True,2026-09-20T15:09:26+08:00
FB5236,50074942,2026-09-18T03:00:00.000+08:00,UEC,Celtic,Ferencvaros,1,3,A,True,2026-09-20T15:09:26+08:00
FB5237,50075115,2026-09-18T03:00:00.000+08:00,UEC,Juventus,NEC Nijmegen,5,0,H,True,2026-09-20T15:09:26+08:00
FB5238,50075116,2026-09-18T03:00:00.000+08:00,UEC,Lillestrom,Torreense,1,2,A,True,2026-09-20T15:09:26+08:00
FB5431,50075903,2026-09-18T03:00:00.000+08:00,ED2,AFC Wimbledon,Milton Keynes Dons,0,0,D,True,2026-09-20T15:09:26+08:00
FB5241,50075345,2026-09-18T03:30:00.000+08:00,SFL,Malaga,Villarreal,1,3,A,True,2026-09-20T15:09:26+08:00
FB5154,50075353,2026-09-18T08:30:00.000+08:00,LBC,Flamengo,Independiente del Valle,1,1,D,True,2026-09-20T15:09:26+08:00
FB5158,50075867,2026-09-18T08:30:00.000+08:00,SAC,Montevideo City Torque,Cienciano,3,0,H,True,2026-09-20T15:09:26+08:00
FB5253,50075874,2026-09-18T09:00:00.000+08:00,MD1,Alacranes de Durango,Cruz Azul Hidalgo,2,0,H,True,2026-09-20T15:09:26+08:00
FB5293,50075691,2026-09-18T12:00:00.000+08:00,JD2,Vanraure Hachinohe,Tegevajaro Miyazaki,0,3,A,True,2026-09-20T15:09:26+08:00
FB5262,50075686,2026-09-18T14:30:00.000+08:00,AMF,Philippines AM,Vietnam AM,0,2,A,True,2026-09-20T15:09:26+08:00
FB5261,50075684,2026-09-18T18:00:00.000+08:00,AMF,Kuwait AM,Uzbekistan AM,0,2,A,True,2026-09-20T15:09:26+08:00
FB5263,50075851,2026-09-18T18:30:00.000+08:00,AMF,Saudi Arabia AM,Qatar AM,2,0,H,True,2026-09-20T15:09:26+08:00
FB5390,50075762,2026-09-18T20:00:00.000+08:00,TL1,Ayutthaya Utd,Uthai Thani,1,2,A,True,2026-09-20T15:09:26+08:00
FB5422,50076156,2026-09-18T21:58:00.000+08:00,APLW,Newell's Old Boys Women,Gimnasia LP Women,0,1,A,True,2026-09-20T15:09:26+08:00
FB5272,50075399,2026-09-18T23:00:00.000+08:00,FVL,SJK Seinajoki,IFK Mariehamn,2,1,H,True,2026-09-20T15:09:26+08:00
FB5273,50075400,2026-09-18T23:00:00.000+08:00,FVL,Lahti,Jaro,1,1,D,True,2026-09-20T15:09:26+08:00
FB5274,50075401,2026-09-19T00:00:00.000+08:00,FVL,AC Oulu,Inter Turku,0,1,A,True,2026-09-20T15:09:26+08:00
FB5275,50075402,2026-09-19T00:00:00.000+08:00,FVL,Gnistan,HJK Helsinki,1,1,D,True,2026-09-20T15:09:26+08:00
FB5276,50075403,2026-09-19T00:30:00.000+08:00,GD2,Wolfsburg,Darmstadt,5,1,H,True,2026-09-20T15:09:26+08:00
FB5302,50075920,2026-09-19T00:30:00.000+08:00,GD2,Greuther Furth,Magdeburg,1,1,D,True,2026-09-20T15:09:26+08:00
FB5294,50075798,2026-09-19T01:00:00.000+08:00,NTL,Sarpsborg,KFUM Oslo,1,3,A,True,2026-09-20T15:09:26+08:00
FB5405,50075825,2026-09-19T01:00:00.000+08:00,DK1,Lyngby,Silkeborg IF,0,4,A,True,2026-09-20T15:09:26+08:00
FB5277,50075407,2026-09-19T01:30:00.000+08:00,AT1,Rapid Vienna,Tirol,3,0,H,True,2026-09-20T15:09:26+08:00
FB5278,50075409,2026-09-19T02:00:00.000+08:00,DF2,Jong Ajax,Roda,0,0,D,True,2026-09-20T15:09:26+08:00
FB5279,50075410,2026-09-19T02:00:00.000+08:00,DF2,Jong Utrecht,Venlo,1,3,A,True,2026-09-20T15:09:26+08:00
FB5280,50075411,2026-09-19T02:00:00.000+08:00,DF2,RKC Waalwijk,Maastricht,6,1,H,True,2026-09-20T15:09:26+08:00
FB5281,50075413,2026-09-19T02:00:00.000+08:00,DF2,Den Bosch,Helmond,2,1,H,True,2026-09-20T15:09:26+08:00
FB5282,50075414,2026-09-19T02:00:00.000+08:00,DFL,Groningen,Zwolle,3,0,H,True,2026-09-20T15:09:26+08:00
FB5283,50075415,2026-09-19T02:00:00.000+08:00,DF2,Oss,Dordrecht,3,0,H,True,2026-09-20T15:09:26+08:00
FB5284,50075416,2026-09-19T02:00:00.000+08:00,DF2,Almere City,Heracles,1,0,H,True,2026-09-20T15:09:26+08:00
FB5295,50075827,2026-09-19T02:00:00.000+08:00,FF2,Annecy FC,Dijon,1,2,A,True,2026-09-20T15:09:26+08:00
FB5297,50075830,2026-09-19T02:00:00.000+08:00,FF2,Rodez,Nancy,3,4,A,True,2026-09-20T15:09:26+08:00
FB5298,50075831,2026-09-19T02:00:00.000+08:00,FF2,Reims,Montpellier,1,1,D,True,2026-09-20T15:09:26+08:00
FB5299,50075838,2026-09-19T02:00:00.000+08:00,FF2,Grenoble Foot,Clermont,1,1,D,True,2026-09-20T15:09:26+08:00
FB5285,50075417,2026-09-19T02:30:00.000+08:00,GSL,Bayern Munich,Union Berlin,7,0,H,True,2026-09-20T15:09:26+08:00
FB5286,50075418,2026-09-19T02:30:00.000+08:00,SF2,Albacete,Cordoba,1,2,A,True,2026-09-20T15:09:26+08:00
FB5287,50075419,2026-09-19T02:45:00.000+08:00,BFL,AA Gent,Standard,2,1,H,True,2026-09-20T15:09:26+08:00
FB5290,50075629,2026-09-19T02:45:00.000+08:00,ISA,Monza,Sassuolo,2,1,H,True,2026-09-20T15:09:26+08:00
FB5296,50075828,2026-09-19T02:45:00.000+08:00,FFL,Monaco,Lens,2,1,H,True,2026-09-20T15:09:26+08:00
FB5260,50075505,2026-09-19T03:00:00.000+08:00,EPL,Brentford,Chelsea,3,0,H,True,2026-09-20T15:09:26+08:00
FB5288,50075420,2026-09-19T03:00:00.000+08:00,SFL,Espanyol,CF Elche,1,3,A,True,2026-09-20T15:09:26+08:00
FB5304,50075934,2026-09-19T03:00:00.000+08:00,ED1,Bristol City,Watford,1,0,H,True,2026-09-20T15:09:26+08:00
FB5291,50075643,2026-09-19T04:58:00.000+08:00,APL,CA Central Cordoba,Defensa y Justicia,2,2,D,True,2026-09-20T15:09:26+08:00
FB5301,50075912,2026-09-19T06:28:00.000+08:00,BD2,Vila Nova,America Mineiro,1,0,H,True,2026-09-20T15:09:26+08:00
FB5300,50075911,2026-09-19T07:28:00.000+08:00,BD2,Ceara,Novorizontino,2,1,H,True,2026-09-20T15:09:26+08:00
FB5268,50063181,2026-09-19T07:30:00.000+08:00,MLS,New York City,New York Red Bulls,0,1,A,True,2026-09-20T15:09:26+08:00
FB5303,50075933,2026-09-19T07:58:00.000+08:00,BD2,Sao Bernardo,Atletico Goianiense,1,0,H,True,2026-09-20T15:09:26+08:00
FB5292,50075652,2026-09-19T08:13:00.000+08:00,APL,Racing Club,Sarmiento,3,1,H,True,2026-09-20T15:09:26+08:00
FB5270,50071219,2026-09-19T09:00:00.000+08:00,MXL,Puebla,Atlante,1,1,D,True,2026-09-20T15:09:26+08:00
FB5305,50076002,2026-09-19T09:00:00.000+08:00,MD1,Piratas FC,Venados,2,1,H,True,2026-09-20T15:09:26+08:00
FB5306,50076012,2026-09-19T09:00:00.000+08:00,MD1,Tepatitlan,Mineros Zacatecas,0,1,A,True,2026-09-20T15:09:26+08:00
FB5538,50076001,2026-09-19T10:00:00.000+08:00,MLSW,San Diego Wave Women,Kansas City Current Women,2,0,H,True,2026-09-20T15:09:26+08:00
FB5269,50071157,2026-09-19T11:00:00.000+08:00,MXL,Juarez,Tigres UANL,2,0,H,True,2026-09-20T15:09:26+08:00
FB5310,50075434,2026-09-19T13:00:00.000+08:00,JD2,Hokkaido Consadole Sapporo,Oita Trinita,1,1,D,True,2026-09-20T15:09:26+08:00
FB5411,50076018,2026-09-19T13:30:00.000+08:00,AVC,Oakleigh Cannons,Avondale,0,0,D,True,2026-09-20T15:09:26+08:00
FB5563,50076181,2026-09-19T15:00:00.000+08:00,JLCW,Elfen Saitama Women,Tokyo Verdy Women,0,1,A,True,2026-09-20T15:09:26+08:00
FB5311,50075435,2026-09-19T15:30:00.000+08:00,KD1,Bucheon FC,Gimcheon Sangmu,0,2,A,True,2026-09-20T15:09:26+08:00
FB5312,50075436,2026-09-19T15:30:00.000+08:00,KD2,Jeonnam Dragons,Suwon FC,0,3,A,True,2026-09-20T15:09:26+08:00
FB5313,50075437,2026-09-19T15:30:00.000+08:00,KD2,Chungnam Asan,Cheonan City,3,1,H,True,2026-09-20T15:09:26+08:00
FB5314,50075439,2026-09-19T17:00:00.000+08:00,JD1,Avispa Fukuoka,Sanfrecce Hiroshima,0,1,A,True,2026-09-20T15:09:26+08:00
FB5315,50075440,2026-09-19T17:00:00.000+08:00,JD1,Kawasaki Frontale,Kashima Antlers,3,3,D,True,2026-09-20T15:09:26+08:00
FB5316,50075441,2026-09-19T17:30:00.000+08:00,JD1,V-Varen Nagasaki,Cerezo Osaka,1,1,D,True,2026-09-20T15:09:26+08:00
FB5317,50075442,2026-09-19T17:30:00.000+08:00,JD1,Urawa Reds,Tokyo Verdy,3,1,H,True,2026-09-20T15:09:26+08:00
FB5388,50075693,2026-09-19T17:30:00.000+08:00,JD2,Fujieda MYFC,RB Omiya Ardija,1,1,D,True,2026-09-20T15:09:26+08:00
FB5389,50075694,2026-09-19T17:30:00.000+08:00,JD1,Shimizu S-Pulse,JEF United Chiba,2,1,H,True,2026-09-20T15:09:26+08:00
FB5318,50075443,2026-09-19T18:00:00.000+08:00,KD1,FC Anyang,Ulsan HD,2,1,H,True,2026-09-20T15:09:26+08:00
FB5319,50075444,2026-09-19T18:00:00.000+08:00,KD2,Gimpo FC,Busan I'Park,1,0,H,True,2026-09-20T15:09:26+08:00
FB5320,50075445,2026-09-19T18:00:00.000+08:00,KD2,Seoul E-Land,Daegu FC,2,1,H,True,2026-09-20T15:09:26+08:00
FB5321,50075446,2026-09-19T18:00:00.000+08:00,JD2,Montedio Yamagata,Kataller Toyama,0,2,A,True,2026-09-20T15:09:26+08:00
FB5322,50075447,2026-09-19T18:00:00.000+08:00,JD2,Albirex Niigata,Jubilo Iwata,2,1,H,True,2026-09-20T15:09:26+08:00
FB5323,50075448,2026-09-19T18:00:00.000+08:00,JD2,Sagan Tosu,Iwaki FC,1,3,A,True,2026-09-20T15:09:26+08:00
FB5324,50075449,2026-09-19T18:00:00.000+08:00,JD2,Shonan Bellmare,Blaublitz Akita,1,1,D,True,2026-09-20T15:09:26+08:00
FB5325,50075450,2026-09-19T18:00:00.000+08:00,JD2,FC Yokohama,FC Imabari,2,1,H,True,2026-09-20T15:09:26+08:00
FB5326,50075451,2026-09-19T18:00:00.000+08:00,JD1,Fagiano Okayama,Kyoto Sanga,1,2,A,True,2026-09-20T15:09:26+08:00
FB5327,50075452,2026-09-19T18:00:00.000+08:00,JD1,FC Tokyo,Nagoya Grampus,1,0,H,True,2026-09-20T15:09:26+08:00
FB5387,50075692,2026-09-19T18:00:00.000+08:00,JD2,Ventforet Kofu,Tokushima Vortis,0,1,A,True,2026-09-20T15:09:26+08:00
FB5328,50075453,2026-09-19T18:30:00.000+08:00,JD1,Yokohama F.Marinos,Mito Hollyhock,2,0,H,True,2026-09-20T15:09:26+08:00
FB5329,50075455,2026-09-19T19:00:00.000+08:00,GD2,Kaiserslautern,Braunschweig,1,0,H,True,2026-09-20T15:09:26+08:00
FB5330,50075456,2026-09-19T19:00:00.000+08:00,GD2,Holstein Kiel,Osnabruck,1,1,D,True,2026-09-20T15:09:26+08:00
FB5392,50075811,2026-09-19T19:00:00.000+08:00,GD2,Karlsruher,Nurnberg,0,1,A,True,2026-09-20T15:09:26+08:00
FB5409,50075918,2026-09-19T19:00:00.000+08:00,TL1,Rasisalai Utd,Lamphun Warriors,1,1,D,True,2026-09-20T15:09:26+08:00
FB5342,50075508,2026-09-19T19:30:00.000+08:00,EPL,Tottenham,Aston Villa,2,3,A,True,2026-09-20T15:09:26+08:00
FB5408,50075917,2026-09-19T19:30:00.000+08:00,TL1,Pattani,Prachuap,0,3,A,True,2026-09-20T15:09:26+08:00
FB5519,50075909,2026-09-19T19:30:00.000+08:00,ED2,Burton Albion,Mansfield,2,2,D,True,2026-09-20T15:09:26+08:00
FB5520,50075947,2026-09-19T19:30:00.000+08:00,ED2,Barnsley,Leicester,1,1,D,True,2026-09-20T15:09:26+08:00
FB5521,50075950,2026-09-19T19:30:00.000+08:00,ED1,Cardiff,Charlton,3,1,H,True,2026-09-20T15:09:26+08:00
FB5524,50075957,2026-09-19T19:30:00.000+08:00,ED3,Rochdale,Oldham,2,0,H,True,2026-09-20T15:09:26+08:00
FB5525,50075958,2026-09-19T19:30:00.000+08:00,ED3,Walsall,Port Vale,2,0,H,True,2026-09-20T15:09:26+08:00
FB5534,50075980,2026-09-19T19:30:00.000+08:00,ED1,Millwall,West Ham,2,2,D,True,2026-09-20T15:09:26+08:00
FB5535,50075981,2026-09-19T19:30:00.000+08:00,ED1,Stoke,Sheff Utd,2,1,H,True,2026-09-20T15:09:26+08:00
FB5562,50076176,2026-09-19T19:45:00.000+08:00,EPLW,Chelsea Women,Birmingham Women,2,0,H,True,2026-09-20T15:09:26+08:00
FB5331,50075458,2026-09-19T20:00:00.000+08:00,SFL,Osasuna,Vallecano,1,1,D,True,2026-09-20T15:09:26+08:00
FB5429,50075883,2026-09-19T20:00:00.000+08:00,TL1,Chiangrai Utd,Sisaket Utd,0,1,A,True,2026-09-20T15:09:26+08:00
FB5470,50075459,2026-09-19T20:00:00.000+08:00,FVL,TPS Turku,Ilves,0,3,A,True,2026-09-20T15:09:26+08:00
FB5517,50075836,2026-09-19T20:00:00.000+08:00,FF2,Boulogne Sur Mer,Nantes,1,2,A,True,2026-09-20T15:09:26+08:00
FB5518,50075839,2026-09-19T20:00:00.000+08:00,FF2,Guingamp,Red Star,1,3,A,True,2026-09-20T15:09:26+08:00
FB5557,50076117,2026-09-19T20:00:00.000+08:00,SF2,Real Sociedad B,Mallorca,0,1,A,True,2026-09-20T15:09:26+08:00
FB5381,50075637,2026-09-19T21:00:00.000+08:00,ISA,Udinese,Cagliari,0,1,A,True,2026-09-20T15:09:26+08:00
FB5382,50075638,2026-09-19T21:00:00.000+08:00,ISA,Bologna,AC Torino,1,1,D,True,2026-09-20T15:09:26+08:00
FB5424,50076289,2026-09-19T21:00:00.000+08:00,UWW,Korea Republic Women U20,Italy Women U20,1,3,A,True,2026-09-20T15:09:26+08:00
FB5512,50075796,2026-09-19T21:00:00.000+08:00,SAL,Brommapojkarna,Goteborg,0,1,A,True,2026-09-20T15:09:26+08:00
FB5513,50075797,2026-09-19T21:00:00.000+08:00,SAL,Vasteras SK,Malmo,2,0,H,True,2026-09-20T15:09:26+08:00
FB5332,50075460,2026-09-19T21:30:00.000+08:00,GSL,Werder Bremen,Augsburg,3,2,H,True,2026-09-20T15:09:26+08:00
FB5370,50075620,2026-09-19T21:30:00.000+08:00,GSL,Monchengladbach,Mainz,3,4,A,True,2026-09-20T15:09:26+08:00
FB5373,50075625,2026-09-19T21:30:00.000+08:00,GSL,Hamburg,Cologne,2,1,H,True,2026-09-20T15:09:26+08:00
FB5374,50075626,2026-09-19T21:30:00.000+08:00,GSL,Frankfurt,Freiburg,2,2,D,True,2026-09-20T15:09:26+08:00
FB5542,50076035,2026-09-19T21:30:00.000+08:00,ULP,Hatta Club,Shabab Al Ahli,2,2,D,True,2026-09-20T15:09:26+08:00
FB5544,50076037,2026-09-19T21:30:00.000+08:00,ULP,Kalba FC,Khor Fakkan,2,1,H,True,2026-09-20T15:09:26+08:00
FB5289,50075513,2026-09-19T22:00:00.000+08:00,EPL,Brighton,Arsenal,3,0,H,True,2026-09-20T15:09:26+08:00
FB5340,50075506,2026-09-19T22:00:00.000+08:00,EPL,Everton,Ipswich,1,0,H,True,2026-09-20T15:09:26+08:00
FB5343,50075514,2026-09-19T22:00:00.000+08:00,EPL,Newcastle,Hull City,2,1,H,True,2026-09-20T15:09:26+08:00
FB5353,50075575,2026-09-19T22:00:00.000+08:00,SPL,Dundee,Motherwell,2,1,H,True,2026-09-20T15:09:26+08:00
FB5356,50075578,2026-09-19T22:00:00.000+08:00,SPL,St. Mirren,Dundee Utd,0,3,A,True,2026-09-20T15:09:26+08:00
FB5357,50075579,2026-09-19T22:00:00.000+08:00,SPL,Hibernian,Aberdeen,1,1,D,True,2026-09-20T15:09:26+08:00
FB5358,50075580,2026-09-19T22:00:00.000+08:00,SPL,St. Johnstone,Falkirk,1,1,D,True,2026-09-20T15:09:26+08:00
FB5412,50076022,2026-09-19T22:00:00.000+08:00,NTL,Kristiansund,Rosenborg,1,3,A,True,2026-09-20T15:09:26+08:00
FB5471,50075461,2026-09-19T22:00:00.000+08:00,BFL,OH Leuven,La Louviere,2,0,H,True,2026-09-20T15:09:26+08:00
FB5472,50075462,2026-09-19T22:00:00.000+08:00,FVL,VPS Vaasa,KuPS,0,2,A,True,2026-09-20T15:09:26+08:00
FB5522,50075954,2026-09-19T22:00:00.000+08:00,ED2,Blackpool,Plymouth,2,4,A,True,2026-09-20T15:09:26+08:00
FB5523,50075955,2026-09-19T22:00:00.000+08:00,ED2,Sheff Wednesday,Stockport,0,0,D,True,2026-09-20T15:09:26+08:00
FB5526,50075959,2026-09-19T22:00:00.000+08:00,ED2,Luton,Bradford,0,1,A,True,2026-09-20T15:09:26+08:00
FB5527,50075962,2026-09-19T22:00:00.000+08:00,ED1,Portsmouth,Blackburn,2,2,D,True,2026-09-20T15:09:26+08:00
FB5528,50075963,2026-09-19T22:00:00.000+08:00,ED1,Burnley,Derby,1,1,D,True,2026-09-20T15:09:26+08:00
FB5529,50075964,2026-09-19T22:00:00.000+08:00,ED1,Wrexham,Southampton,2,1,H,True,2026-09-20T15:09:26+08:00
FB5530,50075965,2026-09-19T22:00:00.000+08:00,ED1,QPR,Preston,2,2,D,True,2026-09-20T15:09:26+08:00
FB5531,50075977,2026-09-19T22:00:00.000+08:00,ED1,Lincoln City,Swansea,1,2,A,True,2026-09-20T15:09:26+08:00
FB5532,50075978,2026-09-19T22:00:00.000+08:00,ED2,Oxford Utd,Cambridge Utd,1,1,D,True,2026-09-20T15:09:26+08:00
FB5533,50075979,2026-09-19T22:00:00.000+08:00,ED1,Birmingham,Middlesbrough,2,2,D,True,2026-09-20T15:09:26+08:00
FB5333,50075465,2026-09-19T22:15:00.000+08:00,SFL,Bilbao,Alaves,0,0,D,True,2026-09-20T15:09:26+08:00
FB5473,50075464,2026-09-19T22:15:00.000+08:00,SF2,FC Andorra,Gijon,1,3,A,True,2026-09-20T15:09:26+08:00
FB5334,50075471,2026-09-19T22:30:00.000+08:00,DFL,Den Haag,Cambuur,1,1,D,True,2026-09-20T15:09:26+08:00
FB5335,50075472,2026-09-19T22:30:00.000+08:00,DF2,Vitesse,Jong PSV Eindhoven,3,1,H,True,2026-09-20T15:09:26+08:00
FB5393,50075812,2026-09-19T22:30:00.000+08:00,PFL,Gil Vicente,Maritimo,1,1,D,True,2026-09-20T15:09:26+08:00
FB5394,50075813,2026-09-19T22:30:00.000+08:00,PFL,Nacional,Famalicao,0,4,A,True,2026-09-20T15:09:26+08:00
FB5308,50076213,2026-09-19T22:57:00.000+08:00,UD1,Boston River,CA Progresso,1,2,A,True,2026-09-20T15:09:26+08:00
FB5474,50075478,2026-09-19T23:00:00.000+08:00,AT1,Austria Lustenau,Rheindorf Altach,2,0,H,True,2026-09-20T15:09:26+08:00
FB5410,50075930,2026-09-19T23:15:00.000+08:00,FFL,Paris FC,Strasbourg,2,1,H,True,2026-09-20T15:09:26+08:00
FB5540,50076020,2026-09-19T23:30:00.000+08:00,SAL,Orgryte,Sirius,1,2,A,True,2026-09-20T15:09:26+08:00
FB5378,50075634,2026-09-20T00:00:00.000+08:00,ISA,Roma,Inter Milan,2,2,D,True,2026-09-20T15:09:26+08:00
FB5403,50075823,2026-09-20T00:00:00.000+08:00,DK1,Odense,Midtjylland,1,1,D,True,2026-09-20T15:09:26+08:00
FB5413,50076023,2026-09-20T00:00:00.000+08:00,NTL,Molde,Aalesund,1,2,A,True,2026-09-20T15:09:26+08:00
FB5475,50075479,2026-09-20T00:00:00.000+08:00,SU1,Young Boys Bern,Servette,3,2,H,True,2026-09-20T15:09:26+08:00
FB5476,50075480,2026-09-20T00:00:00.000+08:00,SU1,Luzern,Grasshoppers,5,1,H,True,2026-09-20T15:09:26+08:00
FB5478,50075519,2026-09-20T00:00:00.000+08:00,SU1,Sion,Zurich,1,1,D,True,2026-09-20T15:09:26+08:00
FB5477,50075485,2026-09-20T00:15:00.000+08:00,BFL,Charleroi,Cercle Bruges,3,2,H,True,2026-09-20T15:09:26+08:00
FB5543,50076036,2026-09-20T00:15:00.000+08:00,ULP,Al Wasl,Al Ain,3,2,H,True,2026-09-20T15:09:26+08:00
FB5558,50076118,2026-09-20T00:15:00.000+08:00,ULP,Ajman Club,Sharjah FC,3,2,H,True,2026-09-20T15:09:26+08:00
FB5336,50075486,2026-09-20T00:30:00.000+08:00,GSL,Stuttgart,Dortmund,0,1,A,True,2026-09-20T15:09:26+08:00
FB5337,50075487,2026-09-20T00:30:00.000+08:00,SFL,Celta Vigo,Santander,5,0,H,True,2026-09-20T15:09:26+08:00
FB5341,50075507,2026-09-20T00:30:00.000+08:00,EPL,Nottingham Forest,Coventry,0,1,A,True,2026-09-20T15:09:26+08:00
FB5425,50076288,2026-09-20T00:30:00.000+08:00,UWW,Brazil Women U20,Spain Women U20,0,1,A,True,2026-09-20T15:09:26+08:00
FB5338,50075491,2026-09-20T00:45:00.000+08:00,DFL,Sparta Rotterdam,Heerenveen,0,4,A,True,2026-09-20T15:09:26+08:00
FB5354,50075576,2026-09-20T00:45:00.000+08:00,SPL,Kilmarnock,Hearts,1,1,D,True,2026-09-20T15:09:26+08:00
FB5395,50075814,2026-09-20T01:00:00.000+08:00,PFL,Alverca,Rio Ave,1,0,H,True,2026-09-20T15:09:26+08:00
FB5499,50075644,2026-09-20T01:28:00.000+08:00,APL,Gimnasia LP,Banfield,2,2,D,True,2026-09-20T15:09:26+08:00
FB5503,50075648,2026-09-20T01:28:00.000+08:00,APL,Gimnasia Mendoza,Deportivo Riestra,0,0,D,True,2026-09-20T15:09:26+08:00
FB5559,50076119,2026-09-20T01:30:00.000+08:00,AT1,Grazer AK,Austria Vienna,2,2,D,True,2026-09-20T15:09:26+08:00
FB5344,50075518,2026-09-20T02:00:00.000+08:00,DFL,Ajax,Excelsior,2,2,D,True,2026-09-20T15:09:26+08:00
FB5564,50075837,2026-09-20T02:00:00.000+08:00,FF2,Metz,St. Etienne,2,2,D,True,2026-09-20T15:09:26+08:00
FB5345,50075520,2026-09-20T02:30:00.000+08:00,GD2,Dresden,Hertha Berlin,1,2,A,True,2026-09-20T15:09:26+08:00
FB5363,50075601,2026-09-20T02:45:00.000+08:00,FFL,Le Mans,Lorient,2,1,H,True,2026-09-20T15:09:26+08:00
FB5364,50075602,2026-09-20T02:45:00.000+08:00,FFL,Lyon,Rennes,4,0,H,True,2026-09-20T15:09:26+08:00
FB5365,50075603,2026-09-20T02:45:00.000+08:00,FFL,Toulouse,Le Havre,3,2,H,True,2026-09-20T15:09:26+08:00
FB5367,50075606,2026-09-20T02:45:00.000+08:00,FFL,Angers SCO,Troyes,2,0,H,True,2026-09-20T15:09:26+08:00
FB5375,50075630,2026-09-20T02:45:00.000+08:00,ISA,Venezia,Lazio,0,2,A,True,2026-09-20T15:09:26+08:00
FB5479,50075521,2026-09-20T02:45:00.000+08:00,BFL,Anderlecht,Zulte Waregem,3,0,H,True,2026-09-20T15:09:26+08:00
FB5480,50075522,2026-09-20T02:45:00.000+08:00,BFL,Lommel SK,KV Mechelen,0,0,D,True,2026-09-20T15:09:26+08:00
FB5346,50075523,2026-09-20T03:00:00.000+08:00,DFL,Willem II,Fortuna Sittard,0,1,A,True,2026-09-20T15:09:26+08:00
FB5347,50075524,2026-09-20T03:00:00.000+08:00,SFL,Sevilla,Barcelona,1,3,A,True,2026-09-20T15:09:26+08:00
FB5434,50075123,2026-09-20T03:00:00.000+08:00,BD1,Atletico Mineiro,Chapecoense,1,1,D,True,2026-09-20T15:09:26+08:00
FB5398,50075817,2026-09-20T03:30:00.000+08:00,PFL,Sporting,Arouca,2,2,D,True,2026-09-20T15:09:26+08:00
FB5506,50075651,2026-09-20T03:43:00.000+08:00,APL,Union Santa Fe,Independiente,1,2,A,True,2026-09-20T15:09:26+08:00
FB5435,50075124,2026-09-20T04:00:00.000+08:00,BD1,Mirassol,Botafogo,2,0,H,True,2026-09-20T15:09:26+08:00
FB5309,50076214,2026-09-20T05:27:00.000+08:00,UD1,Deportivo Maldonado,Cerro Largo,2,0,H,True,2026-09-20T15:09:26+08:00
FB5441,50075698,2026-09-20T05:30:00.000+08:00,BD1,Clube do Remo,Santos,1,2,A,True,2026-09-20T15:09:26+08:00
FB5539,50076005,2026-09-20T05:58:00.000+08:00,APL,River Plate,Huracan,1,2,A,True,2026-09-20T15:09:26+08:00
FB5574,50076010,2026-09-20T06:30:00.000+08:00,MLSW,North Carolina Courage Women,NJNY Gotham Women,1,2,A,True,2026-09-20T15:09:26+08:00
FB5463,50071155,2026-09-20T07:00:00.000+08:00,MXL,Atlas,Pumas UNAM,1,1,D,True,2026-09-20T15:09:26+08:00
FB5464,50071156,2026-09-20T07:00:00.000+08:00,MXL,Atletico San Luis,Necaxa,3,1,H,True,2026-09-20T15:09:26+08:00
FB5560,50076121,2026-09-20T07:00:00.000+08:00,USL,Louisville City,Loudoun Utd,2,1,H,True,2026-09-20T15:09:26+08:00
FB5433,50075121,2026-09-20T07:30:00.000+08:00,BD1,Vasco da Gama,Coritiba,5,0,H,True,2026-09-20T15:09:26+08:00
FB5445,50062821,2026-09-20T07:30:00.000+08:00,MLS,CF Montreal,Columbus Crew,0,2,A,True,2026-09-20T15:09:26+08:00
FB5448,50062927,2026-09-20T07:30:00.000+08:00,MLS,New England Revolution,Orlando City,4,2,H,True,2026-09-20T15:09:26+08:00
FB5453,50063141,2026-09-20T07:30:00.000+08:00,MLS,San Jose Earthquakes,Los Angeles FC,2,2,D,True,2026-09-20T15:09:26+08:00
FB5456,50063185,2026-09-20T07:30:00.000+08:00,MLS,DC United,Charlotte FC,1,2,A,True,2026-09-20T15:09:26+08:00
FB5436,50075128,2026-09-20T08:00:00.000+08:00,BD1,Sao Paulo,Internacional,1,0,H,True,2026-09-20T15:09:26+08:00
FB5504,50075649,2026-09-20T08:13:00.000+08:00,APL,Instituto de Cordoba,Talleres,3,1,H,True,2026-09-20T15:09:26+08:00
FB5444,50062808,2026-09-20T08:30:00.000+08:00,MLS,Sporting Kansas City,Philadelphia Union,3,4,A,True,2026-09-20T15:09:26+08:00
FB5449,50062974,2026-09-20T08:30:00.000+08:00,MLS,FC Dallas,Austin FC,0,0,D,True,2026-09-20T15:09:26+08:00
FB5450,50063057,2026-09-20T08:30:00.000+08:00,MLS,St. Louis City SC,Toronto FC,3,1,H,True,2026-09-20T15:09:26+08:00
FB5452,50063122,2026-09-20T08:30:00.000+08:00,MLS,Houston Dynamo,FC Cincinnati,2,2,D,True,2026-09-20T15:09:26+08:00
FB5455,50063169,2026-09-20T08:30:00.000+08:00,MLS,Minnesota Utd,LA Galaxy,2,3,A,True,2026-09-20T15:09:26+08:00
FB5552,50076074,2026-09-20T09:00:00.000+08:00,MD1,Cancun FC,Oaxaca,3,0,H,True,2026-09-20T15:09:26+08:00
FB5553,50076075,2026-09-20T09:00:00.000+08:00,MD1,Jaiba Brava,Dorados,1,1,D,True,2026-09-20T15:09:26+08:00
FB5462,50071154,2026-09-20T09:10:00.000+08:00,MXL,Monterrey,Cruz Azul,1,0,H,True,2026-09-20T15:09:26+08:00
FB5447,50062880,2026-09-20T09:30:00.000+08:00,MLS,Nashville SC,Chicago Fire,3,0,H,True,2026-09-20T15:09:26+08:00
FB5451,50063084,2026-09-20T09:30:00.000+08:00,MLS,Real Salt Lake,Vancouver Whitecaps,0,3,A,True,2026-09-20T15:09:26+08:00
FB5541,50076028,2026-09-20T10:00:00.000+08:00,USL,Phoenix Rising,El Paso Locomotive,1,3,A,True,2026-09-20T15:09:26+08:00
FB5446,50062859,2026-09-20T10:30:00.000+08:00,MLS,Portland Timbers,Atlanta Utd,0,1,A,True,2026-09-20T15:09:26+08:00
FB5454,50063163,2026-09-20T10:30:00.000+08:00,MLS,Colorado Rapids,Seattle Sounders,3,3,D,True,2026-09-20T15:09:26+08:00
FB5556,50076088,2026-09-20T10:30:00.000+08:00,USL,Las Vegas Lights,Hartford Athletic,1,1,D,True,2026-09-20T15:09:26+08:00
FB5461,50071153,2026-09-20T11:15:00.000+08:00,MXL,CF America,Guadalajara,2,2,D,True,2026-09-20T15:09:26+08:00
FB5385,50075685,2026-09-20T13:00:00.000+08:00,AMF,Iran AM,China AM,0,0,D,True,2026-09-20T15:09:26+08:00
