fetched_at_utc,hkjc_event_id,kickoff_hkt,home_id,away_id,home,away,sofascore_event_id,sofascore_home_id,sofascore_away_id,sofascore_home,sofascore_away,sofascore_tournament,kickoff_delta_seconds,mapping_status,mapping_reason,h2h_games,home_wins,draws,away_wins,home_goals,away_goals,avg_total_goals,last5,meetings_json,source,quality
2026-09-24T15:43:34+00:00,FB5661,2026-09-24T19:35:00+08:00,50000760,50002009,China,Maldives,,,,,,,,SOURCE_UNAVAILABLE,schedule_fetch_failed,0,0,0,0,0,0,,,[],SOFASCORE,SOURCE_UNAVAILABLE
2026-09-24T15:43:34+00:00,FB5691,2026-09-24T21:00:00+08:00,50002207,50000828,Namibia,Congo,,,,,,,,SOURCE_UNAVAILABLE,schedule_fetch_failed,0,0,0,0,0,0,,,[],SOFASCORE,SOURCE_UNAVAILABLE
2026-09-24T15:43:34+00:00,FB5698,2026-09-24T22:00:00+08:00,50003245,50001623,Uzbekistan,Iran,,,,,,,,SOURCE_UNAVAILABLE,schedule_fetch_failed,0,0,0,0,0,0,,,[],SOFASCORE,SOURCE_UNAVAILABLE
2026-09-24T15:43:34+00:00,FB5701,2026-09-24T23:55:00+08:00,50003206,50003395,United Arab Emirates,Yemen,,,,,,,,SOURCE_UNAVAILABLE,schedule_fetch_failed,0,0,0,0,0,0,,,[],SOFASCORE,SOURCE_UNAVAILABLE
2026-09-24T15:43:34+00:00,FB5692,2026-09-25T00:00:00+08:00,50001907,50000506,Libya,Botswana,,,,,,,,SOURCE_UNAVAILABLE,schedule_fetch_failed,0,0,0,0,0,0,,,[],SOFASCORE,SOURCE_UNAVAILABLE
2026-09-24T15:43:34+00:00,FB5693,2026-09-25T00:00:00+08:00,50002063,50000696,Mauritania,Central African Republic,,,,,,,,SOURCE_UNAVAILABLE,schedule_fetch_failed,0,0,0,0,0,0,,,[],SOFASCORE,SOURCE_UNAVAILABLE
2026-09-24T15:43:34+00:00,FB5695,2026-09-25T00:00:00+08:00,50000923,50001110,D R Congo,Equatorial Guinea,,,,,,,,SOURCE_UNAVAILABLE,schedule_fetch_failed,0,0,0,0,0,0,,,[],SOFASCORE,SOURCE_UNAVAILABLE
2026-09-24T15:43:34+00:00,FB5616,2026-09-25T02:00:00+08:00,50000439,50000432,Belgium U21,Belarus U21,,,,,,,,SOURCE_UNAVAILABLE,schedule_fetch_failed,0,0,0,0,0,0,,,[],SOFASCORE,SOURCE_UNAVAILABLE
2026-09-24T15:43:34+00:00,FB5699,2026-09-25T02:00:00+08:00,50002546,50000349,Qatar,Bahrain,,,,,,,,SOURCE_UNAVAILABLE,schedule_fetch_failed,0,0,0,0,0,0,,,[],SOFASCORE,SOURCE_UNAVAILABLE
2026-09-24T15:43:34+00:00,FB5592,2026-09-25T02:45:00+08:00,50001909,50001926,Liechtenstein,Lithuania,,,,,,,,SOURCE_UNAVAILABLE,schedule_fetch_failed,0,0,0,0,0,0,,,[],SOFASCORE,SOURCE_UNAVAILABLE
2026-09-24T15:43:34+00:00,FB5593,2026-09-25T02:45:00+08:00,50002502,50003347,Portugal,Wales,,,,,,,,SOURCE_UNAVAILABLE,schedule_fetch_failed,0,0,0,0,0,0,,,[],SOFASCORE,SOURCE_UNAVAILABLE
2026-09-24T15:43:34+00:00,FB5594,2026-09-25T02:45:00+08:00,50002295,50000950,Norway,Denmark,,,,,,,,SOURCE_UNAVAILABLE,schedule_fetch_failed,0,0,0,0,0,0,,,[],SOFASCORE,SOURCE_UNAVAILABLE
2026-09-24T15:43:34+00:00,FB5595,2026-09-25T02:45:00+08:00,50002798,50001451,Serbia,Greece,,,,,,,,SOURCE_UNAVAILABLE,schedule_fetch_failed,0,0,0,0,0,0,,,[],SOFASCORE,SOURCE_UNAVAILABLE
2026-09-24T15:43:34+00:00,FB5596,2026-09-25T02:45:00+08:00,50002222,50001357,Netherlands,Germany,,,,,,,,SOURCE_UNAVAILABLE,schedule_fetch_failed,0,0,0,0,0,0,,,[],SOFASCORE,SOURCE_UNAVAILABLE
2026-09-24T15:43:34+00:00,FB5597,2026-09-25T02:45:00+08:00,50001834,50002623,Kosovo,Republic of Ireland,,,,,,,,SOURCE_UNAVAILABLE,schedule_fetch_failed,0,0,0,0,0,0,,,[],SOFASCORE,SOURCE_UNAVAILABLE
2026-09-24T15:43:34+00:00,FB5598,2026-09-25T02:45:00+08:00,50000320,50001650,Austria,Israel,,,,,,,,SOURCE_UNAVAILABLE,schedule_fetch_failed,0,0,0,0,0,0,,,[],SOFASCORE,SOURCE_UNAVAILABLE
2026-09-24T15:43:34+00:00,FB5690,2026-09-25T03:00:00+08:00,50003134,50003183,Tunisia,Uganda,,,,,,,,SOURCE_UNAVAILABLE,schedule_fetch_failed,0,0,0,0,0,0,,,[],SOFASCORE,SOURCE_UNAVAILABLE
2026-09-24T15:43:34+00:00,FB5694,2026-09-25T03:00:00+08:00,50000656,50000823,Cameroon,Comoros,,,,,,,,SOURCE_UNAVAILABLE,schedule_fetch_failed,0,0,0,0,0,0,,,[],SOFASCORE,SOURCE_UNAVAILABLE
2026-09-24T15:43:34+00:00,FB5696,2026-09-25T03:00:00+08:00,50000857,50001394,Cote d'Ivoire,Ghana,,,,,,,,SOURCE_UNAVAILABLE,schedule_fetch_failed,0,0,0,0,0,0,,,[],SOFASCORE,SOURCE_UNAVAILABLE
2026-09-24T15:43:34+00:00,FB5635,2026-09-25T04:57:00+08:00,50002311,50288881,O'Higgins,Deportes Santa Cruz,,,,,,,,SOURCE_UNAVAILABLE,schedule_fetch_failed,0,0,0,0,0,0,,,[],SOFASCORE,SOURCE_UNAVAILABLE
2026-09-24T15:43:34+00:00,FB5636,2026-09-25T07:27:00+08:00,50001139,50003212,Everton VM,Universidad Chile,,,,,,,,SOURCE_UNAVAILABLE,schedule_fetch_failed,0,0,0,0,0,0,,,[],SOFASCORE,SOURCE_UNAVAILABLE
2026-09-24T15:43:34+00:00,FB5689,2026-09-25T08:00:00+08:00,50001501,50003123,Haiti,Trinidad and Tobago,,,,,,,,SOURCE_UNAVAILABLE,schedule_fetch_failed,0,0,0,0,0,0,,,[],SOFASCORE,SOURCE_UNAVAILABLE
2026-09-24T15:43:34+00:00,FB5700,2026-09-25T08:00:00+08:00,50288636,50002258,Dominican Republic,Nicaragua,,,,,,,,SOURCE_UNAVAILABLE,schedule_fetch_failed,0,0,0,0,0,0,,,[],SOFASCORE,SOURCE_UNAVAILABLE
2026-09-24T15:43:34+00:00,FB5673,2026-09-25T09:00:00+08:00,50002123,50601674,Mineros Zacatecas,Piratas FC,,,,,,,,SOURCE_UNAVAILABLE,schedule_fetch_failed,0,0,0,0,0,0,,,[],SOFASCORE,SOURCE_UNAVAILABLE
2026-09-24T15:43:34+00:00,FB5674,2026-09-25T09:00:00+08:00,50002315,50334216,Oaxaca,Atletico La Paz,,,,,,,,SOURCE_UNAVAILABLE,schedule_fetch_failed,0,0,0,0,0,0,,,[],SOFASCORE,SOURCE_UNAVAILABLE
2026-09-24T15:43:34+00:00,FB5688,2026-09-25T10:00:00+08:00,50000847,50000912,Costa Rica,Curacao,,,,,,,,SOURCE_UNAVAILABLE,schedule_fetch_failed,0,0,0,0,0,0,,,[],SOFASCORE,SOURCE_UNAVAILABLE
2026-09-24T15:43:34+00:00,FB5702,2026-09-25T13:00:00+08:00,50003246,50002755,Uzbekistan AM,Saudi Arabia AM,,,,,,,,SOURCE_UNAVAILABLE,schedule_fetch_failed,0,0,0,0,0,0,,,[],SOFASCORE,SOURCE_UNAVAILABLE
2026-09-24T15:43:34+00:00,FB5666,2026-09-25T14:00:00+08:00,50001806,50000768,Korea DPR Women,Chinese Taipei Women,,,,,,,,SOURCE_UNAVAILABLE,schedule_fetch_failed,0,0,0,0,0,0,,,[],SOFASCORE,SOURCE_UNAVAILABLE
2026-09-24T15:43:34+00:00,FB5667,2026-09-25T14:00:00+08:00,50000765,50003314,China Women,Vietnam Women,,,,,,,,SOURCE_UNAVAILABLE,schedule_fetch_failed,0,0,0,0,0,0,,,[],SOFASCORE,SOURCE_UNAVAILABLE
2026-09-24T15:43:34+00:00,FB5785,2026-09-25T17:00:00+08:00,50000361,50002005,Bangladesh,Malaysia,,,,,,,,SOURCE_UNAVAILABLE,schedule_fetch_failed,0,0,0,0,0,0,,,[],SOFASCORE,SOURCE_UNAVAILABLE
2026-09-24T15:43:34+00:00,FB5719,2026-09-25T18:00:00+08:00,50000299,50000524,Australia,Brazil,,,,,,,,SOURCE_UNAVAILABLE,schedule_fetch_failed,0,0,0,0,0,0,,,[],SOFASCORE,SOURCE_UNAVAILABLE
2026-09-24T15:43:34+00:00,FB5668,2026-09-25T18:30:00+08:00,50001689,50002456,Japan Women,Philippines Women,,,,,,,,SOURCE_UNAVAILABLE,schedule_fetch_failed,0,0,0,0,0,0,,,[],SOFASCORE,SOURCE_UNAVAILABLE
2026-09-24T15:43:34+00:00,FB5669,2026-09-25T18:30:00+08:00,50001814,50264497,Korea Republic Women,Uzbekistan Women,,,,,,,,SOURCE_UNAVAILABLE,schedule_fetch_failed,0,0,0,0,0,0,,,[],SOFASCORE,SOURCE_UNAVAILABLE
2026-09-24T15:43:34+00:00,FB5703,2026-09-25T18:30:00+08:00,50001809,50003311,Korea Republic AM,Vietnam AM,,,,,,,,SOURCE_UNAVAILABLE,schedule_fetch_failed,0,0,0,0,0,0,,,[],SOFASCORE,SOURCE_UNAVAILABLE
2026-09-24T15:43:34+00:00,FB5760,2026-09-25T21:00:00+08:00,50002997,50001133,Sudan,Ethiopia,,,,,,,,SOURCE_UNAVAILABLE,schedule_fetch_failed,0,0,0,0,0,0,,,[],SOFASCORE,SOURCE_UNAVAILABLE
2026-09-24T15:43:34+00:00,FB5763,2026-09-25T21:00:00+08:00,50003051,50001484,Tanzania,Guinea Bissau,,,,,,,,SOURCE_UNAVAILABLE,schedule_fetch_failed,0,0,0,0,0,0,,,[],SOFASCORE,SOURCE_UNAVAILABLE
2026-09-24T15:43:34+00:00,FB5791,2026-09-25T21:00:00+08:00,50002183,50002777,Mozambique,Senegal,,,,,,,,SOURCE_UNAVAILABLE,schedule_fetch_failed,0,0,0,0,0,0,,,[],SOFASCORE,SOURCE_UNAVAILABLE
2026-09-24T15:43:34+00:00,FB5804,2026-09-25T21:00:00+08:00,50001601,50002837,Indonesia,Singapore,,,,,,,,SOURCE_UNAVAILABLE,schedule_fetch_failed,0,0,0,0,0,0,,,[],SOFASCORE,SOURCE_UNAVAILABLE
2026-09-24T15:43:34+00:00,FB5766,2026-09-25T21:45:00+08:00,50000338,50000919,Azerbaijan U21,Czechia U21,,,,,,,,SOURCE_UNAVAILABLE,schedule_fetch_failed,0,0,0,0,0,0,,,[],SOFASCORE,SOURCE_UNAVAILABLE
2026-09-24T15:43:34+00:00,FB5787,2026-09-25T22:00:00+08:00,50001598,50002398,India,Panama,,,,,,,,SOURCE_UNAVAILABLE,schedule_fetch_failed,0,0,0,0,0,0,,,[],SOFASCORE,SOURCE_UNAVAILABLE
2026-09-24T15:43:34+00:00,FB5738,2026-09-25T23:00:00+08:00,50001584,50001272,Iceland U21,France U21,,,,,,,,SOURCE_UNAVAILABLE,schedule_fetch_failed,0,0,0,0,0,0,,,[],SOFASCORE,SOURCE_UNAVAILABLE
2026-09-24T15:43:34+00:00,FB5757,2026-09-25T23:00:00+08:00,50002260,50001898,Niger,Lesotho,,,,,,,,SOURCE_UNAVAILABLE,schedule_fetch_failed,0,0,0,0,0,0,,,[],SOFASCORE,SOURCE_UNAVAILABLE
2026-09-24T15:43:34+00:00,FB5740,2026-09-25T23:30:00+08:00,50000594,50002505,Bulgaria U21,Portugal U21,,,,,,,,SOURCE_UNAVAILABLE,schedule_fetch_failed,0,0,0,0,0,0,,,[],SOFASCORE,SOURCE_UNAVAILABLE
2026-09-24T15:43:34+00:00,FB5765,2026-09-25T23:30:00+08:00,50001243,50002897,Finland U21,Spain U21,,,,,,,,SOURCE_UNAVAILABLE,schedule_fetch_failed,0,0,0,0,0,0,,,[],SOFASCORE,SOURCE_UNAVAILABLE
2026-09-24T15:43:34+00:00,FB5715,2026-09-26T00:00:00+08:00,50001354,50002291,Georgia,Northern Ireland,,,,,,,,SOURCE_UNAVAILABLE,schedule_fetch_failed,0,0,0,0,0,0,,,[],SOFASCORE,SOURCE_UNAVAILABLE
2026-09-24T15:43:34+00:00,FB5716,2026-09-26T00:00:00+08:00,50000236,50001873,Armenia,Latvia,,,,,,,,SOURCE_UNAVAILABLE,schedule_fetch_failed,0,0,0,0,0,0,,,[],SOFASCORE,SOURCE_UNAVAILABLE
2026-09-24T15:43:34+00:00,FB5723,2026-09-26T00:00:00+08:00,50002859,50002624,Slovakia U21,Republic of Ireland U21,,,,,,,,SOURCE_UNAVAILABLE,schedule_fetch_failed,0,0,0,0,0,0,,,[],SOFASCORE,SOURCE_UNAVAILABLE
2026-09-24T15:43:34+00:00,FB5746,2026-09-26T00:00:00+08:00,50002261,50001993,Nigeria,Madagascar,,,,,,,,SOURCE_UNAVAILABLE,schedule_fetch_failed,0,0,0,0,0,0,,,[],SOFASCORE,SOURCE_UNAVAILABLE
2026-09-24T15:43:34+00:00,FB5761,2026-09-26T00:00:00+08:00,50002004,50002890,Malawi,South Sudan,,,,,,,,SOURCE_UNAVAILABLE,schedule_fetch_failed,0,0,0,0,0,0,,,[],SOFASCORE,SOURCE_UNAVAILABLE
2026-09-24T15:43:34+00:00,FB5724,2026-09-26T00:30:00+08:00,50002225,50002297,Netherlands U21,Norway U21,,,,,,,,SOURCE_UNAVAILABLE,schedule_fetch_failed,0,0,0,0,0,0,,,[],SOFASCORE,SOURCE_UNAVAILABLE
2026-09-24T15:43:34+00:00,FB5786,2026-09-26T00:58:00+08:00,50429168,50429165,Independiente Women,Ferro Carril Oeste Women,,,,,,,,SOURCE_UNAVAILABLE,schedule_fetch_failed,0,0,0,0,0,0,,,[],SOFASCORE,SOURCE_UNAVAILABLE
2026-09-24T15:43:34+00:00,FB5756,2026-09-26T01:30:00+08:00,50003022,50001973,Switzerland U21,Luxembourg U21,,,,,,,,SOURCE_UNAVAILABLE,schedule_fetch_failed,0,0,0,0,0,0,,,[],SOFASCORE,SOURCE_UNAVAILABLE
2026-09-24T15:43:34+00:00,FB5708,2026-09-26T02:30:00+08:00,50001424,50000121,Girona,Albacete,,,,,,,,SOURCE_UNAVAILABLE,schedule_fetch_failed,0,0,0,0,0,0,,,[],SOFASCORE,SOURCE_UNAVAILABLE
2026-09-24T15:43:34+00:00,FB5710,2026-09-26T02:45:00+08:00,50001655,50000438,Italy,Belgium,,,,,,,,SOURCE_UNAVAILABLE,schedule_fetch_failed,0,0,0,0,0,0,,,[],SOFASCORE,SOURCE_UNAVAILABLE
2026-09-24T15:43:34+00:00,FB5711,2026-09-26T02:45:00+08:00,50002150,50000915,Montenegro,Cyprus,,,,,,,,SOURCE_UNAVAILABLE,schedule_fetch_failed,0,0,0,0,0,0,,,[],SOFASCORE,SOURCE_UNAVAILABLE
2026-09-24T15:43:34+00:00,FB5712,2026-09-26T02:45:00+08:00,50003010,50002649,Sweden,Romania,,,,,,,,SOURCE_UNAVAILABLE,schedule_fetch_failed,0,0,0,0,0,0,,,[],SOFASCORE,SOURCE_UNAVAILABLE
2026-09-24T15:43:34+00:00,FB5713,2026-09-26T02:45:00+08:00,50002470,50000498,Poland,Bosnia-Herzegovina,,,,,,,,SOURCE_UNAVAILABLE,schedule_fetch_failed,0,0,0,0,0,0,,,[],SOFASCORE,SOURCE_UNAVAILABLE
2026-09-24T15:43:34+00:00,FB5714,2026-09-26T02:45:00+08:00,50001573,50003185,Hungary,Ukraine,,,,,,,,SOURCE_UNAVAILABLE,schedule_fetch_failed,0,0,0,0,0,0,,,[],SOFASCORE,SOURCE_UNAVAILABLE
2026-09-24T15:43:34+00:00,FB5717,2026-09-26T02:45:00+08:00,50003142,50001268,Turkiye,France,,,,,,,,SOURCE_UNAVAILABLE,schedule_fetch_failed,0,0,0,0,0,0,,,[],SOFASCORE,SOURCE_UNAVAILABLE
2026-09-24T15:43:34+00:00,FB5709,2026-09-26T03:00:00+08:00,50001004,50000155,Dordrecht,Almere City,,,,,,,,SOURCE_UNAVAILABLE,schedule_fetch_failed,0,0,0,0,0,0,,,[],SOFASCORE,SOURCE_UNAVAILABLE
2026-09-24T15:43:34+00:00,FB5758,2026-09-26T03:00:00+08:00,50001051,50000180,Egypt,Angola,,,,,,,,SOURCE_UNAVAILABLE,schedule_fetch_failed,0,0,0,0,0,0,,,[],SOFASCORE,SOURCE_UNAVAILABLE
2026-09-24T15:43:34+00:00,FB5759,2026-09-26T03:00:00+08:00,50002012,50000673,Mali,Cape Verde Islands,,,,,,,,SOURCE_UNAVAILABLE,schedule_fetch_failed,0,0,0,0,0,0,,,[],SOFASCORE,SOURCE_UNAVAILABLE
2026-09-24T15:43:34+00:00,FB5762,2026-09-26T03:00:00+08:00,50000138,50003409,Algeria,Zambia,,,,,,,,SOURCE_UNAVAILABLE,schedule_fetch_failed,0,0,0,0,0,0,,,[],SOFASCORE,SOURCE_UNAVAILABLE
2026-09-24T15:43:34+00:00,FB5788,2026-09-26T03:00:00+08:00,50002168,50001326,Morocco,Gabon,,,,,,,,SOURCE_UNAVAILABLE,schedule_fetch_failed,0,0,0,0,0,0,,,[],SOFASCORE,SOURCE_UNAVAILABLE
2026-09-24T15:43:34+00:00,FB5705,2026-09-26T06:28:00+08:00,50002305,50002743,Novorizontino,Sao Bernardo,,,,,,,,SOURCE_UNAVAILABLE,schedule_fetch_failed,0,0,0,0,0,0,,,[],SOFASCORE,SOURCE_UNAVAILABLE
2026-09-24T15:43:34+00:00,FB5704,2026-09-26T06:57:00+08:00,50000796,50000291,Colo Colo,Audax Italiano,,,,,,,,SOURCE_UNAVAILABLE,schedule_fetch_failed,0,0,0,0,0,0,,,[],SOFASCORE,SOURCE_UNAVAILABLE
2026-09-24T15:43:34+00:00,FB5739,2026-09-26T07:00:00+08:00,50283454,50001959,Hartford Athletic,Louisville City,,,,,,,,SOURCE_UNAVAILABLE,schedule_fetch_failed,0,0,0,0,0,0,,,[],SOFASCORE,SOURCE_UNAVAILABLE
2026-09-24T15:43:34+00:00,FB5706,2026-09-26T07:28:00+08:00,50003322,50001955,Vila Nova,Londrina,,,,,,,,SOURCE_UNAVAILABLE,schedule_fetch_failed,0,0,0,0,0,0,,,[],SOFASCORE,SOURCE_UNAVAILABLE
2026-09-24T15:43:34+00:00,FB5764,2026-09-26T07:30:00+08:00,50566596,50283463,Sporting Club Jacksonville,Loudoun Utd,,,,,,,,SOURCE_UNAVAILABLE,schedule_fetch_failed,0,0,0,0,0,0,,,[],SOFASCORE,SOURCE_UNAVAILABLE
2026-09-24T15:43:34+00:00,FB5718,2026-09-26T09:00:00+08:00,50000257,50002152,Atlante,Monterrey,,,,,,,,SOURCE_UNAVAILABLE,schedule_fetch_failed,0,0,0,0,0,0,,,[],SOFASCORE,SOURCE_UNAVAILABLE
2026-09-24T15:43:34+00:00,FB5782,2026-09-26T09:00:00+08:00,50325834,50001193,El Paso Locomotive,FC Tulsa,,,,,,,,SOURCE_UNAVAILABLE,schedule_fetch_failed,0,0,0,0,0,0,,,[],SOFASCORE,SOURCE_UNAVAILABLE
2026-09-24T15:43:34+00:00,FB5707,2026-09-26T11:00:00+08:00,50003076,50000258,Tijuana,Atlas,,,,,,,,SOURCE_UNAVAILABLE,schedule_fetch_failed,0,0,0,0,0,0,,,[],SOFASCORE,SOURCE_UNAVAILABLE
2026-09-24T15:43:34+00:00,FB5720,2026-09-26T14:00:00+08:00,50000761,50003063,China AM,Thailand AM,,,,,,,,SOURCE_UNAVAILABLE,schedule_fetch_failed,0,0,0,0,0,0,,,[],SOFASCORE,SOURCE_UNAVAILABLE
2026-09-24T15:43:34+00:00,FB5725,2026-09-26T16:00:00+08:00,50002148,50002695,Montedio Yamagata,Sagan Tosu,,,,,,,,SOURCE_UNAVAILABLE,schedule_fetch_failed,0,0,0,0,0,0,,,[],SOFASCORE,SOURCE_UNAVAILABLE
2026-09-24T15:43:34+00:00,FB5726,2026-09-26T16:00:00+08:00,50000474,50000127,Blaublitz Akita,Albirex Niigata,,,,,,,,SOURCE_UNAVAILABLE,schedule_fetch_failed,0,0,0,0,0,0,,,[],SOFASCORE,SOURCE_UNAVAILABLE
2026-09-24T15:43:34+00:00,FB5727,2026-09-26T16:00:00+08:00,50002324,50001318,Oita Trinita,Fujieda MYFC,,,,,,,,SOURCE_UNAVAILABLE,schedule_fetch_failed,0,0,0,0,0,0,,,[],SOFASCORE,SOURCE_UNAVAILABLE
2026-09-24T15:43:34+00:00,FB5728,2026-09-26T16:00:00+08:00,50001776,50001196,Kataller Toyama,FC Yokohama,,,,,,,,SOURCE_UNAVAILABLE,schedule_fetch_failed,0,0,0,0,0,0,,,[],SOFASCORE,SOURCE_UNAVAILABLE
2026-09-24T15:43:34+00:00,FB5729,2026-09-26T16:00:00+08:00,50001167,50002827,FC Imabari,Shonan Bellmare,,,,,,,,SOURCE_UNAVAILABLE,schedule_fetch_failed,0,0,0,0,0,0,,,[],SOFASCORE,SOURCE_UNAVAILABLE
2026-09-24T15:43:34+00:00,FB5730,2026-09-26T16:00:00+08:00,50002343,50003298,RB Omiya Ardija,Ventforet Kofu,,,,,,,,SOURCE_UNAVAILABLE,schedule_fetch_failed,0,0,0,0,0,0,,,[],SOFASCORE,SOURCE_UNAVAILABLE
2026-09-24T15:43:34+00:00,FB5741,2026-09-26T16:00:00+08:00,50319129,50001550,Tegevajaro Miyazaki,Hokkaido Consadole Sapporo,,,,,,,,SOURCE_UNAVAILABLE,schedule_fetch_failed,0,0,0,0,0,0,,,[],SOFASCORE,SOURCE_UNAVAILABLE
2026-09-24T15:43:34+00:00,FB5742,2026-09-26T16:00:00+08:00,50001732,50003268,Jubilo Iwata,Vanraure Hachinohe,,,,,,,,SOURCE_UNAVAILABLE,schedule_fetch_failed,0,0,0,0,0,0,,,[],SOFASCORE,SOURCE_UNAVAILABLE
2026-09-24T15:43:34+00:00,FB5743,2026-09-26T16:00:00+08:00,50003085,50003083,Tokushima Vortis,Tochigi City,,,,,,,,SOURCE_UNAVAILABLE,schedule_fetch_failed,0,0,0,0,0,0,,,[],SOFASCORE,SOURCE_UNAVAILABLE
2026-09-24T15:43:34+00:00,FB5744,2026-09-26T16:00:00+08:00,50267911,50003284,Iwaki FC,Vegalta Sendai,,,,,,,,SOURCE_UNAVAILABLE,schedule_fetch_failed,0,0,0,0,0,0,,,[],SOFASCORE,SOURCE_UNAVAILABLE
2026-09-24T15:43:34+00:00,FB5721,2026-09-26T18:30:00+08:00,50001685,50001803,Japan AM,Korea DPR AM,,,,,,,,SOURCE_UNAVAILABLE,schedule_fetch_failed,0,0,0,0,0,0,,,[],SOFASCORE,SOURCE_UNAVAILABLE
2026-09-24T15:43:34+00:00,FB5794,2026-09-26T20:00:00+08:00,50000705,50002611,Ceuta,Real Sociedad B,,,,,,,,SOURCE_UNAVAILABLE,schedule_fetch_failed,0,0,0,0,0,0,,,[],SOFASCORE,SOURCE_UNAVAILABLE
2026-09-24T15:43:34+00:00,FB5747,2026-09-26T21:00:00+08:00,50002862,50002769,Slovenia,Scotland,,,,,,,,SOURCE_UNAVAILABLE,schedule_fetch_failed,0,0,0,0,0,0,,,[],SOFASCORE,SOURCE_UNAVAILABLE
2026-09-24T15:43:34+00:00,FB5768,2026-09-26T22:00:00+08:00,50002985,50002449,Stockport,Peterborough,,,,,,,,SOURCE_UNAVAILABLE,schedule_fetch_failed,0,0,0,0,0,0,,,[],SOFASCORE,SOURCE_UNAVAILABLE
2026-09-24T15:43:34+00:00,FB5769,2026-09-26T22:00:00+08:00,50003385,50002585,Wycombe,Reading,,,,,,,,SOURCE_UNAVAILABLE,schedule_fetch_failed,0,0,0,0,0,0,,,[],SOFASCORE,SOURCE_UNAVAILABLE
2026-09-24T15:43:34+00:00,FB5770,2026-09-26T22:00:00+08:00,50000654,50000022,Cambridge Utd,AFC Wimbledon,,,,,,,,SOURCE_UNAVAILABLE,schedule_fetch_failed,0,0,0,0,0,0,,,[],SOFASCORE,SOURCE_UNAVAILABLE
2026-09-24T15:43:34+00:00,FB5771,2026-09-26T22:00:00+08:00,50002466,50000604,Plymouth,Burton Albion,,,,,,,,SOURCE_UNAVAILABLE,schedule_fetch_failed,0,0,0,0,0,0,,,[],SOFASCORE,SOURCE_UNAVAILABLE
2026-09-24T15:43:34+00:00,FB5772,2026-09-26T22:00:00+08:00,50002256,50001462,Newport County,Grimsby,,,,,,,,SOURCE_UNAVAILABLE,schedule_fetch_failed,0,0,0,0,0,0,,,[],SOFASCORE,SOURCE_UNAVAILABLE
2026-09-24T15:43:34+00:00,FB5773,2026-09-26T22:00:00+08:00,50001248,50002641,Fleetwood,Rochdale,,,,,,,,SOURCE_UNAVAILABLE,schedule_fetch_failed,0,0,0,0,0,0,,,[],SOFASCORE,SOURCE_UNAVAILABLE
2026-09-24T15:43:34+00:00,FB5774,2026-09-26T22:00:00+08:00,50002660,50000893,Rotherham,Crewe,,,,,,,,SOURCE_UNAVAILABLE,schedule_fetch_failed,0,0,0,0,0,0,,,[],SOFASCORE,SOURCE_UNAVAILABLE
2026-09-24T15:43:34+00:00,FB5775,2026-09-26T22:00:00+08:00,50000732,50000738,Cheltenham,Chesterfield,,,,,,,,SOURCE_UNAVAILABLE,schedule_fetch_failed,0,0,0,0,0,0,,,[],SOFASCORE,SOURCE_UNAVAILABLE
2026-09-24T15:43:34+00:00,FB5776,2026-09-26T22:00:00+08:00,50003113,50003349,Tranmere,Walsall,,,,,,,,SOURCE_UNAVAILABLE,schedule_fetch_failed,0,0,0,0,0,0,,,[],SOFASCORE,SOURCE_UNAVAILABLE
2026-09-24T15:43:34+00:00,FB5777,2026-09-26T22:00:00+08:00,50000578,50001142,Bristol Rovers,Exeter City,,,,,,,,SOURCE_UNAVAILABLE,schedule_fetch_failed,0,0,0,0,0,0,,,[],SOFASCORE,SOURCE_UNAVAILABLE
2026-09-24T15:43:34+00:00,FB5778,2026-09-26T22:00:00+08:00,50002829,50000793,Shrewsbury,Colchester,,,,,,,,SOURCE_UNAVAILABLE,schedule_fetch_failed,0,0,0,0,0,0,,,[],SOFASCORE,SOURCE_UNAVAILABLE
2026-09-24T15:43:34+00:00,FB5779,2026-09-26T22:00:00+08:00,50003017,50000049,Swindon,Accrington Stanley,,,,,,,,SOURCE_UNAVAILABLE,schedule_fetch_failed,0,0,0,0,0,0,,,[],SOFASCORE,SOURCE_UNAVAILABLE
2026-09-24T15:43:34+00:00,FB5784,2026-09-26T22:00:00+08:00,50003402,50001419,York City,Gillingham,,,,,,,,SOURCE_UNAVAILABLE,schedule_fetch_failed,0,0,0,0,0,0,,,[],SOFASCORE,SOURCE_UNAVAILABLE
2026-09-24T15:43:34+00:00,FB5795,2026-09-26T22:15:00+08:00,50000630,50001144,CF Granada,FC Andorra,,,,,,,,SOURCE_UNAVAILABLE,schedule_fetch_failed,0,0,0,0,0,0,,,[],SOFASCORE,SOURCE_UNAVAILABLE
2026-09-24T15:43:34+00:00,FB5731,2026-09-26T22:30:00+08:00,50001536,50003330,Heracles,Vitesse,,,,,,,,SOURCE_UNAVAILABLE,schedule_fetch_failed,0,0,0,0,0,0,,,[],SOFASCORE,SOURCE_UNAVAILABLE
2026-09-24T15:43:34+00:00,FB5745,2026-09-26T23:00:00+08:00,50001355,50001453,Georgia U21,Greece U21,,,,,,,,SOURCE_UNAVAILABLE,schedule_fetch_failed,0,0,0,0,0,0,,,[],SOFASCORE,SOURCE_UNAVAILABLE
2026-09-24T15:43:34+00:00,FB5781,2026-09-26T23:00:00+08:00,50000897,50001575,Croatia U21,Hungary U21,,,,,,,,SOURCE_UNAVAILABLE,schedule_fetch_failed,0,0,0,0,0,0,,,[],SOFASCORE,SOURCE_UNAVAILABLE
2026-09-24T15:43:34+00:00,FB5751,2026-09-27T00:00:00+08:00,50002719,50001242,San Marino,Finland,,,,,,,,SOURCE_UNAVAILABLE,schedule_fetch_failed,0,0,0,0,0,0,,,[],SOFASCORE,SOURCE_UNAVAILABLE
2026-09-24T15:43:34+00:00,FB5753,2026-09-27T00:00:00+08:00,50001583,50001123,Iceland,Estonia,,,,,,,,SOURCE_UNAVAILABLE,schedule_fetch_failed,0,0,0,0,0,0,,,[],SOFASCORE,SOURCE_UNAVAILABLE
2026-09-24T15:43:34+00:00,FB5754,2026-09-27T00:00:00+08:00,50000593,50001972,Bulgaria,Luxembourg,,,,,,,,SOURCE_UNAVAILABLE,schedule_fetch_failed,0,0,0,0,0,0,,,[],SOFASCORE,SOURCE_UNAVAILABLE
2026-09-24T15:43:34+00:00,FB5767,2026-09-27T00:00:00+08:00,50001224,50001782,Faroe Islands,Kazakhstan,,,,,,,,SOURCE_UNAVAILABLE,schedule_fetch_failed,0,0,0,0,0,0,,,[],SOFASCORE,SOURCE_UNAVAILABLE
2026-09-24T15:43:34+00:00,FB5790,2026-09-27T00:00:00+08:00,50003187,50003144,Ukraine U21,Turkiye U21,,,,,,,,SOURCE_UNAVAILABLE,schedule_fetch_failed,0,0,0,0,0,0,,,[],SOFASCORE,SOURCE_UNAVAILABLE
2026-09-24T15:43:34+00:00,FB5780,2026-09-27T00:30:00+08:00,50002326,50002707,Oldham,Salford City,,,,,,,,SOURCE_UNAVAILABLE,schedule_fetch_failed,0,0,0,0,0,0,,,[],SOFASCORE,SOURCE_UNAVAILABLE
2026-09-24T15:43:34+00:00,FB5796,2026-09-27T00:30:00+08:00,50003058,50000644,Tenerife,Cadiz,,,,,,,,SOURCE_UNAVAILABLE,schedule_fetch_failed,0,0,0,0,0,0,,,[],SOFASCORE,SOURCE_UNAVAILABLE
2026-09-24T15:43:34+00:00,FB5803,2026-09-27T00:30:00+08:00,50602800,50002691,Celta Fortuna,Sabadell,,,,,,,,SOURCE_UNAVAILABLE,schedule_fetch_failed,0,0,0,0,0,0,,,[],SOFASCORE,SOURCE_UNAVAILABLE
2026-09-24T15:43:34+00:00,FB5732,2026-09-27T02:00:00+08:00,50001074,50002361,Emmen,Oss,,,,,,,,SOURCE_UNAVAILABLE,schedule_fetch_failed,0,0,0,0,0,0,,,[],SOFASCORE,SOURCE_UNAVAILABLE
2026-09-24T15:43:34+00:00,FB5733,2026-09-27T02:00:00+08:00,50001984,50001534,Maastricht,Helmond,,,,,,,,SOURCE_UNAVAILABLE,schedule_fetch_failed,0,0,0,0,0,0,,,[],SOFASCORE,SOURCE_UNAVAILABLE
2026-09-24T15:43:34+00:00,FB5734,2026-09-27T02:00:00+08:00,50003336,50003297,Volendam,Venlo,,,,,,,,SOURCE_UNAVAILABLE,schedule_fetch_failed,0,0,0,0,0,0,,,[],SOFASCORE,SOURCE_UNAVAILABLE
2026-09-24T15:43:34+00:00,FB5735,2026-09-27T02:00:00+08:00,50002644,50002561,Roda,RKC Waalwijk,,,,,,,,SOURCE_UNAVAILABLE,schedule_fetch_failed,0,0,0,0,0,0,,,[],SOFASCORE,SOURCE_UNAVAILABLE
2026-09-24T15:43:34+00:00,FB5736,2026-09-27T02:00:00+08:00,50002197,50001157,NAC,FC Eindhoven,,,,,,,,SOURCE_UNAVAILABLE,schedule_fetch_failed,0,0,0,0,0,0,,,[],SOFASCORE,SOURCE_UNAVAILABLE
2026-09-24T15:43:34+00:00,FB5748,2026-09-27T02:45:00+08:00,50001076,50002894,England,Spain,,,,,,,,SOURCE_UNAVAILABLE,schedule_fetch_failed,0,0,0,0,0,0,,,[],SOFASCORE,SOURCE_UNAVAILABLE
2026-09-24T15:43:34+00:00,FB5749,2026-09-27T02:45:00+08:00,50000917,50000895,Czechia,Croatia,,,,,,,,SOURCE_UNAVAILABLE,schedule_fetch_failed,0,0,0,0,0,0,,,[],SOFASCORE,SOURCE_UNAVAILABLE
2026-09-24T15:43:34+00:00,FB5750,2026-09-27T02:45:00+08:00,50000122,50000430,Albania,Belarus,,,,,,,,SOURCE_UNAVAILABLE,schedule_fetch_failed,0,0,0,0,0,0,,,[],SOFASCORE,SOURCE_UNAVAILABLE
2026-09-24T15:43:34+00:00,FB5752,2026-09-27T02:45:00+08:00,50002287,50003019,North Macedonia,Switzerland,,,,,,,,SOURCE_UNAVAILABLE,schedule_fetch_failed,0,0,0,0,0,0,,,[],SOFASCORE,SOURCE_UNAVAILABLE
2026-09-24T15:43:34+00:00,FB5755,2026-09-27T02:45:00+08:00,50002857,50002138,Slovakia,Moldova,,,,,,,,SOURCE_UNAVAILABLE,schedule_fetch_failed,0,0,0,0,0,0,,,[],SOFASCORE,SOURCE_UNAVAILABLE
2026-09-24T15:43:34+00:00,FB5783,2026-09-27T10:00:00+08:00,50283457,50000231,Oakland Roots,Phoenix Rising,,,,,,,,SOURCE_UNAVAILABLE,schedule_fetch_failed,0,0,0,0,0,0,,,[],SOFASCORE,SOURCE_UNAVAILABLE
2026-09-24T15:43:34+00:00,FB5789,2026-09-27T10:00:00+08:00,50002348,50002461,Orange County SC,Pittsburgh Riverhounds,,,,,,,,SOURCE_UNAVAILABLE,schedule_fetch_failed,0,0,0,0,0,0,,,[],SOFASCORE,SOURCE_UNAVAILABLE
2026-09-24T15:43:34+00:00,FB5687,2026-09-27T18:00:00+08:00,50001343,50001589,Gangwon FC,Incheon Utd,,,,,,,,SOURCE_UNAVAILABLE,schedule_fetch_failed,0,0,0,0,0,0,,,[],SOFASCORE,SOURCE_UNAVAILABLE
2026-09-24T15:43:34+00:00,FB5797,2026-09-27T20:00:00+08:00,50003261,50000837,Valladolid,Cordoba,,,,,,,,SOURCE_UNAVAILABLE,schedule_fetch_failed,0,0,0,0,0,0,,,[],SOFASCORE,SOURCE_UNAVAILABLE
2026-09-24T15:43:34+00:00,FB5737,2026-09-27T20:30:00+08:00,50000940,50000947,De Graafschap,Den Bosch,,,,,,,,SOURCE_UNAVAILABLE,schedule_fetch_failed,0,0,0,0,0,0,,,[],SOFASCORE,SOURCE_UNAVAILABLE
2026-09-24T15:43:34+00:00,FB5798,2026-09-27T22:15:00+08:00,50002016,50000156,Mallorca,Almeria,,,,,,,,SOURCE_UNAVAILABLE,schedule_fetch_failed,0,0,0,0,0,0,,,[],SOFASCORE,SOURCE_UNAVAILABLE
2026-09-24T15:43:34+00:00,FB5799,2026-09-28T00:30:00+08:00,50001060,50001872,Eibar,Las Palmas,,,,,,,,SOURCE_UNAVAILABLE,schedule_fetch_failed,0,0,0,0,0,0,,,[],SOFASCORE,SOURCE_UNAVAILABLE
2026-09-24T15:43:34+00:00,FB5800,2026-09-28T00:30:00+08:00,50000597,50267252,Burgos,CD Eldense,,,,,,,,SOURCE_UNAVAILABLE,schedule_fetch_failed,0,0,0,0,0,0,,,[],SOFASCORE,SOURCE_UNAVAILABLE
2026-09-24T15:43:34+00:00,FB5801,2026-09-28T03:00:00+08:00,50002367,50001417,Oviedo,Gijon,,,,,,,,SOURCE_UNAVAILABLE,schedule_fetch_failed,0,0,0,0,0,0,,,[],SOFASCORE,SOURCE_UNAVAILABLE
2026-09-24T15:43:34+00:00,FB5793,2026-09-28T03:58:00+08:00,50002565,50000481,Racing Club,Boca Juniors,,,,,,,,SOURCE_UNAVAILABLE,schedule_fetch_failed,0,0,0,0,0,0,,,[],SOFASCORE,SOURCE_UNAVAILABLE
2026-09-24T15:43:34+00:00,FB5802,2026-09-29T02:30:00+08:00,50001888,50000687,Leganes,Castellon,,,,,,,,SOURCE_UNAVAILABLE,schedule_fetch_failed,0,0,0,0,0,0,,,[],SOFASCORE,SOURCE_UNAVAILABLE
