canonical_team_id,hkjc_team_id,canonical_name_en,first_seen_hkt,last_seen_hkt,last_event_id
hkjc:50000008,50000008,AC Milan,2026-09-20T15:10:24+08:00,2026-09-20T15:10:24+08:00,FB5380
hkjc:50000022,50000022,AFC Wimbledon,2026-09-25T09:43:21+08:00,2026-09-26T09:48:00+08:00,FB5770
hkjc:50000023,50000023,AGF Aarhus,2026-09-20T15:10:24+08:00,2026-09-20T15:10:24+08:00,FB5407
hkjc:50000026,50000026,AIK Solna,2026-09-20T15:10:24+08:00,2026-09-20T15:10:24+08:00,FB5516
hkjc:50000039,50000039,AZ Alkmaar,2026-09-20T15:10:24+08:00,2026-09-20T15:10:24+08:00,FB5361
hkjc:50000049,50000049,Accrington Stanley,2026-09-25T09:43:21+08:00,2026-10-03T10:13:02+08:00,FB6160
hkjc:50000085,50000085,Al Ain,2026-10-02T10:26:46+08:00,2026-10-02T10:26:46+08:00,FB6117
hkjc:50000097,50000097,Al Jazira,2026-09-20T15:10:24+08:00,2026-10-02T10:26:46+08:00,FB6104
hkjc:50000100,50000100,Al Nasr SC,2026-09-20T15:10:24+08:00,2026-10-02T10:26:46+08:00,FB6105
hkjc:50000111,50000111,Al Wahda,2026-09-20T15:10:24+08:00,2026-10-01T10:17:44+08:00,FB6047
hkjc:50000112,50000112,Al Wasl,2026-10-02T10:26:46+08:00,2026-10-02T10:26:46+08:00,FB6106
hkjc:50000121,50000121,Albacete,2026-09-25T09:43:21+08:00,2026-10-03T10:13:02+08:00,FB6174
hkjc:50000122,50000122,Albania,2026-09-25T09:43:21+08:00,2026-10-03T10:13:02+08:00,FB6140
hkjc:50000127,50000127,Albirex Niigata,2026-09-25T09:43:21+08:00,2026-10-03T10:13:02+08:00,FB6128
hkjc:50000131,50000131,Aldosivi,2026-09-20T15:10:24+08:00,2026-10-04T16:38:35+08:00,FB6197
hkjc:50000138,50000138,Algeria,2026-09-25T09:43:21+08:00,2026-09-29T10:39:36+08:00,FB5995
hkjc:50000155,50000155,Almere City,2026-09-25T09:43:21+08:00,2026-10-03T10:13:02+08:00,FB6148
hkjc:50000156,50000156,Almeria,2026-09-25T09:43:21+08:00,2026-10-03T10:13:02+08:00,FB6175
hkjc:50000163,50000163,Amadora,2026-09-20T15:10:24+08:00,2026-09-20T15:10:24+08:00,FB5401
hkjc:50000165,50000165,America Mineiro,2026-09-26T09:48:00+08:00,2026-10-03T10:13:02+08:00,FB6211
hkjc:50000176,50000176,Andorra,2026-09-26T09:48:00+08:00,2026-09-30T10:16:54+08:00,FB6051
hkjc:50000177,50000177,Andorra U21,2026-10-02T10:26:46+08:00,2026-10-02T10:26:46+08:00,FB6083
hkjc:50000180,50000180,Angola,2026-09-25T09:43:21+08:00,2026-09-25T09:43:21+08:00,FB5758
hkjc:50000186,50000186,Antofagasta,2026-09-24T11:14:49+08:00,2026-09-27T09:39:17+08:00,FB5861
hkjc:50000187,50000187,Antwerp,2026-09-20T15:10:24+08:00,2026-09-20T15:10:24+08:00,FB5484
hkjc:50000199,50000199,Argentina,2026-09-29T10:39:36+08:00,2026-10-03T10:13:02+08:00,FB6237
hkjc:50000228,50000228,Argentinos Juniors,2026-09-20T15:10:24+08:00,2026-10-04T16:38:35+08:00,FB6204
hkjc:50000231,50000231,Phoenix Rising,2026-09-20T15:10:24+08:00,2026-10-04T16:38:35+08:00,FB6228
hkjc:50000236,50000236,Armenia,2026-09-25T09:43:21+08:00,2026-10-05T10:15:21+08:00,FB6301
hkjc:50000237,50000237,Armenia U21,2026-09-30T10:16:54+08:00,2026-10-05T10:15:21+08:00,FB6312
hkjc:50000252,50000252,Atalanta,2026-09-20T15:10:24+08:00,2026-09-20T15:10:24+08:00,FB5497
hkjc:50000253,50000253,Athletico Paranaense,2026-09-20T15:10:24+08:00,2026-09-20T15:10:24+08:00,FB5468
hkjc:50000255,50000255,Atlanta Utd,2026-09-20T15:10:24+08:00,2026-09-26T09:48:00+08:00,FB5820
hkjc:50000257,50000257,Atlante,2026-09-25T09:43:21+08:00,2026-09-26T09:48:00+08:00,FB5718
hkjc:50000258,50000258,Atlas,2026-09-25T09:43:21+08:00,2026-09-26T09:48:00+08:00,FB5707
hkjc:50000264,50000264,Atletico Goianiense,2026-09-26T09:48:00+08:00,2026-10-03T10:13:02+08:00,FB6211
hkjc:50000267,50000267,Atletico Madrid,2026-09-20T15:10:24+08:00,2026-09-20T15:10:24+08:00,FB5362
hkjc:50000276,50000276,Atletico Mineiro,2026-09-16T07:13:56+08:00,2026-10-03T10:13:02+08:00,FB6208
hkjc:50000281,50000281,Atletico San Luis,2026-09-20T15:10:24+08:00,2026-09-27T09:39:17+08:00,FB5835
hkjc:50000283,50000283,Atletico Tucuman,2026-09-16T07:13:56+08:00,2026-10-03T10:13:02+08:00,FB6202
hkjc:50000291,50000291,Audax Italiano,2026-09-24T11:14:49+08:00,2026-09-25T09:43:21+08:00,FB5704
hkjc:50000298,50000298,Austin FC,2026-09-20T15:10:24+08:00,2026-09-26T09:48:00+08:00,FB5823
hkjc:50000299,50000299,Australia,2026-09-25T09:43:21+08:00,2026-09-29T10:39:36+08:00,FB5967
hkjc:50000320,50000320,Austria,2026-09-24T11:14:49+08:00,2026-10-04T16:38:35+08:00,FB6253
hkjc:50000323,50000323,Austria U21,2026-10-02T10:26:46+08:00,2026-10-02T10:26:46+08:00,FB6116
hkjc:50000326,50000326,Auxerre,2026-09-20T15:10:24+08:00,2026-09-20T15:10:24+08:00,FB5368
hkjc:50000327,50000327,Avai,2026-09-26T09:48:00+08:00,2026-10-03T10:13:02+08:00,FB6209
hkjc:50000337,50000337,Azerbaijan,2026-09-26T09:48:00+08:00,2026-10-04T16:38:35+08:00,FB6256
hkjc:50000338,50000338,Azerbaijan U21,2026-09-25T09:43:21+08:00,2026-09-30T10:16:54+08:00,FB6011
hkjc:50000342,50000342,BG Pathum Utd,2026-09-20T15:10:24+08:00,2026-09-20T15:10:24+08:00,FB5421
hkjc:50000347,50000347,Bahia,2026-09-20T15:10:24+08:00,2026-09-20T15:10:24+08:00,FB5468
hkjc:50000349,50000349,Bahrain,2026-09-24T11:14:49+08:00,2026-09-30T10:16:54+08:00,FB6038
hkjc:50000359,50000359,Banfield,2026-10-03T10:13:02+08:00,2026-10-05T10:15:21+08:00,FB6198
hkjc:50000360,50000360,Bangkok Utd,2026-09-20T15:10:24+08:00,2026-09-20T15:10:24+08:00,FB5421
hkjc:50000361,50000361,Bangladesh,2026-09-25T09:43:21+08:00,2026-10-01T10:17:44+08:00,FB6077
hkjc:50000365,50000365,Baniyas,2026-09-20T15:10:24+08:00,2026-10-01T10:17:44+08:00,FB6047
hkjc:50000398,50000398,Barracas Central,2026-09-20T15:10:24+08:00,2026-10-03T10:13:02+08:00,FB6202
hkjc:50000401,50000401,Basel,2026-09-20T15:10:24+08:00,2026-09-20T15:10:24+08:00,FB5490
hkjc:50000430,50000430,Belarus,2026-09-25T09:43:21+08:00,2026-10-03T10:13:02+08:00,FB6167
hkjc:50000432,50000432,Belarus U21,2026-09-24T11:14:49+08:00,2026-09-28T09:51:26+08:00,FB5903
hkjc:50000438,50000438,Belgium,2026-09-25T09:43:21+08:00,2026-10-05T10:15:21+08:00,FB6298
hkjc:50000439,50000439,Belgium U21,2026-09-24T11:14:49+08:00,2026-09-29T10:39:36+08:00,FB5981
hkjc:50000445,50000445,Belgrano,2026-09-20T15:10:24+08:00,2026-10-04T16:38:35+08:00,FB6196
hkjc:50000446,50000446,Belize,2026-09-30T10:16:54+08:00,2026-09-30T10:16:54+08:00,FB6022
hkjc:50000449,50000449,Benfica,2026-09-20T15:10:24+08:00,2026-09-20T15:10:24+08:00,FB5399
hkjc:50000453,50000453,Benin,2026-09-29T10:39:36+08:00,2026-09-29T10:39:36+08:00,FB6007
hkjc:50000462,50000462,Betis,2026-09-20T15:10:24+08:00,2026-09-20T15:10:24+08:00,FB5492
hkjc:50000464,50000464,Bielefeld,2026-09-20T15:10:24+08:00,2026-09-20T15:10:24+08:00,FB5415
hkjc:50000474,50000474,Blaublitz Akita,2026-09-25T09:43:21+08:00,2026-10-03T10:13:02+08:00,FB6135
hkjc:50000481,50000481,Boca Juniors,2026-09-20T15:10:24+08:00,2026-10-03T10:13:02+08:00,FB6086
hkjc:50000482,50000482,Bochum,2026-09-20T15:10:24+08:00,2026-09-20T15:10:24+08:00,FB5359
hkjc:50000483,50000483,Bodo Glimt,2026-09-20T15:10:24+08:00,2026-09-20T15:10:24+08:00,FB5391
hkjc:50000487,50000487,Bolivia,2026-09-27T09:39:17+08:00,2026-10-01T10:17:44+08:00,FB6005
hkjc:50000490,50000490,Bolton,2026-09-20T15:10:24+08:00,2026-09-20T15:10:24+08:00,FB5537
hkjc:50000498,50000498,Bosnia-Herzegovina,2026-09-25T09:43:21+08:00,2026-10-05T10:15:21+08:00,FB6302
hkjc:50000499,50000499,Bosnia-Herzegovina U21,2026-09-29T10:39:36+08:00,2026-09-29T10:39:36+08:00,FB6002
hkjc:50000500,50000500,Boston River,2026-09-26T09:48:00+08:00,2026-10-04T16:38:35+08:00,FB6126
hkjc:50000502,50000502,Botafogo,2026-09-16T07:13:56+08:00,2026-09-16T09:31:59+08:00,FB5180
hkjc:50000504,50000504,Botafogo SP,2026-10-03T10:13:02+08:00,2026-10-03T10:13:02+08:00,FB6210
hkjc:50000506,50000506,Botswana,2026-09-24T11:14:49+08:00,2026-09-28T09:51:26+08:00,FB5947
hkjc:50000510,50000510,Bournemouth,2026-09-20T15:10:24+08:00,2026-09-20T15:10:24+08:00,FB5437
hkjc:50000513,50000513,Bradford,2026-10-02T10:26:46+08:00,2026-10-03T10:13:02+08:00,FB6156
hkjc:50000515,50000515,Braga,2026-09-20T15:10:24+08:00,2026-09-20T15:10:24+08:00,FB5396
hkjc:50000518,50000518,Brann,2026-09-20T15:10:24+08:00,2026-09-20T15:10:24+08:00,FB5391
hkjc:50000524,50000524,Brazil,2026-09-25T09:43:21+08:00,2026-10-03T10:13:02+08:00,FB6231
hkjc:50000526,50000526,Brazil U20,2026-10-04T16:34:33+08:00,2026-10-04T16:38:35+08:00,FB6306
hkjc:50000572,50000572,Brest,2026-09-20T15:10:24+08:00,2026-09-20T15:10:24+08:00,FB5368
hkjc:50000578,50000578,Bristol Rovers,2026-09-25T09:43:21+08:00,2026-10-03T10:13:02+08:00,FB6162
hkjc:50000583,50000583,Brondby,2026-09-20T15:10:24+08:00,2026-09-20T15:10:24+08:00,FB5402
hkjc:50000586,50000586,Bruges,2026-09-20T15:10:24+08:00,2026-09-20T15:10:24+08:00,FB5493
hkjc:50000593,50000593,Bulgaria,2026-09-25T09:43:21+08:00,2026-10-03T10:13:02+08:00,FB6134
hkjc:50000594,50000594,Bulgaria U21,2026-09-25T09:43:21+08:00,2026-09-30T10:16:54+08:00,FB6010
hkjc:50000597,50000597,Burgos,2026-09-20T15:10:24+08:00,2026-10-03T10:13:02+08:00,FB6175
hkjc:50000598,50000598,Buriram Utd,2026-09-20T15:10:24+08:00,2026-09-20T15:10:24+08:00,FB5430
hkjc:50000599,50000599,Burkina Faso,2026-09-28T09:51:26+08:00,2026-10-03T10:13:02+08:00,FB6237
hkjc:50000604,50000604,Burton Albion,2026-09-25T09:43:21+08:00,2026-10-03T10:13:02+08:00,FB6157
hkjc:50000605,50000605,Burundi,2026-09-29T10:39:36+08:00,2026-09-29T10:39:36+08:00,FB5995
hkjc:50000612,50000612,CA Central Cordoba,2026-10-03T10:13:02+08:00,2026-10-05T10:15:21+08:00,FB6201
hkjc:50000613,50000613,CA Cerro,2026-09-26T09:48:00+08:00,2026-10-04T16:38:35+08:00,FB6125
hkjc:50000617,50000617,CA Platense,2026-09-20T15:10:24+08:00,2026-10-05T10:15:21+08:00,FB6199
hkjc:50000628,50000628,CF America,2026-09-20T15:10:24+08:00,2026-10-04T16:38:35+08:00,FB6284
hkjc:50000630,50000630,CF Granada,2026-09-20T15:10:24+08:00,2026-10-04T16:38:35+08:00,FB6183
hkjc:50000632,50000632,CF Montreal,2026-09-26T09:48:00+08:00,2026-09-26T09:48:00+08:00,FB5824
hkjc:50000636,50000636,CRB,2026-09-26T09:48:00+08:00,2026-10-02T10:26:46+08:00,FB6172
hkjc:50000644,50000644,Cadiz,2026-09-25T09:43:21+08:00,2026-10-03T10:13:02+08:00,FB6176
hkjc:50000654,50000654,Cambridge Utd,2026-09-25T09:43:21+08:00,2026-09-26T09:48:00+08:00,FB5770
hkjc:50000656,50000656,Cameroon,2026-09-24T11:14:49+08:00,2026-10-03T10:13:02+08:00,FB6189
hkjc:50000666,50000666,Canada,2026-09-26T09:48:00+08:00,2026-10-03T10:13:02+08:00,FB6236
hkjc:50000673,50000673,Cape Verde Islands,2026-09-25T09:43:21+08:00,2026-09-29T10:39:36+08:00,FB5991
hkjc:50000686,50000686,Casa Pia AC,2026-09-20T15:10:24+08:00,2026-09-20T15:10:24+08:00,FB5397
hkjc:50000687,50000687,Castellon,2026-09-25T09:43:21+08:00,2026-10-04T16:38:35+08:00,FB6180
hkjc:50000692,50000692,Ceara,2026-09-26T09:48:00+08:00,2026-10-03T10:13:02+08:00,FB6209
hkjc:50000695,50000695,Celtic,2026-09-20T15:10:24+08:00,2026-09-20T15:10:24+08:00,FB5481
hkjc:50000696,50000696,Central African Republic,2026-09-24T11:14:49+08:00,2026-09-28T09:51:26+08:00,FB5939
hkjc:50000701,50000701,Cerezo Osaka,2026-09-29T10:39:36+08:00,2026-09-29T10:39:36+08:00,FB5976
hkjc:50000705,50000705,Ceuta,2026-09-20T15:10:24+08:00,2026-10-04T16:38:35+08:00,FB6180
hkjc:50000714,50000714,Charlotte FC,2026-09-26T09:48:00+08:00,2026-09-26T09:48:00+08:00,FB5831
hkjc:50000732,50000732,Cheltenham,2026-09-25T09:43:21+08:00,2026-10-03T10:13:02+08:00,FB6160
hkjc:50000738,50000738,Chesterfield,2026-09-25T09:43:21+08:00,2026-10-03T10:13:02+08:00,FB6158
hkjc:50000741,50000741,Chicago Fire,2026-09-20T15:10:24+08:00,2026-09-26T09:48:00+08:00,FB5831
hkjc:50000743,50000743,Chile,2026-09-26T09:48:00+08:00,2026-09-30T10:16:54+08:00,FB6004
hkjc:50000760,50000760,China,2026-09-24T11:14:49+08:00,2026-10-05T10:15:21+08:00,FB6318
hkjc:50000761,50000761,China AM,2026-09-20T15:10:24+08:00,2026-10-03T10:13:02+08:00,FB6120
hkjc:50000765,50000765,China Women,2026-09-20T15:10:24+08:00,2026-10-02T10:26:46+08:00,FB6075
hkjc:50000768,50000768,Chinese Taipei Women,2026-09-20T15:10:24+08:00,2026-09-25T09:43:21+08:00,FB5666
hkjc:50000770,50000770,Chonburi,2026-09-20T15:10:24+08:00,2026-09-20T15:10:24+08:00,FB5430
hkjc:50000783,50000783,Club Leon,2026-09-20T15:10:24+08:00,2026-09-28T09:51:26+08:00,FB5834
hkjc:50000793,50000793,Colchester,2026-09-25T09:43:21+08:00,2026-10-03T10:13:02+08:00,FB6223
hkjc:50000796,50000796,Colo Colo,2026-09-24T11:14:49+08:00,2026-09-29T10:39:36+08:00,FB6006
hkjc:50000798,50000798,Colombia,2026-09-26T09:48:00+08:00,2026-10-02T10:26:46+08:00,FB6119
hkjc:50000818,50000818,Colorado Rapids,2026-09-20T15:10:24+08:00,2026-09-27T09:39:17+08:00,FB5832
hkjc:50000819,50000819,Colorado Springs Switchbacks,2026-10-03T10:13:02+08:00,2026-10-03T10:13:02+08:00,FB6239
hkjc:50000820,50000820,Columbus Crew,2026-09-26T09:48:00+08:00,2026-09-28T09:51:26+08:00,FB5828
hkjc:50000823,50000823,Comoros,2026-09-24T11:14:49+08:00,2026-09-29T10:39:36+08:00,FB5997
hkjc:50000828,50000828,Congo,2026-09-24T11:14:49+08:00,2026-09-29T10:39:36+08:00,FB5999
hkjc:50000833,50000833,Copenhagen,2026-09-20T15:10:24+08:00,2026-09-20T15:10:24+08:00,FB5402
hkjc:50000837,50000837,Cordoba,2026-09-25T09:43:21+08:00,2026-10-05T10:15:21+08:00,FB6182
hkjc:50000838,50000838,Corinthians,2026-09-16T07:13:56+08:00,2026-09-20T15:10:24+08:00,FB5465
hkjc:50000847,50000847,Costa Rica,2026-09-24T11:14:49+08:00,2026-10-05T10:15:21+08:00,FB6299
hkjc:50000857,50000857,Cote d'Ivoire,2026-09-24T11:14:49+08:00,2026-10-03T10:13:02+08:00,FB6189
hkjc:50000883,50000883,Cottbus,2026-09-20T15:10:24+08:00,2026-09-20T15:10:24+08:00,FB5414
hkjc:50000893,50000893,Crewe,2026-09-25T09:43:21+08:00,2026-10-03T10:13:02+08:00,FB6162
hkjc:50000894,50000894,Criciuma,2026-09-20T15:10:24+08:00,2026-10-02T10:26:46+08:00,FB6173
hkjc:50000895,50000895,Croatia,2026-09-25T09:43:21+08:00,2026-10-03T10:13:02+08:00,FB6115
hkjc:50000897,50000897,Croatia U21,2026-09-25T09:43:21+08:00,2026-10-02T10:26:46+08:00,FB6096
hkjc:50000902,50000902,Cruz Azul,2026-09-20T15:10:24+08:00,2026-09-26T09:48:00+08:00,FB5863
hkjc:50000903,50000903,Cruzeiro,2026-09-20T15:10:24+08:00,2026-09-20T15:10:24+08:00,FB5466
hkjc:50000905,50000905,Crystal Palace,2026-09-20T15:10:24+08:00,2026-09-20T15:10:24+08:00,FB5438
hkjc:50000909,50000909,Cuiaba,2026-09-20T15:10:24+08:00,2026-09-27T09:39:17+08:00,FB5846
hkjc:50000912,50000912,Curacao,2026-09-24T11:14:49+08:00,2026-10-04T16:38:35+08:00,FB6296
hkjc:50000913,50000913,Curico Unido,2026-09-26T09:48:00+08:00,2026-09-27T09:39:17+08:00,FB5850
hkjc:50000915,50000915,Cyprus,2026-09-25T09:43:21+08:00,2026-10-05T10:15:21+08:00,FB6292
hkjc:50000917,50000917,Czechia,2026-09-25T09:43:21+08:00,2026-10-03T10:13:02+08:00,FB6139
hkjc:50000919,50000919,Czechia U21,2026-09-25T09:43:21+08:00,2026-09-30T10:16:54+08:00,FB6010
hkjc:50000923,50000923,D R Congo,2026-09-24T11:14:49+08:00,2026-10-05T10:15:21+08:00,FB6316
hkjc:50000925,50000925,DC United,2026-09-26T09:48:00+08:00,2026-09-27T09:39:17+08:00,FB5829
hkjc:50000928,50000928,Daejeon Citizen,2026-09-20T15:10:24+08:00,2026-09-20T15:10:24+08:00,FB5350
hkjc:50000932,50000932,Danubio,2026-09-26T09:48:00+08:00,2026-09-27T09:39:17+08:00,FB5813
hkjc:50000940,50000940,De Graafschap,2026-09-20T15:10:24+08:00,2026-10-03T10:13:02+08:00,FB6150
hkjc:50000943,50000943,Defensa y Justicia,2026-10-03T10:13:02+08:00,2026-10-03T10:13:02+08:00,FB6205
hkjc:50000944,50000944,Defensor Sporting,2026-09-20T15:10:24+08:00,2026-09-30T10:16:54+08:00,FB5986
hkjc:50000945,50000945,Degerfors,2026-09-20T15:10:24+08:00,2026-09-20T15:10:24+08:00,FB5555
hkjc:50000947,50000947,Den Bosch,2026-09-25T09:43:21+08:00,2026-10-03T10:13:02+08:00,FB6151
hkjc:50000950,50000950,Denmark,2026-09-24T11:14:49+08:00,2026-10-04T16:38:35+08:00,FB6252
hkjc:50000952,50000952,Denmark U21,2026-09-27T09:39:17+08:00,2026-10-02T10:26:46+08:00,FB6116
hkjc:50000964,50000964,Deportivo,2026-09-20T15:10:24+08:00,2026-09-20T15:10:24+08:00,FB5492
hkjc:50000974,50000974,Deportivo Nublense,2026-09-26T09:48:00+08:00,2026-09-26T09:48:00+08:00,FB5840
hkjc:50000998,50000998,Djurgardens,2026-09-20T15:10:24+08:00,2026-09-20T15:10:24+08:00,FB5514
hkjc:50001003,50001003,Dorados,2026-09-20T15:10:24+08:00,2026-10-04T16:38:35+08:00,FB6242
hkjc:50001004,50001004,Dordrecht,2026-09-25T09:43:21+08:00,2026-10-03T10:13:02+08:00,FB6151
hkjc:50001042,50001042,Ecuador,2026-09-24T11:14:49+08:00,2026-10-05T10:15:21+08:00,FB6279
hkjc:50001051,50001051,Egypt,2026-09-25T09:43:21+08:00,2026-10-04T16:38:35+08:00,FB6287
hkjc:50001060,50001060,Eibar,2026-09-25T09:43:21+08:00,2026-10-03T10:13:02+08:00,FB6174
hkjc:50001066,50001066,El Salvador,2026-09-25T09:43:21+08:00,2026-10-03T10:13:02+08:00,FB6187
hkjc:50001069,50001069,Elfsborg,2026-09-20T15:10:24+08:00,2026-09-20T15:10:24+08:00,FB5514
hkjc:50001071,50001071,Elversberg,2026-09-20T15:10:24+08:00,2026-09-20T15:10:24+08:00,FB5372
hkjc:50001074,50001074,Emmen,2026-09-25T09:43:21+08:00,2026-10-03T10:13:02+08:00,FB6149
hkjc:50001076,50001076,England,2026-09-25T09:43:21+08:00,2026-10-03T10:13:02+08:00,FB6115
hkjc:50001078,50001078,England U20,2026-09-29T10:39:36+08:00,2026-10-03T10:13:02+08:00,FB6235
hkjc:50001079,50001079,England U21,2026-10-02T10:26:46+08:00,2026-10-02T10:26:46+08:00,FB6093
hkjc:50001110,50001110,Equatorial Guinea,2026-09-24T11:14:49+08:00,2026-09-24T11:14:49+08:00,FB5695
hkjc:50001123,50001123,Estonia,2026-09-25T09:43:21+08:00,2026-10-03T10:13:02+08:00,FB6133
hkjc:50001125,50001125,Estoril,2026-09-20T15:10:24+08:00,2026-09-20T15:10:24+08:00,FB5397
hkjc:50001126,50001126,Estudiantes,2026-09-16T07:13:56+08:00,2026-10-05T10:15:21+08:00,FB6241
hkjc:50001129,50001129,Estudiantes Rio Cuarto,2026-09-20T15:10:24+08:00,2026-10-05T10:15:21+08:00,FB6200
hkjc:50001133,50001133,Ethiopia,2026-09-25T09:43:21+08:00,2026-09-29T10:39:36+08:00,FB5994
hkjc:50001139,50001139,Everton VM,2026-09-24T11:14:49+08:00,2026-09-24T11:14:49+08:00,FB5636
hkjc:50001142,50001142,Exeter City,2026-09-25T09:43:21+08:00,2026-10-03T10:13:02+08:00,FB6165
hkjc:50001144,50001144,FC Andorra,2026-09-25T09:43:21+08:00,2026-10-03T10:13:02+08:00,FB6177
hkjc:50001152,50001152,FC Cincinnati,2026-09-20T15:10:24+08:00,2026-09-26T09:48:00+08:00,FB5824
hkjc:50001153,50001153,FC Dallas,2026-09-20T15:10:24+08:00,2026-09-27T09:39:17+08:00,FB5821
hkjc:50001156,50001156,FC Ehime,2026-09-29T10:39:36+08:00,2026-09-29T10:39:36+08:00,FB5977
hkjc:50001157,50001157,FC Eindhoven,2026-09-25T09:43:21+08:00,2026-10-03T10:13:02+08:00,FB6150
hkjc:50001167,50001167,FC Imabari,2026-09-25T09:43:21+08:00,2026-10-03T10:13:02+08:00,FB6131
hkjc:50001183,50001183,FC Seoul,2026-09-20T15:10:24+08:00,2026-09-20T15:10:24+08:00,FB5420
hkjc:50001191,50001191,FC Tokyo,2026-09-29T10:39:36+08:00,2026-09-29T10:39:36+08:00,FB5977
hkjc:50001193,50001193,FC Tulsa,2026-09-25T09:43:21+08:00,2026-10-03T10:13:02+08:00,FB6217
hkjc:50001196,50001196,FC Yokohama,2026-09-25T09:43:21+08:00,2026-10-03T10:13:02+08:00,FB6143
hkjc:50001217,50001217,Fagiano Okayama,2026-09-29T10:39:36+08:00,2026-09-29T10:39:36+08:00,FB5975
hkjc:50001224,50001224,Faroe Islands,2026-09-25T09:43:21+08:00,2026-10-02T10:26:46+08:00,FB6098
hkjc:50001238,50001238,Feyenoord,2026-09-20T15:10:24+08:00,2026-09-20T15:10:24+08:00,FB5355
hkjc:50001242,50001242,Finland,2026-09-25T09:43:21+08:00,2026-10-03T10:13:02+08:00,FB6140
hkjc:50001243,50001243,Finland U21,2026-09-25T09:43:21+08:00,2026-09-30T10:16:54+08:00,FB6012
hkjc:50001245,50001245,Fiorentina,2026-09-20T15:10:24+08:00,2026-09-20T15:10:24+08:00,FB5376
hkjc:50001246,50001246,Flamengo,2026-09-20T15:10:24+08:00,2026-09-20T15:10:24+08:00,FB5467
hkjc:50001248,50001248,Fleetwood,2026-09-25T09:43:21+08:00,2026-10-03T10:13:02+08:00,FB6166
hkjc:50001254,50001254,Fluminense,2026-09-20T15:10:24+08:00,2026-09-20T15:10:24+08:00,FB5465
hkjc:50001265,50001265,Fortaleza,2026-09-26T09:48:00+08:00,2026-10-02T10:26:46+08:00,FB6184
hkjc:50001268,50001268,France,2026-09-25T09:43:21+08:00,2026-10-05T10:15:21+08:00,FB6298
hkjc:50001271,50001271,France U20,2026-09-29T10:39:36+08:00,2026-10-03T10:13:02+08:00,FB6233
hkjc:50001272,50001272,France U21,2026-09-25T09:43:21+08:00,2026-10-03T10:13:02+08:00,FB6230
hkjc:50001307,50001307,Frankfurt Women,2026-10-03T10:13:02+08:00,2026-10-03T10:13:02+08:00,FB6193
hkjc:50001310,50001310,Fredrikstad,2026-09-20T15:10:24+08:00,2026-09-20T15:10:24+08:00,FB5417
hkjc:50001314,50001314,Frosinone,2026-09-20T15:10:24+08:00,2026-09-20T15:10:24+08:00,FB5379
hkjc:50001318,50001318,Fujieda MYFC,2026-09-25T09:43:21+08:00,2026-10-03T10:13:02+08:00,FB6145
hkjc:50001320,50001320,Fulham,2026-09-20T15:10:24+08:00,2026-09-20T15:10:24+08:00,FB5339
hkjc:50001322,50001322,GAIS,2026-09-20T15:10:24+08:00,2026-09-20T15:10:24+08:00,FB5554
hkjc:50001326,50001326,Gabon,2026-09-25T09:43:21+08:00,2026-09-29T10:39:36+08:00,FB5989
hkjc:50001338,50001338,Gamba Osaka,2026-09-20T15:10:24+08:00,2026-10-03T10:13:02+08:00,FB6132
hkjc:50001339,50001339,Gambia,2026-09-29T10:39:36+08:00,2026-09-29T10:39:36+08:00,FB5992
hkjc:50001343,50001343,Gangwon FC,2026-09-20T15:10:24+08:00,2026-09-27T09:39:17+08:00,FB5687
hkjc:50001352,50001352,Genk,2026-09-20T15:10:24+08:00,2026-09-20T15:10:24+08:00,FB5493
hkjc:50001353,50001353,Genoa,2026-09-20T15:10:24+08:00,2026-09-20T15:10:24+08:00,FB5377
hkjc:50001354,50001354,Georgia,2026-09-25T09:43:21+08:00,2026-10-05T10:15:21+08:00,FB6295
hkjc:50001355,50001355,Georgia U21,2026-09-25T09:43:21+08:00,2026-09-26T09:48:00+08:00,FB5745
hkjc:50001357,50001357,Germany,2026-09-24T11:14:49+08:00,2026-10-04T16:38:35+08:00,FB6250
hkjc:50001359,50001359,Germany U20,2026-09-29T10:39:36+08:00,2026-10-03T10:13:02+08:00,FB6235
hkjc:50001393,50001393,Getafe,2026-09-20T15:10:24+08:00,2026-09-20T15:10:24+08:00,FB5486
hkjc:50001394,50001394,Ghana,2026-09-24T11:14:49+08:00,2026-09-29T10:39:36+08:00,FB5992
hkjc:50001415,50001415,Gibraltar,2026-09-26T09:48:00+08:00,2026-09-27T09:39:17+08:00,FB5887
hkjc:50001417,50001417,Gijon,2026-09-25T09:43:21+08:00,2026-10-04T16:38:35+08:00,FB6178
hkjc:50001419,50001419,Gillingham,2026-09-25T09:43:21+08:00,2026-10-03T10:13:02+08:00,FB6161
hkjc:50001421,50001421,Gimnasia LP,2026-10-02T10:26:46+08:00,2026-10-03T10:13:02+08:00,FB6087
hkjc:50001423,50001423,Giravanz Kitakyushu,2026-09-29T10:39:36+08:00,2026-09-29T10:39:36+08:00,FB5985
hkjc:50001424,50001424,Girona,2026-09-25T09:43:21+08:00,2026-10-04T16:38:35+08:00,FB6181
hkjc:50001431,50001431,Go Ahead Eagles,2026-09-20T15:10:24+08:00,2026-09-20T15:10:24+08:00,FB5491
hkjc:50001433,50001433,Goias,2026-09-26T09:48:00+08:00,2026-10-02T10:26:46+08:00,FB6071
hkjc:50001451,50001451,Greece,2026-09-24T11:14:49+08:00,2026-10-04T16:38:35+08:00,FB6250
hkjc:50001453,50001453,Greece U21,2026-09-25T09:43:21+08:00,2026-10-01T10:17:44+08:00,FB6027
hkjc:50001456,50001456,Gremio,2026-09-16T07:13:56+08:00,2026-09-20T15:10:24+08:00,FB5469
hkjc:50001462,50001462,Grimsby,2026-09-25T09:43:21+08:00,2026-10-03T10:13:02+08:00,FB6164
hkjc:50001468,50001468,Guadalajara,2026-09-20T15:10:24+08:00,2026-10-04T16:38:35+08:00,FB6284
hkjc:50001476,50001476,Guatemala,2026-09-25T09:43:21+08:00,2026-10-02T10:26:46+08:00,FB6185
hkjc:50001482,50001482,Guimaraes,2026-09-20T15:10:24+08:00,2026-09-20T15:10:24+08:00,FB5400
hkjc:50001483,50001483,Guinea,2026-09-26T09:48:00+08:00,2026-10-01T10:17:44+08:00,FB6073
hkjc:50001484,50001484,Guinea Bissau,2026-09-25T09:43:21+08:00,2026-09-29T10:39:36+08:00,FB5990
hkjc:50001491,50001491,Gwangju FC,2026-09-20T15:10:24+08:00,2026-09-20T15:10:24+08:00,FB5348
hkjc:50001493,50001493,Gyeongnam FC,2026-09-20T15:10:24+08:00,2026-09-20T15:10:24+08:00,FB5419
hkjc:50001499,50001499,Hacken,2026-09-20T15:10:24+08:00,2026-09-20T15:10:24+08:00,FB5515
hkjc:50001501,50001501,Haiti,2026-09-24T11:14:49+08:00,2026-10-05T10:15:21+08:00,FB6299
hkjc:50001509,50001509,Halmstads,2026-09-20T15:10:24+08:00,2026-09-20T15:10:24+08:00,FB5516
hkjc:50001510,50001510,Ham-Kam,2026-09-20T15:10:24+08:00,2026-09-20T15:10:24+08:00,FB5416
hkjc:50001513,50001513,Hammarby,2026-09-20T15:10:24+08:00,2026-09-20T15:10:24+08:00,FB5555
hkjc:50001515,50001515,Hannover,2026-09-20T15:10:24+08:00,2026-09-20T15:10:24+08:00,FB5359
hkjc:50001532,50001532,Heidenheim,2026-09-20T15:10:24+08:00,2026-09-20T15:10:24+08:00,FB5415
hkjc:50001534,50001534,Helmond,2026-09-25T09:43:21+08:00,2026-10-02T10:26:46+08:00,FB6097
hkjc:50001536,50001536,Heracles,2026-09-25T09:43:21+08:00,2026-10-02T10:26:46+08:00,FB6097
hkjc:50001549,50001549,Hoffenheim,2026-09-20T15:10:24+08:00,2026-09-20T15:10:24+08:00,FB5511
hkjc:50001550,50001550,Hokkaido Consadole Sapporo,2026-09-25T09:43:21+08:00,2026-10-03T10:13:02+08:00,FB6142
hkjc:50001554,50001554,Honduras,2026-09-25T09:43:21+08:00,2026-10-02T10:26:46+08:00,FB6186
hkjc:50001564,50001564,Horsens,2026-09-20T15:10:24+08:00,2026-09-20T15:10:24+08:00,FB5407
hkjc:50001566,50001566,Houston Dynamo,2026-09-20T15:10:24+08:00,2026-09-26T09:48:00+08:00,FB5826
hkjc:50001567,50001567,Huachipato,2026-10-02T10:26:46+08:00,2026-10-02T10:26:46+08:00,FB6091
hkjc:50001569,50001569,Huddersfield,2026-10-02T10:26:46+08:00,2026-10-03T10:13:02+08:00,FB6157
hkjc:50001573,50001573,Hungary,2026-09-25T09:43:21+08:00,2026-10-05T10:15:21+08:00,FB6294
hkjc:50001575,50001575,Hungary U21,2026-09-25T09:43:21+08:00,2026-10-01T10:17:44+08:00,FB6024
hkjc:50001576,50001576,Huracan,2026-10-03T10:13:02+08:00,2026-10-04T16:38:35+08:00,FB6197
hkjc:50001577,50001577,Hwaseong FC,2026-09-20T15:10:24+08:00,2026-09-20T15:10:24+08:00,FB5351
hkjc:50001583,50001583,Iceland,2026-09-25T09:43:21+08:00,2026-10-03T10:13:02+08:00,FB6134
hkjc:50001584,50001584,Iceland U21,2026-09-25T09:43:21+08:00,2026-09-29T10:39:36+08:00,FB5980
hkjc:50001589,50001589,Incheon Utd,2026-09-20T15:10:24+08:00,2026-09-27T09:39:17+08:00,FB5687
hkjc:50001590,50001590,Independiente,2026-10-02T10:26:46+08:00,2026-10-02T10:26:46+08:00,FB6088
hkjc:50001595,50001595,Independiente Rivadavia,2026-09-16T07:13:56+08:00,2026-10-03T10:13:02+08:00,FB6087
hkjc:50001598,50001598,India,2026-09-25T09:43:21+08:00,2026-10-03T10:13:02+08:00,FB6231
hkjc:50001601,50001601,Indonesia,2026-09-25T09:43:21+08:00,2026-10-05T10:15:21+08:00,FB6281
hkjc:50001605,50001605,Indy Eleven,2026-09-20T15:10:24+08:00,2026-10-03T10:13:02+08:00,FB6216
hkjc:50001607,50001607,Instituto de Cordoba,2026-10-02T10:26:46+08:00,2026-10-02T10:26:46+08:00,FB6088
hkjc:50001609,50001609,Inter Miami CF,2026-09-20T15:10:24+08:00,2026-09-28T09:51:26+08:00,FB5828
hkjc:50001617,50001617,Internacional,2026-09-20T15:10:24+08:00,2026-09-20T15:10:24+08:00,FB5436
hkjc:50001621,50001621,Iquique,2026-09-24T11:14:49+08:00,2026-09-27T09:39:17+08:00,FB5861
hkjc:50001623,50001623,Iran,2026-09-24T11:14:49+08:00,2026-09-29T10:39:36+08:00,FB6008
hkjc:50001624,50001624,Iran AM,2026-09-20T15:10:24+08:00,2026-09-20T15:10:24+08:00,FB5385
hkjc:50001639,50001639,Iraq,2026-09-26T09:48:00+08:00,2026-09-29T10:39:36+08:00,FB6001
hkjc:50001650,50001650,Israel,2026-09-24T11:14:49+08:00,2026-10-04T16:38:35+08:00,FB6255
hkjc:50001651,50001651,Israel U21,2026-09-29T10:39:36+08:00,2026-09-29T10:39:36+08:00,FB5987
hkjc:50001655,50001655,Italy,2026-09-25T09:43:21+08:00,2026-10-05T10:15:21+08:00,FB6293
hkjc:50001656,50001656,Italy U20,2026-09-29T10:39:36+08:00,2026-10-03T10:13:02+08:00,FB6233
hkjc:50001657,50001657,Italy U21,2026-09-30T10:16:54+08:00,2026-10-05T10:15:21+08:00,FB6313
hkjc:50001674,50001674,JEF United Chiba,2026-09-29T10:39:36+08:00,2026-09-29T10:39:36+08:00,FB5972
hkjc:50001681,50001681,Jamaica,2026-09-25T09:43:21+08:00,2026-10-03T10:13:02+08:00,FB6187
hkjc:50001684,50001684,Japan,2026-09-24T11:14:49+08:00,2026-10-05T10:15:21+08:00,FB6280
hkjc:50001685,50001685,Japan AM,2026-09-20T15:10:24+08:00,2026-10-03T10:13:02+08:00,FB6121
hkjc:50001689,50001689,Japan Women,2026-09-20T15:10:24+08:00,2026-10-02T10:26:46+08:00,FB6076
hkjc:50001710,50001710,Jeju SK,2026-09-20T15:10:24+08:00,2026-09-20T15:10:24+08:00,FB5432
hkjc:50001712,50001712,Jeonbuk Motors,2026-09-20T15:10:24+08:00,2026-09-20T15:10:24+08:00,FB5348
hkjc:50001724,50001724,Jordan,2026-09-27T09:39:17+08:00,2026-09-27T09:39:17+08:00,FB5919
hkjc:50001730,50001730,Juarez,2026-09-26T09:48:00+08:00,2026-09-28T09:51:26+08:00,FB5834
hkjc:50001732,50001732,Jubilo Iwata,2026-09-25T09:43:21+08:00,2026-10-04T16:38:35+08:00,FB6136
hkjc:50001737,50001737,Juventud Las Piedras,2026-09-26T09:48:00+08:00,2026-10-04T16:38:35+08:00,FB6126
hkjc:50001739,50001739,Juventude,2026-09-26T09:48:00+08:00,2026-10-02T10:26:46+08:00,FB6171
hkjc:50001741,50001741,Juventus,2026-09-20T15:10:24+08:00,2026-09-20T15:10:24+08:00,FB5497
hkjc:50001762,50001762,KV Kortrijk,2026-09-20T15:10:24+08:00,2026-09-20T15:10:24+08:00,FB5496
hkjc:50001768,50001768,Kalmar,2026-09-20T15:10:24+08:00,2026-09-20T15:10:24+08:00,FB5515
hkjc:50001775,50001775,Kashiwa Reysol,2026-09-20T15:10:24+08:00,2026-10-03T10:13:02+08:00,FB6132
hkjc:50001776,50001776,Kataller Toyama,2026-09-25T09:43:21+08:00,2026-10-03T10:13:02+08:00,FB6129
hkjc:50001779,50001779,Kawasaki Frontale,2026-09-29T10:39:36+08:00,2026-09-29T10:39:36+08:00,FB5970
hkjc:50001782,50001782,Kazakhstan,2026-09-25T09:43:21+08:00,2026-10-02T10:26:46+08:00,FB6109
hkjc:50001787,50001787,Kenya,2026-10-01T10:17:44+08:00,2026-10-01T10:17:44+08:00,FB6073
hkjc:50001803,50001803,Korea DPR AM,2026-09-20T15:10:24+08:00,2026-09-26T09:48:00+08:00,FB5721
hkjc:50001806,50001806,Korea DPR Women,2026-09-20T15:10:24+08:00,2026-10-02T10:26:46+08:00,FB6076
hkjc:50001807,50001807,Korea DPR Women U20,2026-09-20T15:10:24+08:00,2026-09-27T09:39:17+08:00,FB5808
hkjc:50001808,50001808,Korea Republic,2026-09-24T11:14:49+08:00,2026-10-05T10:15:21+08:00,FB6317
hkjc:50001809,50001809,Korea Republic AM,2026-09-20T15:10:24+08:00,2026-10-03T10:13:02+08:00,FB6121
hkjc:50001814,50001814,Korea Republic Women,2026-09-20T15:10:24+08:00,2026-10-02T10:26:46+08:00,FB6075
hkjc:50001834,50001834,Kosovo,2026-09-24T11:14:49+08:00,2026-10-04T16:38:35+08:00,FB6253
hkjc:50001841,50001841,Kuwait,2026-09-26T09:48:00+08:00,2026-09-29T10:39:36+08:00,FB6000
hkjc:50001842,50001842,Kuwait AM,2026-09-20T15:10:24+08:00,2026-09-20T15:10:24+08:00,FB5576
hkjc:50001845,50001845,Kyoto Sanga,2026-10-02T10:26:46+08:00,2026-10-03T10:13:02+08:00,FB6130
hkjc:50001846,50001846,Kyrgyzstan,2026-10-04T16:34:33+08:00,2026-10-04T16:38:35+08:00,FB6278
hkjc:50001847,50001847,Kyrgyzstan AM,2026-09-20T15:10:24+08:00,2026-09-20T15:10:24+08:00,FB5423
hkjc:50001852,50001852,LA Galaxy,2026-09-20T15:10:24+08:00,2026-09-27T09:39:17+08:00,FB5832
hkjc:50001853,50001853,LASK Linz,2026-09-20T15:10:24+08:00,2026-09-20T15:10:24+08:00,FB5483
hkjc:50001866,50001866,Lanus,2026-09-20T15:10:24+08:00,2026-10-03T10:13:02+08:00,FB6203
hkjc:50001872,50001872,Las Palmas,2026-09-20T15:10:24+08:00,2026-10-04T16:38:35+08:00,FB6179
hkjc:50001873,50001873,Latvia,2026-09-25T09:43:21+08:00,2026-10-05T10:15:21+08:00,FB6292
hkjc:50001874,50001874,Latvia U21,2026-09-30T10:16:54+08:00,2026-10-01T10:17:44+08:00,FB6027
hkjc:50001875,50001875,Lausanne,2026-09-20T15:10:24+08:00,2026-09-20T15:10:24+08:00,FB5489
hkjc:50001882,50001882,Lebanon,2026-10-04T16:34:33+08:00,2026-10-04T16:38:35+08:00,FB6278
hkjc:50001884,50001884,Lecce,2026-09-20T15:10:24+08:00,2026-09-20T15:10:24+08:00,FB5380
hkjc:50001887,50001887,Leeds,2026-09-20T15:10:24+08:00,2026-09-20T15:10:24+08:00,FB5438
hkjc:50001888,50001888,Leganes,2026-09-20T15:10:24+08:00,2026-10-03T10:13:02+08:00,FB6176
hkjc:50001898,50001898,Lesotho,2026-09-25T09:43:21+08:00,2026-09-29T10:39:36+08:00,FB5993
hkjc:50001900,50001900,Levante,2026-09-20T15:10:24+08:00,2026-09-20T15:10:24+08:00,FB5494
hkjc:50001901,50001901,Leverkusen,2026-09-20T15:10:24+08:00,2026-09-20T15:10:24+08:00,FB5371
hkjc:50001903,50001903,Leyton Orient,2026-10-02T10:26:46+08:00,2026-10-03T10:13:02+08:00,FB6159
hkjc:50001904,50001904,Liberia,2026-09-29T10:39:36+08:00,2026-09-29T10:39:36+08:00,FB5988
hkjc:50001907,50001907,Libya,2026-09-24T11:14:49+08:00,2026-09-24T11:14:49+08:00,FB5692
hkjc:50001909,50001909,Liechtenstein,2026-09-24T11:14:49+08:00,2026-10-01T10:17:44+08:00,FB6050
hkjc:50001912,50001912,Lille,2026-09-20T15:10:24+08:00,2026-09-20T15:10:24+08:00,FB5369
hkjc:50001914,50001914,Lillestrom,2026-09-20T15:10:24+08:00,2026-09-20T15:10:24+08:00,FB5545
hkjc:50001926,50001926,Lithuania,2026-09-24T11:14:49+08:00,2026-10-04T16:38:35+08:00,FB6256
hkjc:50001927,50001927,Lithuania U21,2026-09-30T10:16:54+08:00,2026-10-01T10:17:44+08:00,FB6024
hkjc:50001928,50001928,Liverpool,2026-09-20T15:10:24+08:00,2026-09-20T15:10:24+08:00,FB5437
hkjc:50001955,50001955,Londrina,2026-09-24T11:14:49+08:00,2026-10-02T10:26:46+08:00,FB6173
hkjc:50001958,50001958,Los Angeles FC,2026-09-26T09:48:00+08:00,2026-09-27T09:39:17+08:00,FB5821
hkjc:50001959,50001959,Louisville City,2026-09-25T09:43:21+08:00,2026-09-25T09:43:21+08:00,FB5739
hkjc:50001965,50001965,Lugano,2026-09-20T15:10:24+08:00,2026-09-20T15:10:24+08:00,FB5489
hkjc:50001970,50001970,Luton,2026-10-03T10:13:02+08:00,2026-10-03T10:13:02+08:00,FB6223
hkjc:50001972,50001972,Luxembourg,2026-09-25T09:43:21+08:00,2026-10-03T10:13:02+08:00,FB6133
hkjc:50001973,50001973,Luxembourg U21,2026-09-25T09:43:21+08:00,2026-10-03T10:13:02+08:00,FB6230
hkjc:50001984,50001984,Maastricht,2026-09-25T09:43:21+08:00,2026-10-03T10:13:02+08:00,FB6154
hkjc:50001992,50001992,Machida Zelvia,2026-09-20T15:10:24+08:00,2026-10-03T10:13:02+08:00,FB6130
hkjc:50001993,50001993,Madagascar,2026-09-25T09:43:21+08:00,2026-09-25T09:43:21+08:00,FB5746
hkjc:50002002,50002002,Malaga,2026-09-20T15:10:24+08:00,2026-09-20T15:10:24+08:00,FB5486
hkjc:50002004,50002004,Malawi,2026-09-25T09:43:21+08:00,2026-09-25T09:43:21+08:00,FB5761
hkjc:50002005,50002005,Malaysia,2026-09-25T09:43:21+08:00,2026-10-05T10:15:21+08:00,FB6282
hkjc:50002009,50002009,Maldives,2026-09-24T11:14:49+08:00,2026-09-24T11:14:49+08:00,FB5661
hkjc:50002012,50002012,Mali,2026-09-25T09:43:21+08:00,2026-10-04T16:38:35+08:00,FB6288
hkjc:50002016,50002016,Mallorca,2026-09-25T09:43:21+08:00,2026-10-04T16:38:35+08:00,FB6181
hkjc:50002023,50002023,Manchester City,2026-09-20T15:10:24+08:00,2026-09-20T15:10:24+08:00,FB5439
hkjc:50002035,50002035,Manchester Utd,2026-09-20T15:10:24+08:00,2026-09-20T15:10:24+08:00,FB5339
hkjc:50002057,50002057,Marseille,2026-09-20T15:10:24+08:00,2026-09-20T15:10:24+08:00,FB5440
hkjc:50002059,50002059,Martinique,2026-09-25T09:43:21+08:00,2026-10-02T10:26:46+08:00,FB6186
hkjc:50002063,50002063,Mauritania,2026-09-24T11:14:49+08:00,2026-09-29T10:39:36+08:00,FB6007
hkjc:50002084,50002084,Mexico,2026-09-26T09:48:00+08:00,2026-10-03T10:13:02+08:00,FB6232
hkjc:50002086,50002086,Mexico U20,2026-10-04T16:34:33+08:00,2026-10-04T16:38:35+08:00,FB6306
hkjc:50002113,50002113,Miami FC,2026-09-30T10:16:54+08:00,2026-10-03T10:13:02+08:00,FB6219
hkjc:50002123,50002123,Mineros Zacatecas,2026-09-24T11:14:49+08:00,2026-10-03T10:13:02+08:00,FB6225
hkjc:50002125,50002125,Minnesota Utd,2026-09-20T15:10:24+08:00,2026-09-26T09:48:00+08:00,FB5830
hkjc:50002129,50002129,Mjallby,2026-09-20T15:10:24+08:00,2026-09-20T15:10:24+08:00,FB5554
hkjc:50002138,50002138,Moldova,2026-09-25T09:43:21+08:00,2026-10-02T10:26:46+08:00,FB6109
hkjc:50002139,50002139,Moldova U21,2026-10-02T10:26:46+08:00,2026-10-02T10:26:46+08:00,FB6083
hkjc:50002148,50002148,Montedio Yamagata,2026-09-25T09:43:21+08:00,2026-10-03T10:13:02+08:00,FB6146
hkjc:50002150,50002150,Montenegro,2026-09-25T09:43:21+08:00,2026-10-05T10:15:21+08:00,FB6301
hkjc:50002151,50002151,Montenegro U21,2026-09-30T10:16:54+08:00,2026-10-05T10:15:21+08:00,FB6312
hkjc:50002152,50002152,Monterrey,2026-09-20T15:10:24+08:00,2026-09-26T09:48:00+08:00,FB5718
hkjc:50002153,50002153,Montevideo City Torque,2026-09-20T15:10:24+08:00,2026-10-05T10:15:21+08:00,FB6127
hkjc:50002154,50002154,Montevideo Liverpool,2026-09-20T15:10:24+08:00,2026-09-27T09:39:17+08:00,FB5816
hkjc:50002155,50002155,Montevideo Nacional,2026-09-20T15:10:24+08:00,2026-10-05T10:15:21+08:00,FB6127
hkjc:50002157,50002157,Montevideo Wanderers,2026-09-26T09:48:00+08:00,2026-10-04T16:38:35+08:00,FB6125
hkjc:50002166,50002166,Moreirense,2026-09-20T15:10:24+08:00,2026-09-20T15:10:24+08:00,FB5400
hkjc:50002168,50002168,Morocco,2026-09-25T09:43:21+08:00,2026-10-04T16:38:35+08:00,FB6288
hkjc:50002183,50002183,Mozambique,2026-09-25T09:43:21+08:00,2026-09-29T10:39:36+08:00,FB5996
hkjc:50002197,50002197,NAC,2026-09-20T15:10:24+08:00,2026-10-03T10:13:02+08:00,FB6152
hkjc:50002198,50002198,NEC Nijmegen,2026-09-20T15:10:24+08:00,2026-09-20T15:10:24+08:00,FB5491
hkjc:50002206,50002206,Nagoya Grampus,2026-09-29T10:39:36+08:00,2026-09-29T10:39:36+08:00,FB5985
hkjc:50002207,50002207,Namibia,2026-09-24T11:14:49+08:00,2026-10-03T10:13:02+08:00,FB6234
hkjc:50002210,50002210,Napoli,2026-09-20T15:10:24+08:00,2026-09-20T15:10:24+08:00,FB5376
hkjc:50002213,50002213,Nashville SC,2026-09-20T15:10:24+08:00,2026-09-26T09:48:00+08:00,FB5819
hkjc:50002214,50002214,Nautico Recife,2026-09-20T15:10:24+08:00,2026-10-02T10:26:46+08:00,FB6184
hkjc:50002217,50002217,Necaxa,2026-09-20T15:10:24+08:00,2026-09-28T09:51:26+08:00,FB5833
hkjc:50002222,50002222,Netherlands,2026-09-24T11:14:49+08:00,2026-10-04T16:38:35+08:00,FB6251
hkjc:50002225,50002225,Netherlands U21,2026-09-25T09:43:21+08:00,2026-10-02T10:26:46+08:00,FB6108
hkjc:50002244,50002244,New England Revolution,2026-09-26T09:48:00+08:00,2026-09-27T09:39:17+08:00,FB5827
hkjc:50002245,50002245,New York City,2026-09-26T09:48:00+08:00,2026-09-26T09:48:00+08:00,FB5820
hkjc:50002247,50002247,New York Red Bulls,2026-09-26T09:48:00+08:00,2026-10-01T10:17:44+08:00,FB6052
hkjc:50002248,50002248,New Zealand,2026-09-24T11:14:49+08:00,2026-10-05T10:15:21+08:00,FB6280
hkjc:50002255,50002255,Newell's Old Boys,2026-09-20T15:10:24+08:00,2026-10-03T10:13:02+08:00,FB6203
hkjc:50002256,50002256,Newport County,2026-09-25T09:43:21+08:00,2026-10-03T10:13:02+08:00,FB6161
hkjc:50002258,50002258,Nicaragua,2026-09-24T11:14:49+08:00,2026-10-05T10:15:21+08:00,FB6297
hkjc:50002259,50002259,Nice,2026-09-20T15:10:24+08:00,2026-09-20T15:10:24+08:00,FB5369
hkjc:50002260,50002260,Niger,2026-09-25T09:43:21+08:00,2026-09-29T10:39:36+08:00,FB5989
hkjc:50002261,50002261,Nigeria,2026-09-25T09:43:21+08:00,2026-09-29T10:39:36+08:00,FB5990
hkjc:50002265,50002265,Nigeria Women U20,2026-09-20T15:10:24+08:00,2026-09-20T15:10:24+08:00,FB5566
hkjc:50002285,50002285,Nordsjaelland,2026-09-20T15:10:24+08:00,2026-09-20T15:10:24+08:00,FB5406
hkjc:50002287,50002287,North Macedonia,2026-09-25T09:43:21+08:00,2026-10-03T10:13:02+08:00,FB6147
hkjc:50002288,50002288,North Macedonia U21,2026-09-30T10:16:54+08:00,2026-10-05T10:15:21+08:00,FB6310
hkjc:50002291,50002291,Northern Ireland,2026-09-25T09:43:21+08:00,2026-10-05T10:15:21+08:00,FB6295
hkjc:50002295,50002295,Norway,2026-09-24T11:14:49+08:00,2026-10-04T16:38:35+08:00,FB6254
hkjc:50002297,50002297,Norway U21,2026-09-25T09:43:21+08:00,2026-09-29T10:39:36+08:00,FB6002
hkjc:50002299,50002299,Norwich,2026-09-20T15:10:24+08:00,2026-09-20T15:10:24+08:00,FB5537
hkjc:50002305,50002305,Novorizontino,2026-09-24T11:14:49+08:00,2026-10-02T10:26:46+08:00,FB6071
hkjc:50002311,50002311,O'Higgins,2026-09-24T11:14:49+08:00,2026-10-04T16:38:35+08:00,FB6305
hkjc:50002315,50002315,Oaxaca,2026-09-20T15:10:24+08:00,2026-10-03T10:13:02+08:00,FB6226
hkjc:50002324,50002324,Oita Trinita,2026-09-25T09:43:21+08:00,2026-10-03T10:13:02+08:00,FB6146
hkjc:50002326,50002326,Oldham,2026-09-25T09:43:21+08:00,2026-09-26T09:48:00+08:00,FB5780
hkjc:50002340,50002340,Oman,2026-09-26T09:48:00+08:00,2026-10-03T10:13:02+08:00,FB6244
hkjc:50002343,50002343,RB Omiya Ardija,2026-09-25T09:43:21+08:00,2026-10-04T16:38:35+08:00,FB6144
hkjc:50002347,50002347,Operario Ferroviario,2026-09-20T15:10:24+08:00,2026-10-02T10:26:46+08:00,FB6171
hkjc:50002348,50002348,Orange County SC,2026-09-25T09:43:21+08:00,2026-10-03T10:13:02+08:00,FB6240
hkjc:50002354,50002354,Orlando City,2026-09-26T09:48:00+08:00,2026-09-26T09:48:00+08:00,FB5822
hkjc:50002361,50002361,Oss,2026-09-25T09:43:21+08:00,2026-10-03T10:13:02+08:00,FB6154
hkjc:50002367,50002367,Oviedo,2026-09-25T09:43:21+08:00,2026-10-02T10:26:46+08:00,FB6084
hkjc:50002380,50002380,PSV Eindhoven,2026-09-20T15:10:24+08:00,2026-09-20T15:10:24+08:00,FB5360
hkjc:50002381,50002381,Pachuca,2026-09-20T15:10:24+08:00,2026-09-27T09:39:17+08:00,FB5837
hkjc:50002383,50002383,Paderborn,2026-09-20T15:10:24+08:00,2026-09-20T15:10:24+08:00,FB5511
hkjc:50002387,50002387,Pakistan,2026-09-26T09:48:00+08:00,2026-10-02T10:26:46+08:00,FB6138
hkjc:50002391,50002391,Palestine,2026-09-24T11:14:49+08:00,2026-10-02T10:26:46+08:00,FB6023
hkjc:50002396,50002396,Palmeiras,2026-09-20T15:10:24+08:00,2026-09-20T15:10:24+08:00,FB5469
hkjc:50002398,50002398,Panama,2026-09-25T09:43:21+08:00,2026-10-05T10:15:21+08:00,FB6279
hkjc:50002407,50002407,Paraguay,2026-09-27T09:39:17+08:00,2026-10-02T10:26:46+08:00,FB6119
hkjc:50002420,50002420,Paris Saint Germain,2026-09-20T15:10:24+08:00,2026-09-20T15:10:24+08:00,FB5440
hkjc:50002421,50002421,Parma,2026-09-20T15:10:24+08:00,2026-09-20T15:10:24+08:00,FB5377
hkjc:50002435,50002435,Penarol,2026-09-26T09:48:00+08:00,2026-10-04T16:38:35+08:00,FB6124
hkjc:50002443,50002443,Peru,2026-09-26T09:48:00+08:00,2026-10-03T10:13:02+08:00,FB6236
hkjc:50002449,50002449,Peterborough,2026-09-25T09:43:21+08:00,2026-09-26T09:48:00+08:00,FB5768
hkjc:50002454,50002454,Philadelphia Union,2026-09-20T15:10:24+08:00,2026-09-26T09:48:00+08:00,FB5822
hkjc:50002455,50002455,Philippines,2026-09-26T09:48:00+08:00,2026-10-02T10:26:46+08:00,FB6137
hkjc:50002456,50002456,Philippines Women,2026-09-20T15:10:24+08:00,2026-09-25T09:43:21+08:00,FB5668
hkjc:50002461,50002461,Pittsburgh Riverhounds,2026-09-25T09:43:21+08:00,2026-09-27T09:39:17+08:00,FB5789
hkjc:50002464,50002464,Plaza Colonia,2026-09-29T10:39:36+08:00,2026-09-30T10:16:54+08:00,FB5986
hkjc:50002466,50002466,Plymouth,2026-09-25T09:43:21+08:00,2026-10-03T10:13:02+08:00,FB6159
hkjc:50002469,50002469,Pohang Steelers,2026-09-20T15:10:24+08:00,2026-09-20T15:10:24+08:00,FB5420
hkjc:50002470,50002470,Poland,2026-09-25T09:43:21+08:00,2026-10-05T10:15:21+08:00,FB6302
hkjc:50002472,50002472,Poland U21,2026-09-29T10:39:36+08:00,2026-10-05T10:15:21+08:00,FB6313
hkjc:50002483,50002483,Port FC,2026-09-20T15:10:24+08:00,2026-09-20T15:10:24+08:00,FB5428
hkjc:50002488,50002488,Portland Timbers,2026-09-20T15:10:24+08:00,2026-09-27T09:39:17+08:00,FB5825
hkjc:50002490,50002490,Porto,2026-09-20T15:10:24+08:00,2026-09-20T15:10:24+08:00,FB5399
hkjc:50002502,50002502,Portugal,2026-09-24T11:14:49+08:00,2026-10-04T16:38:35+08:00,FB6254
hkjc:50002505,50002505,Portugal U21,2026-09-25T09:43:21+08:00,2026-09-25T09:43:21+08:00,FB5740
hkjc:50002537,50002537,Puebla,2026-09-26T09:48:00+08:00,2026-09-27T09:39:17+08:00,FB5836
hkjc:50002538,50002538,Puerto Montt,2026-09-26T09:48:00+08:00,2026-09-29T10:39:36+08:00,FB6006
hkjc:50002540,50002540,Pumas UNAM,2026-09-26T09:48:00+08:00,2026-09-27T09:39:17+08:00,FB5835
hkjc:50002546,50002546,Qatar,2026-09-24T11:14:49+08:00,2026-10-03T10:13:02+08:00,FB6243
hkjc:50002552,50002552,Queretaro,2026-09-20T15:10:24+08:00,2026-09-26T09:48:00+08:00,FB5862
hkjc:50002555,50002555,RB Bragantino,2026-09-20T15:10:24+08:00,2026-10-03T10:13:02+08:00,FB6208
hkjc:50002556,50002556,RB Leipzig,2026-09-20T15:10:24+08:00,2026-09-20T15:10:24+08:00,FB5371
hkjc:50002561,50002561,RKC Waalwijk,2026-09-25T09:43:21+08:00,2026-10-03T10:13:02+08:00,FB6149
hkjc:50002565,50002565,Racing Club,2026-09-25T09:43:21+08:00,2026-10-05T10:15:21+08:00,FB6200
hkjc:50002566,50002566,Racing Club Montevideo,2026-09-20T15:10:24+08:00,2026-10-04T16:38:35+08:00,FB6124
hkjc:50002574,50002574,Randers,2026-09-20T15:10:24+08:00,2026-09-20T15:10:24+08:00,FB5404
hkjc:50002575,50002575,Rangers,2026-09-20T15:10:24+08:00,2026-09-20T15:10:24+08:00,FB5481
hkjc:50002582,50002582,Ratchaburi,2026-09-20T15:10:24+08:00,2026-09-20T15:10:24+08:00,FB5427
hkjc:50002585,50002585,Reading,2026-09-25T09:43:21+08:00,2026-10-03T10:13:02+08:00,FB6156
hkjc:50002589,50002589,Real Madrid,2026-09-20T15:10:24+08:00,2026-09-20T15:10:24+08:00,FB5362
hkjc:50002609,50002609,Real Salt Lake,2026-09-20T15:10:24+08:00,2026-09-27T09:39:17+08:00,FB5827
hkjc:50002610,50002610,Real Sociedad,2026-09-20T15:10:24+08:00,2026-09-20T15:10:24+08:00,FB5509
hkjc:50002611,50002611,Real Sociedad B,2026-09-25T09:43:21+08:00,2026-10-04T16:38:35+08:00,FB6183
hkjc:50002623,50002623,Republic of Ireland,2026-09-24T11:14:49+08:00,2026-10-04T16:38:35+08:00,FB6255
hkjc:50002624,50002624,Republic of Ireland U21,2026-09-25T09:43:21+08:00,2026-09-25T09:43:21+08:00,FB5723
hkjc:50002640,50002640,Roasso Kumamoto,2026-09-29T10:39:36+08:00,2026-09-29T10:39:36+08:00,FB5970
hkjc:50002641,50002641,Rochdale,2026-09-25T09:43:21+08:00,2026-10-03T10:13:02+08:00,FB6163
hkjc:50002644,50002644,Roda,2026-09-25T09:43:21+08:00,2026-10-04T16:38:35+08:00,FB6153
hkjc:50002649,50002649,Romania,2026-09-25T09:43:21+08:00,2026-10-05T10:15:21+08:00,FB6300
hkjc:50002651,50002651,Romania U21,2026-09-29T10:39:36+08:00,2026-09-30T10:16:54+08:00,FB6012
hkjc:50002653,50002653,Rosario Central,2026-09-20T15:10:24+08:00,2026-10-05T10:15:21+08:00,FB6198
hkjc:50002660,50002660,Rotherham,2026-09-25T09:43:21+08:00,2026-10-03T10:13:02+08:00,FB6165
hkjc:50002670,50002670,Russia,2026-09-29T10:39:36+08:00,2026-10-03T10:13:02+08:00,FB6234
hkjc:50002671,50002671,Russia U21,2026-10-05T10:15:21+08:00,2026-10-05T10:15:21+08:00,FB6320
hkjc:50002676,50002676,Rwanda,2026-09-29T10:39:36+08:00,2026-09-29T10:39:36+08:00,FB5991
hkjc:50002691,50002691,Sabadell,2026-09-25T09:43:21+08:00,2026-10-03T10:13:02+08:00,FB6177
hkjc:50002694,50002694,Sacramento Republic,2026-09-20T15:10:24+08:00,2026-10-03T10:13:02+08:00,FB6217
hkjc:50002695,50002695,Sagan Tosu,2026-09-25T09:43:21+08:00,2026-10-03T10:13:02+08:00,FB6135
hkjc:50002707,50002707,Salford City,2026-09-25T09:43:21+08:00,2026-10-03T10:13:02+08:00,FB6166
hkjc:50002709,50002709,Salzburg,2026-09-20T15:10:24+08:00,2026-09-20T15:10:24+08:00,FB5482
hkjc:50002712,50002712,San Antonio FC,2026-09-20T15:10:24+08:00,2026-10-03T10:13:02+08:00,FB6227
hkjc:50002715,50002715,San Jose Earthquakes,2026-09-26T09:48:00+08:00,2026-09-27T09:39:17+08:00,FB5825
hkjc:50002716,50002716,San Lorenzo,2026-09-20T15:10:24+08:00,2026-10-03T10:13:02+08:00,FB6205
hkjc:50002719,50002719,San Marino,2026-09-25T09:43:21+08:00,2026-10-03T10:13:02+08:00,FB6167
hkjc:50002725,50002725,Sandefjord,2026-09-20T15:10:24+08:00,2026-09-20T15:10:24+08:00,FB5418
hkjc:50002729,50002729,Sanfrecce Hiroshima,2026-09-29T10:39:36+08:00,2026-09-29T10:39:36+08:00,FB5973
hkjc:50002732,50002732,Santa Clara,2026-09-20T15:10:24+08:00,2026-09-20T15:10:24+08:00,FB5396
hkjc:50002739,50002739,Santos,2026-09-16T07:13:56+08:00,2026-10-02T10:26:46+08:00,FB6095
hkjc:50002740,50002740,Santos Laguna,2026-09-20T15:10:24+08:00,2026-09-27T09:39:17+08:00,FB5837
hkjc:50002743,50002743,Sao Bernardo,2026-09-24T11:14:49+08:00,2026-10-02T10:26:46+08:00,FB6172
hkjc:50002746,50002746,Sao Paulo,2026-09-20T15:10:24+08:00,2026-10-02T10:26:46+08:00,FB6095
hkjc:50002754,50002754,Saudi Arabia,2026-09-26T09:48:00+08:00,2026-10-05T10:15:21+08:00,FB6319
hkjc:50002755,50002755,Saudi Arabia AM,2026-09-20T15:10:24+08:00,2026-09-25T09:43:21+08:00,FB5702
hkjc:50002766,50002766,Schalke 04,2026-09-20T15:10:24+08:00,2026-09-20T15:10:24+08:00,FB5372
hkjc:50002769,50002769,Scotland,2026-09-25T09:43:21+08:00,2026-10-03T10:13:02+08:00,FB6147
hkjc:50002770,50002770,Scotland U21,2026-09-29T10:39:36+08:00,2026-09-30T10:16:54+08:00,FB6011
hkjc:50002773,50002773,Seattle Sounders,2026-09-20T15:10:24+08:00,2026-10-02T10:26:46+08:00,FB6026
hkjc:50002777,50002777,Senegal,2026-09-25T09:43:21+08:00,2026-09-29T10:39:36+08:00,FB5994
hkjc:50002795,50002795,Seongnam FC,2026-09-20T15:10:24+08:00,2026-09-20T15:10:24+08:00,FB5351
hkjc:50002798,50002798,Serbia,2026-09-24T11:14:49+08:00,2026-10-04T16:38:35+08:00,FB6251
hkjc:50002800,50002800,Serbia U21,2026-10-05T10:15:21+08:00,2026-10-05T10:15:21+08:00,FB6320
hkjc:50002809,50002809,Shabab Al Ahli,2026-10-02T10:26:46+08:00,2026-10-02T10:26:46+08:00,FB6105
hkjc:50002817,50002817,Sharjah FC,2026-09-30T10:16:54+08:00,2026-10-01T10:17:44+08:00,FB6046
hkjc:50002827,50002827,Shonan Bellmare,2026-09-25T09:43:21+08:00,2026-10-03T10:13:02+08:00,FB6145
hkjc:50002829,50002829,Shrewsbury,2026-09-25T09:43:21+08:00,2026-10-03T10:13:02+08:00,FB6164
hkjc:50002837,50002837,Singapore,2026-09-25T09:43:21+08:00,2026-10-01T10:17:44+08:00,FB6078
hkjc:50002840,50002840,Sint Truiden,2026-09-20T15:10:24+08:00,2026-09-20T15:10:24+08:00,FB5487
hkjc:50002857,50002857,Slovakia,2026-09-25T09:43:21+08:00,2026-10-02T10:26:46+08:00,FB6098
hkjc:50002859,50002859,Slovakia U21,2026-09-25T09:43:21+08:00,2026-10-02T10:26:46+08:00,FB6093
hkjc:50002862,50002862,Slovenia,2026-09-25T09:43:21+08:00,2026-10-03T10:13:02+08:00,FB6141
hkjc:50002863,50002863,Slovenia U21,2026-09-29T10:39:36+08:00,2026-10-02T10:26:46+08:00,FB6108
hkjc:50002868,50002868,Sonderjyske,2026-09-20T15:10:24+08:00,2026-09-20T15:10:24+08:00,FB5404
hkjc:50002871,50002871,South Africa,2026-09-26T09:48:00+08:00,2026-10-04T16:38:35+08:00,FB6287
hkjc:50002890,50002890,South Sudan,2026-09-25T09:43:21+08:00,2026-09-29T10:39:36+08:00,FB5998
hkjc:50002894,50002894,Spain,2026-09-25T09:43:21+08:00,2026-10-03T10:13:02+08:00,FB6139
hkjc:50002897,50002897,Spain U21,2026-09-25T09:43:21+08:00,2026-09-25T09:43:21+08:00,FB5765
hkjc:50002948,50002948,Sport Recife,2026-09-26T09:48:00+08:00,2026-10-02T10:26:46+08:00,FB6072
hkjc:50002954,50002954,Sporting Kansas City,2026-09-20T15:10:24+08:00,2026-10-02T10:26:46+08:00,FB6026
hkjc:50002963,50002963,St. Gallen,2026-09-20T15:10:24+08:00,2026-09-20T15:10:24+08:00,FB5490
hkjc:50002968,50002968,St. Pauli,2026-09-20T15:10:24+08:00,2026-09-20T15:10:24+08:00,FB5414
hkjc:50002970,50002970,St. Vincent and Grenadines,2026-09-30T10:16:54+08:00,2026-09-30T10:16:54+08:00,FB6022
hkjc:50002976,50002976,Start,2026-09-20T15:10:24+08:00,2026-09-20T15:10:24+08:00,FB5418
hkjc:50002985,50002985,Stockport,2026-09-25T09:43:21+08:00,2026-09-26T09:48:00+08:00,FB5768
hkjc:50002993,50002993,Sturm Graz,2026-09-20T15:10:24+08:00,2026-09-20T15:10:24+08:00,FB5482
hkjc:50002997,50002997,Sudan,2026-09-25T09:43:21+08:00,2026-09-29T10:39:36+08:00,FB5996
hkjc:50002999,50002999,Sukhothai,2026-09-20T15:10:24+08:00,2026-09-20T15:10:24+08:00,FB5428
hkjc:50003000,50003000,Sunderland,2026-09-20T15:10:24+08:00,2026-09-20T15:10:24+08:00,FB5439
hkjc:50003004,50003004,Suriname,2026-09-25T09:43:21+08:00,2026-10-02T10:26:46+08:00,FB6185
hkjc:50003010,50003010,Sweden,2026-09-25T09:43:21+08:00,2026-10-05T10:15:21+08:00,FB6300
hkjc:50003012,50003012,Sweden U21,2026-09-29T10:39:36+08:00,2026-10-05T10:15:21+08:00,FB6310
hkjc:50003017,50003017,Swindon,2026-09-25T09:43:21+08:00,2026-10-03T10:13:02+08:00,FB6163
hkjc:50003019,50003019,Switzerland,2026-09-25T09:43:21+08:00,2026-10-03T10:13:02+08:00,FB6141
hkjc:50003022,50003022,Switzerland U21,2026-09-25T09:43:21+08:00,2026-09-29T10:39:36+08:00,FB5980
hkjc:50003030,50003030,Syria,2026-09-27T09:39:17+08:00,2026-10-01T10:17:44+08:00,FB6074
hkjc:50003041,50003041,Tajikistan,2026-10-05T10:15:21+08:00,2026-10-05T10:15:21+08:00,FB6318
hkjc:50003045,50003045,Talleres,2026-10-03T10:13:02+08:00,2026-10-04T16:38:35+08:00,FB6196
hkjc:50003046,50003046,Tampa Bay Rowdies,2026-10-03T10:13:02+08:00,2026-10-03T10:13:02+08:00,FB6219
hkjc:50003048,50003048,Jaiba Brava,2026-09-20T15:10:24+08:00,2026-10-03T10:13:02+08:00,FB6113
hkjc:50003051,50003051,Tanzania,2026-09-25T09:43:21+08:00,2026-09-25T09:43:21+08:00,FB5763
hkjc:50003056,50003056,Telstar,2026-09-20T15:10:24+08:00,2026-09-20T15:10:24+08:00,FB5361
hkjc:50003058,50003058,Tenerife,2026-09-25T09:43:21+08:00,2026-10-05T10:15:21+08:00,FB6182
hkjc:50003062,50003062,Thailand,2026-09-26T09:48:00+08:00,2026-10-05T10:15:21+08:00,FB6281
hkjc:50003063,50003063,Thailand AM,2026-09-25T09:43:21+08:00,2026-09-26T09:48:00+08:00,FB5720
hkjc:50003065,50003065,Thailand Women,2026-09-20T15:10:24+08:00,2026-09-20T15:10:24+08:00,FB5570
hkjc:50003072,50003072,Thun,2026-09-20T15:10:24+08:00,2026-09-20T15:10:24+08:00,FB5485
hkjc:50003074,50003074,Tigre,2026-09-20T15:10:24+08:00,2026-10-04T16:38:35+08:00,FB6204
hkjc:50003075,50003075,Tigres UANL,2026-09-26T09:48:00+08:00,2026-09-27T09:39:17+08:00,FB5836
hkjc:50003076,50003076,Tijuana,2026-09-20T15:10:24+08:00,2026-09-26T09:48:00+08:00,FB5707
hkjc:50003083,50003083,Tochigi City,2026-09-20T15:10:24+08:00,2026-10-03T10:13:02+08:00,FB6131
hkjc:50003085,50003085,Tokushima Vortis,2026-09-25T09:43:21+08:00,2026-10-03T10:13:02+08:00,FB6128
hkjc:50003086,50003086,Tokyo Verdy,2026-09-29T10:39:36+08:00,2026-09-29T10:39:36+08:00,FB5971
hkjc:50003088,50003088,Toluca,2026-09-20T15:10:24+08:00,2026-09-26T09:48:00+08:00,FB5863
hkjc:50003092,50003092,Toronto FC,2026-09-20T15:10:24+08:00,2026-09-26T09:48:00+08:00,FB5819
hkjc:50003113,50003113,Tranmere,2026-09-25T09:43:21+08:00,2026-10-03T10:13:02+08:00,FB6158
hkjc:50003123,50003123,Trinidad and Tobago,2026-09-24T11:14:49+08:00,2026-10-04T16:38:35+08:00,FB6296
hkjc:50003128,50003128,Tromso,2026-09-20T15:10:24+08:00,2026-09-20T15:10:24+08:00,FB5416
hkjc:50003134,50003134,Tunisia,2026-09-24T11:14:49+08:00,2026-09-28T09:51:26+08:00,FB5947
hkjc:50003142,50003142,Turkiye,2026-09-25T09:43:21+08:00,2026-10-05T10:15:21+08:00,FB6293
hkjc:50003144,50003144,Turkiye U21,2026-09-25T09:43:21+08:00,2026-09-26T09:48:00+08:00,FB5790
hkjc:50003150,50003150,Twente,2026-09-20T15:10:24+08:00,2026-09-20T15:10:24+08:00,FB5360
hkjc:50003168,50003168,USA,2026-09-26T09:48:00+08:00,2026-10-03T10:13:02+08:00,FB6232
hkjc:50003183,50003183,Uganda,2026-09-24T11:14:49+08:00,2026-10-05T10:15:21+08:00,FB6316
hkjc:50003185,50003185,Ukraine,2026-09-25T09:43:21+08:00,2026-10-05T10:15:21+08:00,FB6294
hkjc:50003187,50003187,Ukraine U21,2026-09-25T09:43:21+08:00,2026-10-02T10:26:46+08:00,FB6096
hkjc:50003199,50003199,Union La Calera,2026-09-24T11:14:49+08:00,2026-09-26T09:48:00+08:00,FB5839
hkjc:50003201,50003201,Union Saint Gilloise,2026-09-20T15:10:24+08:00,2026-09-20T15:10:24+08:00,FB5484
hkjc:50003203,50003203,Union Santa Fe,2026-10-02T10:26:46+08:00,2026-10-03T10:13:02+08:00,FB6086
hkjc:50003206,50003206,United Arab Emirates,2026-09-24T11:14:49+08:00,2026-10-05T10:15:21+08:00,FB6319
hkjc:50003207,50003207,United Arab Emirates AM,2026-09-20T15:10:24+08:00,2026-09-20T15:10:24+08:00,FB5386
hkjc:50003210,50003210,Universidad Catolica,2026-09-24T11:14:49+08:00,2026-09-26T09:48:00+08:00,FB5839
hkjc:50003212,50003212,Universidad Chile,2026-09-24T11:14:49+08:00,2026-09-24T11:14:49+08:00,FB5636
hkjc:50003213,50003213,Universidad Concepcion,2026-10-02T10:26:46+08:00,2026-10-02T10:26:46+08:00,FB6091
hkjc:50003214,50003214,Universidad Guadalajara,2026-09-26T09:48:00+08:00,2026-10-04T16:38:35+08:00,FB6242
hkjc:50003221,50003221,Urawa Reds,2026-09-29T10:39:36+08:00,2026-09-29T10:39:36+08:00,FB5974
hkjc:50003222,50003222,Uruguay,2026-09-24T11:14:49+08:00,2026-09-28T09:51:26+08:00,FB5908
hkjc:50003243,50003243,Utrecht,2026-09-20T15:10:24+08:00,2026-09-20T15:10:24+08:00,FB5355
hkjc:50003245,50003245,Uzbekistan,2026-09-24T11:14:49+08:00,2026-10-05T10:15:21+08:00,FB6317
hkjc:50003246,50003246,Uzbekistan AM,2026-09-20T15:10:24+08:00,2026-10-03T10:13:02+08:00,FB6120
hkjc:50003256,50003256,Vaduz,2026-09-20T15:10:24+08:00,2026-09-20T15:10:24+08:00,FB5485
hkjc:50003258,50003258,Valencia,2026-09-20T15:10:24+08:00,2026-09-20T15:10:24+08:00,FB5509
hkjc:50003260,50003260,Valerenga,2026-09-20T15:10:24+08:00,2026-09-20T15:10:24+08:00,FB5417
hkjc:50003261,50003261,Valladolid,2026-09-20T15:10:24+08:00,2026-10-04T16:38:35+08:00,FB6179
hkjc:50003266,50003266,Vancouver Whitecaps,2026-09-20T15:10:24+08:00,2026-09-27T09:39:17+08:00,FB5829
hkjc:50003268,50003268,Vanraure Hachinohe,2026-09-25T09:43:21+08:00,2026-10-03T10:13:02+08:00,FB6143
hkjc:50003284,50003284,Vegalta Sendai,2026-09-20T15:10:24+08:00,2026-10-04T16:38:35+08:00,FB6136
hkjc:50003287,50003287,Velez Sarsfield,2026-09-20T15:10:24+08:00,2026-10-05T10:15:21+08:00,FB6199
hkjc:50003288,50003288,Venados,2026-10-02T10:26:46+08:00,2026-10-03T10:13:02+08:00,FB6114
hkjc:50003291,50003291,Venezuela,2026-09-27T09:39:17+08:00,2026-10-02T10:26:46+08:00,FB6118
hkjc:50003297,50003297,Venlo,2026-09-25T09:43:21+08:00,2026-10-04T16:38:35+08:00,FB6153
hkjc:50003298,50003298,Ventforet Kofu,2026-09-25T09:43:21+08:00,2026-10-03T10:13:02+08:00,FB6129
hkjc:50003307,50003307,Viborg,2026-09-20T15:10:24+08:00,2026-09-20T15:10:24+08:00,FB5406
hkjc:50003310,50003310,Vietnam,2026-09-26T09:48:00+08:00,2026-10-05T10:15:21+08:00,FB6282
hkjc:50003311,50003311,Vietnam AM,2026-09-20T15:10:24+08:00,2026-09-25T09:43:21+08:00,FB5703
hkjc:50003314,50003314,Vietnam Women,2026-09-20T15:10:24+08:00,2026-09-25T09:43:21+08:00,FB5667
hkjc:50003316,50003316,Viking,2026-09-20T15:10:24+08:00,2026-09-20T15:10:24+08:00,FB5545
hkjc:50003322,50003322,Vila Nova,2026-09-24T11:14:49+08:00,2026-10-03T10:13:02+08:00,FB6210
hkjc:50003323,50003323,Villarreal,2026-09-20T15:10:24+08:00,2026-09-20T15:10:24+08:00,FB5494
hkjc:50003328,50003328,Viseu,2026-09-20T15:10:24+08:00,2026-09-20T15:10:24+08:00,FB5401
hkjc:50003329,50003329,Vissel Kobe,2026-09-20T15:10:24+08:00,2026-09-20T15:10:24+08:00,FB5383
hkjc:50003330,50003330,Vitesse,2026-09-25T09:43:21+08:00,2026-10-03T10:13:02+08:00,FB6152
hkjc:50003331,50003331,Vitoria,2026-09-20T15:10:24+08:00,2026-09-20T15:10:24+08:00,FB5466
hkjc:50003336,50003336,Volendam,2026-09-25T09:43:21+08:00,2026-10-03T10:13:02+08:00,FB6148
hkjc:50003344,50003344,SK Beveren,2026-09-20T15:10:24+08:00,2026-09-20T15:10:24+08:00,FB5496
hkjc:50003347,50003347,Wales,2026-09-24T11:14:49+08:00,2026-10-04T16:38:35+08:00,FB6252
hkjc:50003348,50003348,Wales U21,2026-09-29T10:39:36+08:00,2026-09-29T10:39:36+08:00,FB5981
hkjc:50003349,50003349,Walsall,2026-09-25T09:43:21+08:00,2026-09-26T09:48:00+08:00,FB5776
hkjc:50003361,50003361,West Bromwich,2026-09-20T15:10:24+08:00,2026-09-20T15:10:24+08:00,FB5536
hkjc:50003363,50003363,Westerlo,2026-09-20T15:10:24+08:00,2026-09-20T15:10:24+08:00,FB5487
hkjc:50003380,50003380,Wolves,2026-09-20T15:10:24+08:00,2026-09-20T15:10:24+08:00,FB5536
hkjc:50003385,50003385,Wycombe,2026-09-25T09:43:21+08:00,2026-09-26T09:48:00+08:00,FB5769
hkjc:50003395,50003395,Yemen,2026-09-24T11:14:49+08:00,2026-09-30T10:16:54+08:00,FB6038
hkjc:50003400,50003400,Yokohama F.Marinos,2026-09-29T10:39:36+08:00,2026-09-29T10:39:36+08:00,FB5969
hkjc:50003402,50003402,York City,2026-09-25T09:43:21+08:00,2026-09-26T09:48:00+08:00,FB5784
hkjc:50003409,50003409,Zambia,2026-09-25T09:43:21+08:00,2026-09-25T09:43:21+08:00,FB5762
hkjc:50003420,50003420,Zimbabwe,2026-09-28T09:51:26+08:00,2026-09-28T09:51:26+08:00,FB5944
hkjc:50239611,50239611,Como,2026-09-20T15:10:24+08:00,2026-09-20T15:10:24+08:00,FB5379
hkjc:50240645,50240645,Colombia Women U20,2026-09-20T15:10:24+08:00,2026-09-26T09:48:00+08:00,FB5809
hkjc:50240646,50240646,Canada Women U20,2026-09-20T15:10:24+08:00,2026-09-20T15:10:24+08:00,FB5565
hkjc:50240649,50240649,Spain Women U20,2026-09-25T09:43:21+08:00,2026-09-27T09:39:17+08:00,FB5808
hkjc:50264497,50264497,Uzbekistan Women,2026-09-24T11:14:49+08:00,2026-09-25T09:43:21+08:00,FB5669
hkjc:50267252,50267252,CD Eldense,2026-09-25T09:43:21+08:00,2026-10-02T10:26:46+08:00,FB6084
hkjc:50267911,50267911,Iwaki FC,2026-09-25T09:43:21+08:00,2026-10-03T10:13:02+08:00,FB6142
hkjc:50267912,50267912,St. Louis City SC,2026-09-20T15:10:24+08:00,2026-10-01T10:17:44+08:00,FB6052
hkjc:50268766,50268766,Deportivo Maldonado,2026-10-02T10:26:46+08:00,2026-10-03T10:13:02+08:00,FB6123
hkjc:50282150,50282150,Chungbuk Cheongju,2026-09-20T15:10:24+08:00,2026-09-20T15:10:24+08:00,FB5349
hkjc:50282194,50282194,Ansan Greeners,2026-09-20T15:10:24+08:00,2026-09-20T15:10:24+08:00,FB5349
hkjc:50283453,50283453,Detroit City,2026-09-30T10:16:54+08:00,2026-10-03T10:13:02+08:00,FB6215
hkjc:50283454,50283454,Hartford Athletic,2026-09-20T15:10:24+08:00,2026-09-25T09:43:21+08:00,FB5739
hkjc:50283456,50283456,New Mexico Utd,2026-09-16T07:13:56+08:00,2026-10-04T16:38:35+08:00,FB6228
hkjc:50283457,50283457,Oakland Roots,2026-09-20T15:10:24+08:00,2026-10-03T10:13:02+08:00,FB6239
hkjc:50283462,50283462,Monterey Bay,2026-10-03T10:13:02+08:00,2026-10-03T10:13:02+08:00,FB6240
hkjc:50283463,50283463,Loudoun Utd,2026-09-25T09:43:21+08:00,2026-10-03T10:13:02+08:00,FB6216
hkjc:50283465,50283465,Birmingham Legion,2026-09-16T07:13:56+08:00,2026-10-03T10:13:02+08:00,FB6215
hkjc:50283468,50283468,Las Vegas Lights,2026-09-20T15:10:24+08:00,2026-10-03T10:13:02+08:00,FB6227
hkjc:50285722,50285722,Gimnasia Mendoza,2026-10-03T10:13:02+08:00,2026-10-05T10:15:21+08:00,FB6241
hkjc:50286103,50286103,Paju Frontier,2026-09-20T15:10:24+08:00,2026-09-20T15:10:24+08:00,FB5352
hkjc:50288636,50288636,Dominican Republic,2026-09-24T11:14:49+08:00,2026-10-05T10:15:21+08:00,FB6297
hkjc:50288881,50288881,Deportes Santa Cruz,2026-09-24T11:14:49+08:00,2026-09-27T09:39:17+08:00,FB5838
hkjc:50312807,50312807,Deportivo Riestra,2026-10-03T10:13:02+08:00,2026-10-05T10:15:21+08:00,FB6201
hkjc:50319129,50319129,Tegevajaro Miyazaki,2026-09-25T09:43:21+08:00,2026-10-04T16:38:35+08:00,FB6144
hkjc:50322929,50322929,Gimhae FC,2026-09-20T15:10:24+08:00,2026-09-20T15:10:24+08:00,FB5352
hkjc:50325170,50325170,Rhode Island FC,2026-09-30T10:16:54+08:00,2026-10-03T10:13:02+08:00,FB6214
hkjc:50325834,50325834,El Paso Locomotive,2026-09-20T15:10:24+08:00,2026-10-03T10:13:02+08:00,FB6218
hkjc:50331022,50331022,Deportes Concepcion,2026-09-26T09:48:00+08:00,2026-10-04T16:38:35+08:00,FB6305
hkjc:50334216,50334216,Atletico La Paz,2026-09-24T11:14:49+08:00,2026-10-03T10:13:02+08:00,FB6114
hkjc:50334218,50334218,Cancun FC,2026-09-20T15:10:24+08:00,2026-10-03T10:13:02+08:00,FB6224
hkjc:50334219,50334219,Tapatio,2026-09-20T15:10:24+08:00,2026-10-03T10:13:02+08:00,FB6224
hkjc:50334220,50334220,Tepatitlan,2026-10-02T10:26:46+08:00,2026-10-03T10:13:02+08:00,FB6113
hkjc:50334221,50334221,Tlaxcala,2026-09-20T15:10:24+08:00,2026-09-26T09:48:00+08:00,FB5853
hkjc:50353883,50353883,Seattle Reign Women,2026-09-26T09:48:00+08:00,2026-09-26T09:48:00+08:00,FB5868
hkjc:50353887,50353887,Rosengard Women,2026-09-26T09:48:00+08:00,2026-09-27T09:39:17+08:00,FB5844
hkjc:50353888,50353888,Hacken Women,2026-09-30T10:16:54+08:00,2026-09-30T10:16:54+08:00,FB6032
hkjc:50353889,50353889,Hammarby Women,2026-09-26T09:48:00+08:00,2026-09-26T09:48:00+08:00,FB5849
hkjc:50353890,50353890,Kristianstads Women,2026-09-26T09:48:00+08:00,2026-10-03T10:13:02+08:00,FB6191
hkjc:50353891,50353891,Djurgardens Women,2026-10-03T10:13:02+08:00,2026-10-04T16:38:35+08:00,FB6195
hkjc:50353893,50353893,Norrkoping Women,2026-10-03T10:13:02+08:00,2026-10-03T10:13:02+08:00,FB6192
hkjc:50353894,50353894,Pitea Women,2026-09-26T09:48:00+08:00,2026-10-03T10:13:02+08:00,FB6192
hkjc:50353895,50353895,Vaxjo Women,2026-09-26T09:48:00+08:00,2026-10-03T10:13:02+08:00,FB6191
hkjc:50353896,50353896,Vittsjo Women,2026-09-26T09:48:00+08:00,2026-10-03T10:13:02+08:00,FB6190
hkjc:50353897,50353897,Brommapojkarna Women,2026-09-26T09:48:00+08:00,2026-09-27T09:39:17+08:00,FB5848
hkjc:50353898,50353898,AIK Solna Women,2026-09-26T09:48:00+08:00,2026-10-04T16:38:35+08:00,FB6195
hkjc:50353901,50353901,Valerenga Women,2026-09-26T09:48:00+08:00,2026-10-04T16:38:35+08:00,FB6266
hkjc:50353902,50353902,Rosenborg Women,2026-10-04T16:34:33+08:00,2026-10-04T16:38:35+08:00,FB6266
hkjc:50353903,50353903,Brann Women,2026-09-26T09:48:00+08:00,2026-09-26T09:48:00+08:00,FB5856
hkjc:50353904,50353904,LSK Kvinner Women,2026-09-26T09:48:00+08:00,2026-10-04T16:38:35+08:00,FB6271
hkjc:50353905,50353905,Roa Women,2026-10-04T16:34:33+08:00,2026-10-04T16:38:35+08:00,FB6271
hkjc:50353906,50353906,Stabaek Women,2026-09-26T09:48:00+08:00,2026-10-04T16:38:35+08:00,FB6188
hkjc:50353907,50353907,Lyn Women,2026-09-26T09:48:00+08:00,2026-10-04T16:38:35+08:00,FB6269
hkjc:50353911,50353911,Pachuca Women,2026-10-05T10:15:21+08:00,2026-10-05T10:15:21+08:00,FB6322
hkjc:50353913,50353913,Monterrey Women,2026-10-03T10:13:02+08:00,2026-10-03T10:13:02+08:00,FB6246
hkjc:50353916,50353916,CF America Women,2026-10-03T10:13:02+08:00,2026-10-03T10:13:02+08:00,FB6246
hkjc:50353925,50353925,Toluca Women,2026-09-29T10:39:36+08:00,2026-10-05T10:15:21+08:00,FB6322
hkjc:50353926,50353926,Necaxa Women,2026-09-29T10:39:36+08:00,2026-09-29T10:39:36+08:00,FB5978
hkjc:50355584,50355584,Nagano Parceiro Women,2026-09-27T09:39:17+08:00,2026-09-27T09:39:17+08:00,FB5897
hkjc:50355585,50355585,Albirex Niigata Women,2026-09-27T09:39:17+08:00,2026-09-27T09:39:17+08:00,FB5900
hkjc:50355586,50355586,Elfen Saitama Women,2026-09-27T09:39:17+08:00,2026-09-27T09:39:17+08:00,FB5895
hkjc:50355587,50355587,Cerezo Osaka Women,2026-09-27T09:39:17+08:00,2026-09-27T09:39:17+08:00,FB5898
hkjc:50355588,50355588,Kobe Leonessa Women,2026-09-27T09:39:17+08:00,2026-10-03T10:13:02+08:00,FB6206
hkjc:50355589,50355589,JEF United Chiba Women,2026-09-27T09:39:17+08:00,2026-09-27T09:39:17+08:00,FB5896
hkjc:50355590,50355590,Mynavi Sendai Women,2026-09-27T09:39:17+08:00,2026-10-03T10:13:02+08:00,FB6206
hkjc:50355591,50355591,Nojima Stella Sagamihara Women,2026-09-27T09:39:17+08:00,2026-09-27T09:39:17+08:00,FB5897
hkjc:50355592,50355592,RB Omiya Ardija Women,2026-09-20T15:10:24+08:00,2026-09-27T09:39:17+08:00,FB5896
hkjc:50355593,50355593,Sanfrecce Hiroshima Women,2026-09-27T09:39:17+08:00,2026-09-27T09:39:17+08:00,FB5899
hkjc:50355594,50355594,Tokyo Verdy Women,2026-09-27T09:39:17+08:00,2026-10-03T10:13:02+08:00,FB6207
hkjc:50355595,50355595,Urawa Reds Women,2026-09-20T15:10:24+08:00,2026-10-03T10:13:02+08:00,FB6207
hkjc:50355596,50355596,Arsenal Women,2026-09-27T09:39:17+08:00,2026-10-04T16:38:35+08:00,FB6276
hkjc:50355597,50355597,Aston Villa Women,2026-09-27T09:39:17+08:00,2026-09-27T09:39:17+08:00,FB5913
hkjc:50355599,50355599,Chelsea Women,2026-09-27T09:39:17+08:00,2026-10-04T16:38:35+08:00,FB6275
hkjc:50355600,50355600,Crystal Palace Women,2026-09-27T09:39:17+08:00,2026-09-27T09:39:17+08:00,FB5915
hkjc:50355601,50355601,Everton Women,2026-09-27T09:39:17+08:00,2026-09-27T09:39:17+08:00,FB5916
hkjc:50355603,50355603,Liverpool Women,2026-09-27T09:39:17+08:00,2026-10-03T10:13:02+08:00,FB6247
hkjc:50355604,50355604,Manchester City Women,2026-09-26T09:48:00+08:00,2026-10-04T16:38:35+08:00,FB6276
hkjc:50355605,50355605,Manchester Utd Women,2026-09-27T09:39:17+08:00,2026-10-03T10:13:02+08:00,FB6247
hkjc:50355606,50355606,Tottenham Women,2026-09-27T09:39:17+08:00,2026-10-04T16:38:35+08:00,FB6274
hkjc:50355607,50355607,West Ham Women,2026-09-27T09:39:17+08:00,2026-10-04T16:38:35+08:00,FB6275
hkjc:50355608,50355608,Bayern Munich Women,2026-09-30T10:16:54+08:00,2026-10-03T10:13:02+08:00,FB6193
hkjc:50355609,50355609,Leverkusen Women,2026-10-02T10:26:46+08:00,2026-10-02T10:26:46+08:00,FB6155
hkjc:50355610,50355610,Hoffenheim Women,2026-10-04T16:34:33+08:00,2026-10-04T16:38:35+08:00,FB6262
hkjc:50355611,50355611,RB Leipzig Women,2026-10-03T10:13:02+08:00,2026-10-03T10:13:02+08:00,FB6194
hkjc:50355612,50355612,Werder Bremen Women,2026-10-02T10:26:46+08:00,2026-10-02T10:26:46+08:00,FB6155
hkjc:50355613,50355613,Wolfsburg Women,2026-10-04T16:34:33+08:00,2026-10-04T16:38:35+08:00,FB6265
hkjc:50355619,50355619,Inter Milan Women,2026-09-27T09:39:17+08:00,2026-10-04T16:38:35+08:00,FB6270
hkjc:50355620,50355620,Juventus Women,2026-09-26T09:48:00+08:00,2026-10-04T16:38:35+08:00,FB6268
hkjc:50355621,50355621,FC Como Women,2026-09-27T09:39:17+08:00,2026-10-04T16:38:35+08:00,FB6270
hkjc:50355622,50355622,Fiorentina Women,2026-09-27T09:39:17+08:00,2026-10-03T10:13:02+08:00,FB6220
hkjc:50355623,50355623,Lazio Women,2026-09-26T09:48:00+08:00,2026-10-03T10:13:02+08:00,FB6222
hkjc:50355624,50355624,Roma Women,2026-09-27T09:39:17+08:00,2026-10-03T10:13:02+08:00,FB6222
hkjc:50355625,50355625,AC Milan Women,2026-10-04T16:34:33+08:00,2026-10-04T16:38:35+08:00,FB6268
hkjc:50355626,50355626,Napoli Women,2026-09-26T09:48:00+08:00,2026-10-04T16:38:35+08:00,FB6267
hkjc:50355627,50355627,Sassuolo Women,2026-09-27T09:39:17+08:00,2026-10-03T10:13:02+08:00,FB6220
hkjc:50356280,50356280,Barcelona Women,2026-09-26T09:48:00+08:00,2026-10-04T16:38:35+08:00,FB6261
hkjc:50356281,50356281,Real Madrid Women,2026-09-26T09:48:00+08:00,2026-10-04T16:38:35+08:00,FB6261
hkjc:50356282,50356282,Eibar Women,2026-09-27T09:39:17+08:00,2026-10-04T16:38:35+08:00,FB6273
hkjc:50356284,50356284,Bilbao Women,2026-09-27T09:39:17+08:00,2026-09-27T09:39:17+08:00,FB5920
hkjc:50356285,50356285,Levante Badalona Women,2026-09-26T09:48:00+08:00,2026-10-03T10:13:02+08:00,FB6249
hkjc:50356286,50356286,Valencia Women,2026-09-27T09:39:17+08:00,2026-10-04T16:38:35+08:00,FB6277
hkjc:50356287,50356287,Atletico Madrid Women,2026-09-27T09:39:17+08:00,2026-09-27T09:39:17+08:00,FB5920
hkjc:50356288,50356288,CF Granada Women,2026-09-26T09:48:00+08:00,2026-10-04T16:38:35+08:00,FB6273
hkjc:50356289,50356289,Real Sociedad Women,2026-09-26T09:48:00+08:00,2026-10-04T16:38:35+08:00,FB6277
hkjc:50356290,50356290,Tenerife Women,2026-09-27T09:39:17+08:00,2026-10-04T16:38:35+08:00,FB6272
hkjc:50356294,50356294,Espanyol Women,2026-10-03T10:13:02+08:00,2026-10-03T10:13:02+08:00,FB6248
hkjc:50356297,50356297,Benfica Women,2026-09-30T10:16:54+08:00,2026-09-30T10:16:54+08:00,FB6041
hkjc:50356299,50356299,Twente Women,2026-10-04T16:34:33+08:00,2026-10-04T16:38:35+08:00,FB6304
hkjc:50356303,50356303,Servette Women,2026-10-01T10:17:44+08:00,2026-10-01T10:17:44+08:00,FB6058
hkjc:50356306,50356306,Paris Saint Germain Women,2026-10-01T10:17:44+08:00,2026-10-01T10:17:44+08:00,FB6059
hkjc:50356307,50356307,Lyon Women,2026-09-30T10:16:54+08:00,2026-09-30T10:16:54+08:00,FB6036
hkjc:50356308,50356308,Paris FC Women,2026-09-30T10:16:54+08:00,2026-09-30T10:16:54+08:00,FB6035
hkjc:50356309,50356309,Rangers Women,2026-09-27T09:39:17+08:00,2026-09-27T09:39:17+08:00,FB5934
hkjc:50356310,50356310,Hearts Women,2026-09-27T09:39:17+08:00,2026-10-04T16:38:35+08:00,FB6286
hkjc:50356311,50356311,Glasgow City Women,2026-09-27T09:39:17+08:00,2026-09-27T09:39:17+08:00,FB5935
hkjc:50356312,50356312,Hibernian Women,2026-10-04T16:34:33+08:00,2026-10-04T16:38:35+08:00,FB6286
hkjc:50356313,50356313,Celtic Women,2026-09-27T09:39:17+08:00,2026-09-27T09:39:17+08:00,FB5934
hkjc:50356444,50356444,Sevilla Women,2026-09-27T09:39:17+08:00,2026-10-03T10:13:02+08:00,FB6249
hkjc:50362113,50362113,Den Haag Women,2026-10-04T16:34:33+08:00,2026-10-04T16:38:35+08:00,FB6290
hkjc:50362114,50362114,Ajax Women,2026-10-04T16:34:33+08:00,2026-10-04T16:38:35+08:00,FB6289
hkjc:50362115,50362115,AZ Alkmaar Women,2026-10-04T16:34:33+08:00,2026-10-04T16:38:35+08:00,FB6303
hkjc:50362117,50362117,Feyenoord Women,2026-10-04T16:34:33+08:00,2026-10-04T16:38:35+08:00,FB6289
hkjc:50362119,50362119,Heerenveen Women,2026-10-04T16:34:33+08:00,2026-10-04T16:38:35+08:00,FB6291
hkjc:50362120,50362120,Zwolle Women,2026-10-04T16:34:33+08:00,2026-10-04T16:38:35+08:00,FB6291
hkjc:50362121,50362121,PSV Eindhoven Women,2026-10-04T16:34:33+08:00,2026-10-04T16:38:35+08:00,FB6290
hkjc:50362123,50362123,Utrecht Women,2026-10-04T16:34:33+08:00,2026-10-04T16:38:35+08:00,FB6304
hkjc:50362133,50362133,OH Leuven Women,2026-10-01T10:17:44+08:00,2026-10-01T10:17:44+08:00,FB6059
hkjc:50379870,50379870,Incheon Steel Women,2026-10-01T10:17:44+08:00,2026-10-05T10:15:21+08:00,FB6323
hkjc:50379871,50379871,Hwacheon FC Women,2026-10-01T10:17:44+08:00,2026-10-02T10:26:46+08:00,FB6079
hkjc:50379872,50379872,Suwon FC Women,2026-10-01T10:17:44+08:00,2026-10-02T10:26:46+08:00,FB6080
hkjc:50379873,50379873,Gyeongju FC Women,2026-10-01T10:17:44+08:00,2026-10-03T10:13:02+08:00,FB6082
hkjc:50379874,50379874,Sejong FC Women,2026-10-01T10:17:44+08:00,2026-10-05T10:15:21+08:00,FB6323
hkjc:50379875,50379875,Seoul City Women,2026-10-01T10:17:44+08:00,2026-10-05T10:15:21+08:00,FB6324
hkjc:50379876,50379876,Mungyeong Sangmu Women,2026-10-01T10:17:44+08:00,2026-10-05T10:15:21+08:00,FB6324
hkjc:50379877,50379877,Gangjin Swans Women,2026-10-01T10:17:44+08:00,2026-10-03T10:13:02+08:00,FB6081
hkjc:50397925,50397925,San Diego FC,2026-09-20T15:10:24+08:00,2026-09-26T09:48:00+08:00,FB5823
hkjc:50397926,50397926,Malmo Women,2026-09-26T09:48:00+08:00,2026-09-27T09:39:17+08:00,FB5848
hkjc:50397929,50397929,Honefoss Women,2026-09-26T09:48:00+08:00,2026-09-26T09:48:00+08:00,FB5859
hkjc:50429162,50429162,Belgrano Women,2026-10-02T10:26:46+08:00,2026-10-02T10:26:46+08:00,FB6169
hkjc:50429165,50429165,Ferro Carril Oeste Women,2026-09-25T09:43:21+08:00,2026-10-02T10:26:46+08:00,FB6168
hkjc:50429166,50429166,Gimnasia LP Women,2026-09-28T09:51:26+08:00,2026-09-28T09:51:26+08:00,FB5945
hkjc:50429167,50429167,Huracan Women,2026-10-02T10:26:46+08:00,2026-10-02T10:26:46+08:00,FB6170
hkjc:50429168,50429168,Independiente Women,2026-09-25T09:43:21+08:00,2026-09-25T09:43:21+08:00,FB5786
hkjc:50429170,50429170,Racing Club Women,2026-09-27T09:39:17+08:00,2026-10-02T10:26:46+08:00,FB6169
hkjc:50429171,50429171,River Plate Women,2026-09-27T09:39:17+08:00,2026-09-27T09:39:17+08:00,FB5904
hkjc:50429173,50429173,San Lorenzo Women,2026-10-02T10:26:46+08:00,2026-10-02T10:26:46+08:00,FB6170
hkjc:50429175,50429175,SAT Women,2026-09-28T09:51:26+08:00,2026-09-28T09:51:26+08:00,FB5945
hkjc:50430028,50430028,CSKA Moscow Women,2026-09-27T09:39:17+08:00,2026-09-27T09:39:17+08:00,FB5936
hkjc:50430034,50430034,Lokomotiv Moscow Women,2026-09-27T09:39:17+08:00,2026-09-27T09:39:17+08:00,FB5936
hkjc:50430577,50430577,Corinthians Women,2026-09-26T09:48:00+08:00,2026-10-03T10:13:02+08:00,FB6238
hkjc:50430587,50430587,Sao Paulo Women,2026-09-26T09:48:00+08:00,2026-10-03T10:13:02+08:00,FB6238
hkjc:50462420,50462420,Austria Vienna Women,2026-10-01T10:17:44+08:00,2026-10-01T10:17:44+08:00,FB6057
hkjc:50462436,50462436,London City Lionesses Women,2026-10-04T16:34:33+08:00,2026-10-04T16:38:35+08:00,FB6274
hkjc:50462444,50462444,Hamburg Women,2026-10-04T16:34:33+08:00,2026-10-04T16:38:35+08:00,FB6265
hkjc:50462445,50462445,Nurnberg Women,2026-10-04T16:34:33+08:00,2026-10-04T16:38:35+08:00,FB6262
hkjc:50462446,50462446,Union Berlin Women,2026-10-04T16:34:33+08:00,2026-10-04T16:38:35+08:00,FB6264
hkjc:50462454,50462454,Parma Women,2026-09-26T09:48:00+08:00,2026-10-03T10:13:02+08:00,FB6221
hkjc:50462455,50462455,Ternana Women,2026-09-27T09:39:17+08:00,2026-10-03T10:13:02+08:00,FB6221
hkjc:50462466,50462466,De Graafschap Women,2026-10-04T16:34:33+08:00,2026-10-04T16:38:35+08:00,FB6303
hkjc:50462484,50462484,DUX Logrono Women,2026-09-26T09:48:00+08:00,2026-10-04T16:38:35+08:00,FB6272
hkjc:50482779,50482779,Kalba FC,2026-10-02T10:26:46+08:00,2026-10-02T10:26:46+08:00,FB6106
hkjc:50482781,50482781,Ajman Club,2026-10-02T10:26:46+08:00,2026-10-02T10:26:46+08:00,FB6117
hkjc:50482783,50482783,Al Dhafra,2026-09-20T15:10:24+08:00,2026-10-01T10:17:44+08:00,FB6046
hkjc:50482785,50482785,Khor Fakkan,2026-10-02T10:26:46+08:00,2026-10-02T10:26:46+08:00,FB6104
hkjc:50522005,50522005,Lexington SC,2026-10-03T10:13:02+08:00,2026-10-03T10:13:02+08:00,FB6218
hkjc:50541356,50541356,Dubai United FC,2026-09-20T15:10:24+08:00,2026-10-01T10:17:44+08:00,FB6048
hkjc:50558129,50558129,Rayong,2026-09-20T15:10:24+08:00,2026-09-20T15:10:24+08:00,FB5427
hkjc:50562874,50562874,Albion FC,2026-09-26T09:48:00+08:00,2026-09-28T09:51:26+08:00,FB5812
hkjc:50562875,50562875,Central Espanol,2026-09-20T15:10:24+08:00,2026-10-03T10:13:02+08:00,FB6123
hkjc:50563251,50563251,Yongin FC,2026-09-20T15:10:24+08:00,2026-09-20T15:10:24+08:00,FB5419
hkjc:50566588,50566588,Boston Legacy Women,2026-09-26T09:48:00+08:00,2026-09-26T09:48:00+08:00,FB5868
hkjc:50566591,50566591,Eskilstuna Utd Women,2026-09-26T09:48:00+08:00,2026-10-03T10:13:02+08:00,FB6190
hkjc:50566592,50566592,Haugesund Women,2026-09-26T09:48:00+08:00,2026-10-04T16:38:35+08:00,FB6269
hkjc:50566593,50566593,Molde Women,2026-09-26T09:48:00+08:00,2026-10-04T16:38:35+08:00,FB6188
hkjc:50566595,50566595,Union Santa Fe Women,2026-10-02T10:26:46+08:00,2026-10-02T10:26:46+08:00,FB6168
hkjc:50566596,50566596,Sporting Club Jacksonville,2026-09-25T09:43:21+08:00,2026-09-30T10:16:54+08:00,FB6043
hkjc:50566597,50566597,Brooklyn FC,2026-09-30T10:16:54+08:00,2026-10-03T10:13:02+08:00,FB6214
hkjc:50581603,50581603,Eritrea,2026-09-30T10:16:54+08:00,2026-09-30T10:16:54+08:00,FB6055
hkjc:50585201,50585201,Athletic Club MG,2026-09-26T09:48:00+08:00,2026-10-02T10:26:46+08:00,FB6072
hkjc:50597760,50597760,Charlton Women,2026-09-26T09:48:00+08:00,2026-09-26T09:48:00+08:00,FB5878
hkjc:50600022,50600022,Hatta Club,2026-09-30T10:16:54+08:00,2026-10-01T10:17:44+08:00,FB6048
hkjc:50600409,50600409,Birmingham Women,2026-09-27T09:39:17+08:00,2026-09-30T10:16:54+08:00,FB6053
hkjc:50600412,50600412,Mainz Women,2026-10-03T10:13:02+08:00,2026-10-03T10:13:02+08:00,FB6194
hkjc:50600413,50600413,Stuttgart Women,2026-10-04T16:34:33+08:00,2026-10-04T16:38:35+08:00,FB6264
hkjc:50600414,50600414,Alaves Women,2026-10-03T10:13:02+08:00,2026-10-03T10:13:02+08:00,FB6248
hkjc:50600441,50600441,Hartberg,2026-09-20T15:10:24+08:00,2026-09-20T15:10:24+08:00,FB5483
hkjc:50600444,50600444,Como 1907 Women,2026-10-04T16:34:33+08:00,2026-10-04T16:38:35+08:00,FB6267
hkjc:50600446,50600446,HB Koge Women,2026-10-01T10:17:44+08:00,2026-10-01T10:17:44+08:00,FB6058
hkjc:50601674,50601674,Piratas FC,2026-09-24T11:14:49+08:00,2026-10-03T10:13:02+08:00,FB6226
hkjc:50601675,50601675,Cruz Azul Hidalgo,2026-09-26T09:48:00+08:00,2026-09-26T09:48:00+08:00,FB5854
hkjc:50601676,50601676,Alacranes de Durango,2026-09-26T09:48:00+08:00,2026-10-03T10:13:02+08:00,FB6225
hkjc:50602800,50602800,Celta Fortuna,2026-09-25T09:43:21+08:00,2026-10-04T16:38:35+08:00,FB6178
hkjc:50621165,50621165,Italy Women U20,2026-09-25T09:43:21+08:00,2026-09-26T09:48:00+08:00,FB5809
hkjc:50623690,50623690,Philippines AM,2026-09-20T15:10:24+08:00,2026-09-20T15:10:24+08:00,FB5576
hkjc:50626775,50626775,Al Orooba,2026-10-04T16:34:33+08:00,2026-10-04T16:38:35+08:00,FB6308
hkjc:50626777,50626777,FC Palm City,2026-09-29T10:39:36+08:00,2026-09-29T10:39:36+08:00,FB6017
hkjc:50626779,50626779,Al Arabi UAE,2026-10-04T16:34:33+08:00,2026-10-04T16:38:35+08:00,FB6308
hkjc:50626781,50626781,Al Jazirah Al Hamra,2026-09-29T10:39:36+08:00,2026-09-29T10:39:36+08:00,FB6016
hkjc:50626784,50626784,Fujairah FC,2026-09-29T10:39:36+08:00,2026-10-04T16:38:35+08:00,FB6307
hkjc:50628048,50628048,Dibba Al-Hisn,2026-09-29T10:39:36+08:00,2026-10-04T16:38:35+08:00,FB6307
