team_id,team_name,player_id,player_name,position_group,fetched_at_hkt,source
10249,Montpellier,348411,Mathieu Michel,keepers,2026-09-18T23:58:55+08:00,FotMob teams
10249,Montpellier,1079544,Simon Ngapandouetnbu,keepers,2026-09-18T23:58:55+08:00,FotMob teams
10249,Montpellier,1797603,Viktor Džodić,keepers,2026-09-18T23:58:55+08:00,FotMob teams
10249,Montpellier,2119601,Kevin Kamdem,keepers,2026-09-18T23:58:55+08:00,FotMob teams
10249,Montpellier,882978,Nelson Sissoko,defenders,2026-09-18T23:58:55+08:00,FotMob teams
10249,Montpellier,1098243,Yanis Zouaoui,defenders,2026-09-18T23:58:55+08:00,FotMob teams
10249,Montpellier,1697720,Naoufel El Hannach,defenders,2026-09-18T23:58:55+08:00,FotMob teams
10249,Montpellier,1643774,Yaël Mouanga,defenders,2026-09-18T23:58:55+08:00,FotMob teams
10249,Montpellier,604349,Julien Laporte,defenders,2026-09-18T23:58:55+08:00,FotMob teams
10249,Montpellier,880618,Théo Sainte-Luce,defenders,2026-09-18T23:58:55+08:00,FotMob teams
10249,Montpellier,1727021,Wilfried Ndollo Bille,defenders,2026-09-18T23:58:55+08:00,FotMob teams
10249,Montpellier,1074657,Daylam Meddah,defenders,2026-09-18T23:58:55+08:00,FotMob teams
10249,Montpellier,2172377,Tidiane Diallo,defenders,2026-09-18T23:58:55+08:00,FotMob teams
10249,Montpellier,2130485,Mathis Chambon,defenders,2026-09-18T23:58:55+08:00,FotMob teams
10249,Montpellier,319305,Florian Tardieu,midfielders,2026-09-18T23:58:55+08:00,FotMob teams
10249,Montpellier,2189224,Oscar Eyen,midfielders,2026-09-18T23:58:55+08:00,FotMob teams
10249,Montpellier,1900953,Nabil Homssa,midfielders,2026-09-18T23:58:55+08:00,FotMob teams
10249,Montpellier,1366624,Axel Guéguin,midfielders,2026-09-18T23:58:55+08:00,FotMob teams
10249,Montpellier,2130482,Hichem Abderrebi,midfielders,2026-09-18T23:58:55+08:00,FotMob teams
10249,Montpellier,1682404,Jérémy Hatchi,midfielders,2026-09-18T23:58:55+08:00,FotMob teams
10249,Montpellier,1927654,Noah Vidal-Cartoux,midfielders,2026-09-18T23:58:55+08:00,FotMob teams
10249,Montpellier,1670190,Théo Chennahi,midfielders,2026-09-18T23:58:55+08:00,FotMob teams
10249,Montpellier,1529945,Everson Junior,midfielders,2026-09-18T23:58:55+08:00,FotMob teams
10249,Montpellier,2119599,Gregory Ayem,midfielders,2026-09-18T23:58:55+08:00,FotMob teams
10249,Montpellier,2130483,Lacine Megnan-Pave,attackers,2026-09-18T23:58:55+08:00,FotMob teams
10249,Montpellier,1178331,Yassine Benhattab,attackers,2026-09-18T23:58:55+08:00,FotMob teams
10249,Montpellier,1167473,Mamadou Camara,attackers,2026-09-18T23:58:55+08:00,FotMob teams
10249,Montpellier,1610103,Nicolas Pays,attackers,2026-09-18T23:58:55+08:00,FotMob teams
10249,Montpellier,1804654,Nordan Mukiele,attackers,2026-09-18T23:58:55+08:00,FotMob teams
10249,Montpellier,2095083,Daryll Benlahlou,attackers,2026-09-18T23:58:55+08:00,FotMob teams
293352,Annecy FC,562994,Florian Escales,keepers,2026-09-18T23:56:46+08:00,FotMob teams
293352,Annecy FC,953926,Thomas Callens,keepers,2026-09-18T23:56:46+08:00,FotMob teams
293352,Annecy FC,1791801,Matéo Gonzalez,keepers,2026-09-18T23:56:46+08:00,FotMob teams
293352,Annecy FC,1729331,Adam Yahi,defenders,2026-09-18T23:56:46+08:00,FotMob teams
293352,Annecy FC,1578175,David Oduro,defenders,2026-09-18T23:56:46+08:00,FotMob teams
293352,Annecy FC,2119438,Emmanuel Louisir,defenders,2026-09-18T23:56:46+08:00,FotMob teams
293352,Annecy FC,2119445,Sacha Lima,defenders,2026-09-18T23:56:46+08:00,FotMob teams
293352,Annecy FC,640291,François Lajugie,defenders,2026-09-18T23:56:46+08:00,FotMob teams
293352,Annecy FC,1201593,Mattéo Veillon,defenders,2026-09-18T23:56:46+08:00,FotMob teams
293352,Annecy FC,1784619,Jonathan Do Marcolino,defenders,2026-09-18T23:56:46+08:00,FotMob teams
293352,Annecy FC,1523344,Julien Kouadio,defenders,2026-09-18T23:56:46+08:00,FotMob teams
293352,Annecy FC,2187457,Gabin Secretant,defenders,2026-09-18T23:56:46+08:00,FotMob teams
293352,Annecy FC,1700428,Esteban Riou,defenders,2026-09-18T23:56:46+08:00,FotMob teams
293352,Annecy FC,1524075,Thibault Delphis,defenders,2026-09-18T23:56:46+08:00,FotMob teams
293352,Annecy FC,120917,Ahmed Kashi,midfielders,2026-09-18T23:56:46+08:00,FotMob teams
293352,Annecy FC,1705429,Mohamed Koné,midfielders,2026-09-18T23:56:46+08:00,FotMob teams
293352,Annecy FC,1675988,Pascal Mozie,midfielders,2026-09-18T23:56:46+08:00,FotMob teams
293352,Annecy FC,1703178,Kilyan Jusseron-Veniere,midfielders,2026-09-18T23:56:46+08:00,FotMob teams
293352,Annecy FC,2119442,Esteban Marre,midfielders,2026-09-18T23:56:46+08:00,FotMob teams
293352,Annecy FC,934870,Clément Billemaz,midfielders,2026-09-18T23:56:46+08:00,FotMob teams
293352,Annecy FC,1487949,Nolan Ferro,midfielders,2026-09-18T23:56:46+08:00,FotMob teams
293352,Annecy FC,1791800,Paul Venot,midfielders,2026-09-18T23:56:46+08:00,FotMob teams
293352,Annecy FC,1695007,Alexis Casadei,midfielders,2026-09-18T23:56:46+08:00,FotMob teams
293352,Annecy FC,1243913,Dion Sahi,midfielders,2026-09-18T23:56:46+08:00,FotMob teams
293352,Annecy FC,2119440,Alan Mondesir,attackers,2026-09-18T23:56:46+08:00,FotMob teams
293352,Annecy FC,1074752,Thibault Rambaud,attackers,2026-09-18T23:56:46+08:00,FotMob teams
293352,Annecy FC,1362972,Kadan Young,attackers,2026-09-18T23:56:46+08:00,FotMob teams
293352,Annecy FC,1553363,Zépiqueno Redmond,attackers,2026-09-18T23:56:46+08:00,FotMob teams
293352,Annecy FC,820104,Antoine Larose,attackers,2026-09-18T23:56:46+08:00,FotMob teams
4116,Almere City FC,1074619,Jonas Wendlinger,keepers,2026-09-18T23:56:46+08:00,FotMob teams
4116,Almere City FC,1125079,Wessel Speel,keepers,2026-09-18T23:56:46+08:00,FotMob teams
4116,Almere City FC,1334580,Tristan Kuijsten,keepers,2026-09-18T23:56:46+08:00,FotMob teams
4116,Almere City FC,1738035,Malcolm Mateyo,keepers,2026-09-18T23:56:46+08:00,FotMob teams
4116,Almere City FC,1526787,Joël van der Wilt,keepers,2026-09-18T23:56:46+08:00,FotMob teams
4116,Almere City FC,1280255,Martin Wasinski,defenders,2026-09-18T23:56:46+08:00,FotMob teams
4116,Almere City FC,932540,Joey Jacobs,defenders,2026-09-18T23:56:46+08:00,FotMob teams
4116,Almere City FC,294966,James Lawrence,defenders,2026-09-18T23:56:46+08:00,FotMob teams
4116,Almere City FC,873558,Teun Bijleveld,defenders,2026-09-18T23:56:46+08:00,FotMob teams
4116,Almere City FC,1199132,Misha Engel,defenders,2026-09-18T23:56:46+08:00,FotMob teams
4116,Almere City FC,1251659,Emmanuel van de Blaak,defenders,2026-09-18T23:56:46+08:00,FotMob teams
4116,Almere City FC,1647374,Amoah Foah-Sam,defenders,2026-09-18T23:56:46+08:00,FotMob teams
4116,Almere City FC,1320889,Twan van der Zeeuw,defenders,2026-09-18T23:56:46+08:00,FotMob teams
4116,Almere City FC,1664153,Donte Apinsa,defenders,2026-09-18T23:56:46+08:00,FotMob teams
4116,Almere City FC,1709757,Tiziano Vianello,defenders,2026-09-18T23:56:46+08:00,FotMob teams
4116,Almere City FC,1451507,Jereno van Gom,defenders,2026-09-18T23:56:46+08:00,FotMob teams
4116,Almere City FC,2130315,Bas Pennock,defenders,2026-09-18T23:56:46+08:00,FotMob teams
4116,Almere City FC,562848,Damian van Bruggen,defenders,2026-09-18T23:56:46+08:00,FotMob teams
4116,Almere City FC,1311946,Jochem Ritmeester van de Kamp,midfielders,2026-09-18T23:56:46+08:00,FotMob teams
4116,Almere City FC,1183511,Enzo Cornelisse,midfielders,2026-09-18T23:56:46+08:00,FotMob teams
4116,Almere City FC,1255093,Milan de Haan,midfielders,2026-09-18T23:56:46+08:00,FotMob teams
4116,Almere City FC,873537,Jamie Jacobs,midfielders,2026-09-18T23:56:46+08:00,FotMob teams
4116,Almere City FC,873551,Mees Hoedemakers,midfielders,2026-09-18T23:56:46+08:00,FotMob teams
4116,Almere City FC,1596247,Olivier de Nijs,midfielders,2026-09-18T23:56:46+08:00,FotMob teams
4116,Almere City FC,1402625,Job Kalisvaart,midfielders,2026-09-18T23:56:46+08:00,FotMob teams
4116,Almere City FC,1553190,Hamza el Dahri,midfielders,2026-09-18T23:56:46+08:00,FotMob teams
4116,Almere City FC,1807465,Immanuel Goghli,midfielders,2026-09-18T23:56:46+08:00,FotMob teams
4116,Almere City FC,1665404,Lev Lenssen,midfielders,2026-09-18T23:56:46+08:00,FotMob teams
4116,Almere City FC,1079517,Byron Burgering,attackers,2026-09-18T23:56:46+08:00,FotMob teams
4116,Almere City FC,873527,Ferdy Druijf,attackers,2026-09-18T23:56:46+08:00,FotMob teams
4116,Almere City FC,1575701,Marley Dors,attackers,2026-09-18T23:56:46+08:00,FotMob teams
4116,Almere City FC,1624054,Emanuel Poku,attackers,2026-09-18T23:56:46+08:00,FotMob teams
4116,Almere City FC,1685074,Bas Huisman,attackers,2026-09-18T23:56:46+08:00,FotMob teams
4116,Almere City FC,1200016,Ruben Providence,attackers,2026-09-18T23:56:46+08:00,FotMob teams
4120,Rodez,700670,Quentin Braat,keepers,2026-09-18T23:56:46+08:00,FotMob teams
4120,Rodez,1177776,Lucas Margueron,keepers,2026-09-18T23:56:46+08:00,FotMob teams
4120,Rodez,1514593,Enzo Crombez,keepers,2026-09-18T23:56:46+08:00,FotMob teams
4120,Rodez,1515497,Cheick Doumbia,defenders,2026-09-18T23:56:46+08:00,FotMob teams
4120,Rodez,1592421,Mohamed Sylla,defenders,2026-09-18T23:56:46+08:00,FotMob teams
4120,Rodez,1438300,Raphaël Lipinski,defenders,2026-09-18T23:56:46+08:00,FotMob teams
4120,Rodez,1210664,Mathis Magnin,defenders,2026-09-18T23:56:46+08:00,FotMob teams
4120,Rodez,1688540,Corentin Roubiou,defenders,2026-09-18T23:56:46+08:00,FotMob teams
4120,Rodez,1003255,Evans Jean-Lambert,defenders,2026-09-18T23:56:46+08:00,FotMob teams
4120,Rodez,1791909,Dylan Vangi,defenders,2026-09-18T23:56:46+08:00,FotMob teams
4120,Rodez,1124761,Ryan Ponti,defenders,2026-09-18T23:56:46+08:00,FotMob teams
4120,Rodez,1523255,Loni Quenabio,defenders,2026-09-18T23:56:46+08:00,FotMob teams
4120,Rodez,1076509,Steven Luyambula Biwa,defenders,2026-09-18T23:56:46+08:00,FotMob teams
4120,Rodez,1529032,Jordan Correia,midfielders,2026-09-18T23:56:46+08:00,FotMob teams
4120,Rodez,1169693,Damjan Pavlović,midfielders,2026-09-18T23:56:46+08:00,FotMob teams
4120,Rodez,1664718,Mathis Saka,midfielders,2026-09-18T23:56:46+08:00,FotMob teams
4120,Rodez,1668298,Octave Joly,midfielders,2026-09-18T23:56:46+08:00,FotMob teams
4120,Rodez,1524547,Antonin Cartillier,midfielders,2026-09-18T23:56:46+08:00,FotMob teams
4120,Rodez,2119776,Yanis Dahalani,midfielders,2026-09-18T23:56:46+08:00,FotMob teams
4120,Rodez,1173790,Kenny Nagera,attackers,2026-09-18T23:56:46+08:00,FotMob teams
4120,Rodez,1385771,Nachon Nsingi,attackers,2026-09-18T23:56:46+08:00,FotMob teams
4120,Rodez,1390047,Mehdi Baaloudj,attackers,2026-09-18T23:56:46+08:00,FotMob teams
4120,Rodez,1481521,Mathis Touho,attackers,2026-09-18T23:56:46+08:00,FotMob teams
4120,Rodez,1248041,Hermann Tebily,attackers,2026-09-18T23:56:46+08:00,FotMob teams
4120,Rodez,1050814,Kelian Nsona,attackers,2026-09-18T23:56:46+08:00,FotMob teams
4120,Rodez,1108006,Marco Essimi,attackers,2026-09-18T23:56:46+08:00,FotMob teams
4120,Rodez,2130479,Djibril Mavounia,attackers,2026-09-18T23:56:46+08:00,FotMob teams
8149,Union Berlin,186557,Frederik Rønnow,keepers,2026-09-18T23:58:55+08:00,FotMob teams
8149,Union Berlin,451628,Carl Klaus,keepers,2026-09-18T23:58:55+08:00,FotMob teams
8149,Union Berlin,1156148,Matheo Raab,keepers,2026-09-18T23:58:55+08:00,FotMob teams
8149,Union Berlin,767800,Felix Uduokhai,defenders,2026-09-18T23:58:55+08:00,FotMob teams
8149,Union Berlin,1796861,Andrik Markgraf,defenders,2026-09-18T23:58:55+08:00,FotMob teams
8149,Union Berlin,1231677,Zeno Van Den Bosch,defenders,2026-09-18T23:58:55+08:00,FotMob teams
8149,Union Berlin,530858,Marvin Friedrich,defenders,2026-09-18T23:58:55+08:00,FotMob teams
8149,Union Berlin,1199947,Leopold Querfeld,defenders,2026-09-18T23:58:55+08:00,FotMob teams
8149,Union Berlin,1282582,Tom Rothe,defenders,2026-09-18T23:58:55+08:00,FotMob teams
8149,Union Berlin,622373,Josip Juranović,defenders,2026-09-18T23:58:55+08:00,FotMob teams
8149,Union Berlin,907495,Stanley N'Soki,defenders,2026-09-18T23:58:55+08:00,FotMob teams
8149,Union Berlin,1403332,Aljoscha Kemlein,midfielders,2026-09-18T23:58:55+08:00,FotMob teams
8149,Union Berlin,304348,Rani Khedira,midfielders,2026-09-18T23:58:55+08:00,FotMob teams
8149,Union Berlin,949673,Woo-Yeong Jeong,midfielders,2026-09-18T23:58:55+08:00,FotMob teams
8149,Union Berlin,836726,András Schäfer,midfielders,2026-09-18T23:58:55+08:00,FotMob teams
8149,Union Berlin,860260,Derrick Köhn,midfielders,2026-09-18T23:58:55+08:00,FotMob teams
8149,Union Berlin,304354,Janik Haberer,midfielders,2026-09-18T23:58:55+08:00,FotMob teams
8149,Union Berlin,792756,Michel Aebischer,midfielders,2026-09-18T23:58:55+08:00,FotMob teams
8149,Union Berlin,447959,Robert Skov,midfielders,2026-09-18T23:58:55+08:00,FotMob teams
8149,Union Berlin,166733,Christopher Trimmel,midfielders,2026-09-18T23:58:55+08:00,FotMob teams
8149,Union Berlin,852049,Kastriot Imeri,midfielders,2026-09-18T23:58:55+08:00,FotMob teams
8149,Union Berlin,1555056,Julien Friedrich,midfielders,2026-09-18T23:58:55+08:00,FotMob teams
8149,Union Berlin,1958812,Linus Guether,midfielders,2026-09-18T23:58:55+08:00,FotMob teams
8149,Union Berlin,609504,Oliver Burke,attackers,2026-09-18T23:58:55+08:00,FotMob teams
8149,Union Berlin,1520506,Livan Burcu,attackers,2026-09-18T23:58:55+08:00,FotMob teams
8149,Union Berlin,658440,Tim Skarke,attackers,2026-09-18T23:58:55+08:00,FotMob teams
8149,Union Berlin,1047670,Andrej Ilić,attackers,2026-09-18T23:58:55+08:00,FotMob teams
8149,Union Berlin,1242198,Marin Ljubičić,attackers,2026-09-18T23:58:55+08:00,FotMob teams
8149,Union Berlin,783585,Emmanuel Latte Lath,attackers,2026-09-18T23:58:55+08:00,FotMob teams
8149,Union Berlin,2062767,Mekhi Gray,attackers,2026-09-18T23:58:55+08:00,FotMob teams
8311,Clermont Foot,1334806,Massamba Ndiaye,keepers,2026-09-18T23:58:55+08:00,FotMob teams
8311,Clermont Foot,663034,Theo Guivarch,keepers,2026-09-18T23:58:55+08:00,FotMob teams
8311,Clermont Foot,916916,Andy Pelmard,defenders,2026-09-18T23:58:55+08:00,FotMob teams
8311,Clermont Foot,1641942,Ethan Kena Kabeya,defenders,2026-09-18T23:58:55+08:00,FotMob teams
8311,Clermont Foot,1698483,El Hadj Koné,defenders,2026-09-18T23:58:55+08:00,FotMob teams
8311,Clermont Foot,609634,Vital N'Simba,defenders,2026-09-18T23:58:55+08:00,FotMob teams
8311,Clermont Foot,593612,Yoann Salmier,defenders,2026-09-18T23:58:55+08:00,FotMob teams
8311,Clermont Foot,1632348,Ivan M'Bahia,defenders,2026-09-18T23:58:55+08:00,FotMob teams
8311,Clermont Foot,1740655,Matys Donavin,defenders,2026-09-18T23:58:55+08:00,FotMob teams
8311,Clermont Foot,1740657,Ibrahim Coulibaly,defenders,2026-09-18T23:58:55+08:00,FotMob teams
8311,Clermont Foot,568542,Kenji Van Boto,defenders,2026-09-18T23:58:55+08:00,FotMob teams
8311,Clermont Foot,1586536,Abdellah Baallal,midfielders,2026-09-18T23:58:55+08:00,FotMob teams
8311,Clermont Foot,1631397,Jean Grillot,midfielders,2026-09-18T23:58:55+08:00,FotMob teams
8311,Clermont Foot,1358583,Yuliwes Bellache,midfielders,2026-09-18T23:58:55+08:00,FotMob teams
8311,Clermont Foot,581137,Junior Sambia,midfielders,2026-09-18T23:58:55+08:00,FotMob teams
8311,Clermont Foot,1797477,Julien Astic,midfielders,2026-09-18T23:58:55+08:00,FotMob teams
8311,Clermont Foot,2187441,Noam Strotz,midfielders,2026-09-18T23:58:55+08:00,FotMob teams
8311,Clermont Foot,447107,Adrien Hunou,midfielders,2026-09-18T23:58:55+08:00,FotMob teams
8311,Clermont Foot,865030,Rominigue Kouamé,midfielders,2026-09-18T23:58:55+08:00,FotMob teams
8311,Clermont Foot,1531397,Allan Ackra,midfielders,2026-09-18T23:58:55+08:00,FotMob teams
8311,Clermont Foot,1342756,Luís Semedo,attackers,2026-09-18T23:58:55+08:00,FotMob teams
8311,Clermont Foot,1187449,Florian Bianchini,attackers,2026-09-18T23:58:55+08:00,FotMob teams
8311,Clermont Foot,1329301,Maïdine Douane,attackers,2026-09-18T23:58:55+08:00,FotMob teams
8311,Clermont Foot,1671490,Ousmane Diop,attackers,2026-09-18T23:58:55+08:00,FotMob teams
8311,Clermont Foot,1487957,Mohamed-Amine Bouchenna,attackers,2026-09-18T23:58:55+08:00,FotMob teams
8311,Clermont Foot,2119514,Arthur Saintorens,attackers,2026-09-18T23:58:55+08:00,FotMob teams
8311,Clermont Foot,1770621,Jean Tsamouna,attackers,2026-09-18T23:58:55+08:00,FotMob teams
8311,Clermont Foot,1797479,Enzo Cantero,attackers,2026-09-18T23:58:55+08:00,FotMob teams
8311,Clermont Foot,2119513,Christ Okou,attackers,2026-09-18T23:58:55+08:00,FotMob teams
8481,Nancy,1332797,Yanis Kouini,keepers,2026-09-18T23:56:46+08:00,FotMob teams
8481,Nancy,420866,Enzo Basilio,keepers,2026-09-18T23:56:46+08:00,FotMob teams
8481,Nancy,120090,Geoffrey Lembet,keepers,2026-09-18T23:56:46+08:00,FotMob teams
8481,Nancy,1804383,Kenzo Noel,keepers,2026-09-18T23:56:46+08:00,FotMob teams
8481,Nancy,1676539,Héliohdino Tavares,defenders,2026-09-18T23:56:46+08:00,FotMob teams
8481,Nancy,1273752,Nehemiah Fernandez,defenders,2026-09-18T23:56:46+08:00,FotMob teams
8481,Nancy,290996,Nicolas Saint-Ruf,defenders,2026-09-18T23:56:46+08:00,FotMob teams
8481,Nancy,1274059,Thierno Baldé,defenders,2026-09-18T23:56:46+08:00,FotMob teams
8481,Nancy,1668300,Elydjah Mendy,defenders,2026-09-18T23:56:46+08:00,FotMob teams
8481,Nancy,862631,Logan Ndenbe,defenders,2026-09-18T23:56:46+08:00,FotMob teams
8481,Nancy,1616868,Enzo Tacafred,defenders,2026-09-18T23:56:46+08:00,FotMob teams
8481,Nancy,1357639,Yannis Nahounou,defenders,2026-09-18T23:56:46+08:00,FotMob teams
8481,Nancy,1862273,Kouroufia Kebe,midfielders,2026-09-18T23:56:46+08:00,FotMob teams
8481,Nancy,1397981,Zakaria Fdaouch,midfielders,2026-09-18T23:56:46+08:00,FotMob teams
8481,Nancy,1520544,Walid Bouabdeli,midfielders,2026-09-18T23:56:46+08:00,FotMob teams
8481,Nancy,916593,Mamadou Fofana,midfielders,2026-09-18T23:56:46+08:00,FotMob teams
8481,Nancy,1868401,Hugo Barbier,midfielders,2026-09-18T23:56:46+08:00,FotMob teams
8481,Nancy,1797605,Yanis Delaveau,midfielders,2026-09-18T23:56:46+08:00,FotMob teams
8481,Nancy,684937,Jérémy Gelin,midfielders,2026-09-18T23:56:46+08:00,FotMob teams
8481,Nancy,1797606,Zakaria Ztouti,midfielders,2026-09-18T23:56:46+08:00,FotMob teams
8481,Nancy,1670633,Issam Bouaoune,midfielders,2026-09-18T23:56:46+08:00,FotMob teams
8481,Nancy,1791885,Chafik El Hansar,midfielders,2026-09-18T23:56:46+08:00,FotMob teams
8481,Nancy,1292334,Nordine Kandil,midfielders,2026-09-18T23:56:46+08:00,FotMob teams
8481,Nancy,1709768,Joël-Emmanuel Coulibaly,midfielders,2026-09-18T23:56:46+08:00,FotMob teams
8481,Nancy,1079490,Pape Meïssa Ba,attackers,2026-09-18T23:56:46+08:00,FotMob teams
8481,Nancy,1404397,Ilyes Housni,attackers,2026-09-18T23:56:46+08:00,FotMob teams
8481,Nancy,357224,Adrian Dabasse,attackers,2026-09-18T23:56:46+08:00,FotMob teams
8481,Nancy,1280185,Sidi Cissé,attackers,2026-09-18T23:56:46+08:00,FotMob teams
8481,Nancy,1582882,El Hadary Raheriniaina,attackers,2026-09-18T23:56:46+08:00,FotMob teams
8481,Nancy,1667650,Noam Jacquet,attackers,2026-09-18T23:56:46+08:00,FotMob teams
9791,Heracles,839879,Fabian de Keijzer,keepers,2026-09-18T23:56:46+08:00,FotMob teams
9791,Heracles,1342958,Timo Jansink,keepers,2026-09-18T23:56:46+08:00,FotMob teams
9791,Heracles,1795436,Leco Zeevalkink,keepers,2026-09-18T23:56:46+08:00,FotMob teams
9791,Heracles,1645927,Jop Tijink,defenders,2026-09-18T23:56:46+08:00,FotMob teams
9791,Heracles,1189222,Lorenzo Milani,defenders,2026-09-18T23:56:46+08:00,FotMob teams
9791,Heracles,1185235,Sava-Arangel Čestić,defenders,2026-09-18T23:56:46+08:00,FotMob teams
9791,Heracles,1276313,Mimeirhel Benita,defenders,2026-09-18T23:56:46+08:00,FotMob teams
9791,Heracles,1724263,Mario Borac,defenders,2026-09-18T23:56:46+08:00,FotMob teams
9791,Heracles,486835,Damon Mirani,defenders,2026-09-18T23:56:46+08:00,FotMob teams
9791,Heracles,1407327,Maurice Wrusch,defenders,2026-09-18T23:56:46+08:00,FotMob teams
9791,Heracles,1029359,David Vicente,defenders,2026-09-18T23:56:46+08:00,FotMob teams
9791,Heracles,213167,Mike te Wierik,defenders,2026-09-18T23:56:46+08:00,FotMob teams
9791,Heracles,897586,Manny Rodriguez,defenders,2026-09-18T23:56:46+08:00,FotMob teams
9791,Heracles,1459965,Stijn Bultman,defenders,2026-09-18T23:56:46+08:00,FotMob teams
9791,Heracles,1838672,Jeppe Wijnreder,defenders,2026-09-18T23:56:46+08:00,FotMob teams
9791,Heracles,1946391,Jesper Kerkdijk,defenders,2026-09-18T23:56:46+08:00,FotMob teams
9791,Heracles,997589,Djevencio van der Kust,midfielders,2026-09-18T23:56:46+08:00,FotMob teams
9791,Heracles,876899,David Tomić,midfielders,2026-09-18T23:56:46+08:00,FotMob teams
9791,Heracles,243439,Thomas Bruns,midfielders,2026-09-18T23:56:46+08:00,FotMob teams
9791,Heracles,632342,Jeff Reine-Adélaide,midfielders,2026-09-18T23:56:46+08:00,FotMob teams
9791,Heracles,1362393,Tristan van Gilst,midfielders,2026-09-18T23:56:46+08:00,FotMob teams
9791,Heracles,1313184,Rhys Bozinovski,midfielders,2026-09-18T23:56:46+08:00,FotMob teams
9791,Heracles,967481,Daniël van Kaam,midfielders,2026-09-18T23:56:46+08:00,FotMob teams
9791,Heracles,1455416,Diego van Oorschot,midfielders,2026-09-18T23:56:46+08:00,FotMob teams
9791,Heracles,1342969,Sem Scheperman,midfielders,2026-09-18T23:56:46+08:00,FotMob teams
9791,Heracles,1294785,Walid Ould-Chikh,midfielders,2026-09-18T23:56:46+08:00,FotMob teams
9791,Heracles,909245,Chafik Abbas,attackers,2026-09-18T23:56:46+08:00,FotMob teams
9791,Heracles,554971,Mario Engels,attackers,2026-09-18T23:56:46+08:00,FotMob teams
9791,Heracles,1626900,Vincent Poppler,attackers,2026-09-18T23:56:46+08:00,FotMob teams
9791,Heracles,1726752,Max Hauswirth,attackers,2026-09-18T23:56:46+08:00,FotMob teams
9791,Heracles,1281971,Yvandro Borges Sanches,attackers,2026-09-18T23:56:46+08:00,FotMob teams
9791,Heracles,1920988,Tarik Hamamioglu,attackers,2026-09-18T23:56:46+08:00,FotMob teams
9791,Heracles,1426200,Jean-Paul N'Djoli,attackers,2026-09-18T23:56:46+08:00,FotMob teams
9791,Heracles,1668128,Giandro Sambo,attackers,2026-09-18T23:56:46+08:00,FotMob teams
9791,Heracles,1838673,Sil Blokhuis,attackers,2026-09-18T23:56:46+08:00,FotMob teams
9791,Heracles,1203188,Fodé Fofana,attackers,2026-09-18T23:56:46+08:00,FotMob teams
9823,Bayern München,27299,Manuel Neuer,keepers,2026-09-18T23:58:55+08:00,FotMob teams
9823,Bayern München,94841,Sven Ulreich,keepers,2026-09-18T23:58:55+08:00,FotMob teams
9823,Bayern München,1285872,Jonas Urbig,keepers,2026-09-18T23:58:55+08:00,FotMob teams
9823,Bayern München,1664982,Leon Klanac,keepers,2026-09-18T23:58:55+08:00,FotMob teams
9823,Bayern München,1432341,Tarek Buchmann,defenders,2026-09-18T23:58:55+08:00,FotMob teams
9823,Bayern München,658554,Dayot Upamecano,defenders,2026-09-18T23:58:55+08:00,FotMob teams
9823,Bayern München,828159,Min-Jae Kim,defenders,2026-09-18T23:58:55+08:00,FotMob teams
9823,Bayern München,469700,Jonathan Tah,defenders,2026-09-18T23:58:55+08:00,FotMob teams
9823,Bayern München,1286183,Tom Bischof,defenders,2026-09-18T23:58:55+08:00,FotMob teams
9823,Bayern München,1395447,Nathaniel Brown,defenders,2026-09-18T23:58:55+08:00,FotMob teams
9823,Bayern München,751202,Alphonso Davies,defenders,2026-09-18T23:58:55+08:00,FotMob teams
9823,Bayern München,851626,Hiroki Ito,defenders,2026-09-18T23:58:55+08:00,FotMob teams
9823,Bayern München,1034808,Sacha Boey,defenders,2026-09-18T23:58:55+08:00,FotMob teams
9823,Bayern München,526827,Konrad Laimer,defenders,2026-09-18T23:58:55+08:00,FotMob teams
9823,Bayern München,1771196,Cassiano Kiala,defenders,2026-09-18T23:58:55+08:00,FotMob teams
9823,Bayern München,950824,Josip Stanišić,defenders,2026-09-18T23:58:55+08:00,FotMob teams
9823,Bayern München,460632,Joshua Kimmich,midfielders,2026-09-18T23:58:55+08:00,FotMob teams
9823,Bayern München,385437,Serge Gnabry,midfielders,2026-09-18T23:58:55+08:00,FotMob teams
9823,Bayern München,1156141,Jamal Musiala,midfielders,2026-09-18T23:58:55+08:00,FotMob teams
9823,Bayern München,1180288,Ismael Saibari,midfielders,2026-09-18T23:58:55+08:00,FotMob teams
9823,Bayern München,1904968,Erblin Osmani,midfielders,2026-09-18T23:58:55+08:00,FotMob teams
9823,Bayern München,1798782,Bara Ndiaye,midfielders,2026-09-18T23:58:55+08:00,FotMob teams
9823,Bayern München,1473580,Aleksandar Pavlović,midfielders,2026-09-18T23:58:55+08:00,FotMob teams
9823,Bayern München,1771197,David Santos Daiber,midfielders,2026-09-18T23:58:55+08:00,FotMob teams
9823,Bayern München,194165,Harry Kane,attackers,2026-09-18T23:58:55+08:00,FotMob teams
9823,Bayern München,860914,Luis Díaz,attackers,2026-09-18T23:58:55+08:00,FotMob teams
9823,Bayern München,1029063,Michael Olise,attackers,2026-09-18T23:58:55+08:00,FotMob teams
9823,Bayern München,1737700,Lennart Karl,attackers,2026-09-18T23:58:55+08:00,FotMob teams
9823,Bayern München,1970833,Bastian Assomo,attackers,2026-09-18T23:58:55+08:00,FotMob teams
9836,Dijon,109620,Paul Delecroix,keepers,2026-09-18T23:56:46+08:00,FotMob teams
9836,Dijon,2130480,Ilan Marie-Rose,keepers,2026-09-18T23:56:46+08:00,FotMob teams
9836,Dijon,2130498,Enzo Ketterle,keepers,2026-09-18T23:56:46+08:00,FotMob teams
9836,Dijon,2119522,Anass Benyahya,defenders,2026-09-18T23:56:46+08:00,FotMob teams
9836,Dijon,348437,Quentin Bernard,defenders,2026-09-18T23:56:46+08:00,FotMob teams
9836,Dijon,848555,Waly Diouf,defenders,2026-09-18T23:56:46+08:00,FotMob teams
9836,Dijon,1615470,Ben-Chayeel Hamada,defenders,2026-09-18T23:56:46+08:00,FotMob teams
9836,Dijon,2119523,Axel Bargain,defenders,2026-09-18T23:56:46+08:00,FotMob teams
9836,Dijon,1011073,Hugo Vargas-Ríos,defenders,2026-09-18T23:56:46+08:00,FotMob teams
9836,Dijon,1523246,Tom Meynadier,defenders,2026-09-18T23:56:46+08:00,FotMob teams
9836,Dijon,1121331,Lenny Lacroix,defenders,2026-09-18T23:56:46+08:00,FotMob teams
9836,Dijon,1792478,Moussa Faty,defenders,2026-09-18T23:56:46+08:00,FotMob teams
9836,Dijon,1755402,Ylan Aka,defenders,2026-09-18T23:56:46+08:00,FotMob teams
9836,Dijon,1221336,Ismaïl Bouleghcha,defenders,2026-09-18T23:56:46+08:00,FotMob teams
9836,Dijon,240725,Mickaël Barreto,midfielders,2026-09-18T23:56:46+08:00,FotMob teams
9836,Dijon,1401229,Paul Bellon,midfielders,2026-09-18T23:56:46+08:00,FotMob teams
9836,Dijon,425293,Jordan Marié,midfielders,2026-09-18T23:56:46+08:00,FotMob teams
9836,Dijon,1301698,Adel Lembezat,midfielders,2026-09-18T23:56:46+08:00,FotMob teams
9836,Dijon,1813094,Cesar Obongo,midfielders,2026-09-18T23:56:46+08:00,FotMob teams
9836,Dijon,2139615,Hatem Mimoune,midfielders,2026-09-18T23:56:46+08:00,FotMob teams
9836,Dijon,1669432,Abdelmajid Djae,attackers,2026-09-18T23:56:46+08:00,FotMob teams
9836,Dijon,1945731,Tyris Dong,attackers,2026-09-18T23:56:46+08:00,FotMob teams
9836,Dijon,853107,Yanis Barka,attackers,2026-09-18T23:56:46+08:00,FotMob teams
9836,Dijon,390647,Julio Tavarès,attackers,2026-09-18T23:56:46+08:00,FotMob teams
9836,Dijon,1128439,Brandon Ndezi,attackers,2026-09-18T23:56:46+08:00,FotMob teams
9836,Dijon,1231572,Samy Chouchane,attackers,2026-09-18T23:56:46+08:00,FotMob teams
9836,Dijon,1792459,Alexis Ntamack,attackers,2026-09-18T23:56:46+08:00,FotMob teams
9836,Dijon,1797090,Florian Rombogouera,attackers,2026-09-18T23:56:46+08:00,FotMob teams
9836,Dijon,1843478,Ange Lago,attackers,2026-09-18T23:56:46+08:00,FotMob teams
9837,Reims,299736,Alexis Sauvage,keepers,2026-09-18T23:58:55+08:00,FotMob teams
9837,Reims,1518139,Tom Hülsmann,keepers,2026-09-18T23:58:55+08:00,FotMob teams
9837,Reims,1186511,Edin Omeragic,keepers,2026-09-18T23:58:55+08:00,FotMob teams
9837,Reims,1469960,Soumaïla Sylla,keepers,2026-09-18T23:58:55+08:00,FotMob teams
9837,Reims,1724411,Aleksandr Guboglo,defenders,2026-09-18T23:58:55+08:00,FotMob teams
9837,Reims,726442,Joseph Okumu,defenders,2026-09-18T23:58:55+08:00,FotMob teams
9837,Reims,713924,Sergio Akieme,defenders,2026-09-18T23:58:55+08:00,FotMob teams
9837,Reims,1915948,Jean Mambuku,defenders,2026-09-18T23:58:55+08:00,FotMob teams
9837,Reims,1350982,Samuel Kotto,defenders,2026-09-18T23:58:55+08:00,FotMob teams
9837,Reims,1230286,Daouda Guindo,defenders,2026-09-18T23:58:55+08:00,FotMob teams
9837,Reims,1482273,Elie N'Tamon,defenders,2026-09-18T23:58:55+08:00,FotMob teams
9837,Reims,1210298,Armel Zohouri,defenders,2026-09-18T23:58:55+08:00,FotMob teams
9837,Reims,2159206,Theo Amorim,defenders,2026-09-18T23:58:55+08:00,FotMob teams
9837,Reims,1244903,Jean-Philippe Célestin,defenders,2026-09-18T23:58:55+08:00,FotMob teams
9837,Reims,1867219,John Otomewo,midfielders,2026-09-18T23:58:55+08:00,FotMob teams
9837,Reims,1190059,Théo Leoni,midfielders,2026-09-18T23:58:55+08:00,FotMob teams
9837,Reims,1401227,Yaya Fofana,midfielders,2026-09-18T23:58:55+08:00,FotMob teams
9837,Reims,1309372,Mory Gbane,midfielders,2026-09-18T23:58:55+08:00,FotMob teams
9837,Reims,1211445,John Patrick,midfielders,2026-09-18T23:58:55+08:00,FotMob teams
9837,Reims,1730219,Manzur Okwaro,midfielders,2026-09-18T23:58:55+08:00,FotMob teams
9837,Reims,2130490,Theo Deflorenne,midfielders,2026-09-18T23:58:55+08:00,FotMob teams
9837,Reims,2139588,Chamsedin Kouranfal,midfielders,2026-09-18T23:58:55+08:00,FotMob teams
9837,Reims,1584084,Ange Martial Tia,midfielders,2026-09-18T23:58:55+08:00,FotMob teams
9837,Reims,1332549,Amine Salama,attackers,2026-09-18T23:58:55+08:00,FotMob teams
9837,Reims,1919072,Tidiane Diarrassouba,attackers,2026-09-18T23:58:55+08:00,FotMob teams
9837,Reims,965349,Mohamed Daramy,attackers,2026-09-18T23:58:55+08:00,FotMob teams
9837,Reims,967093,Youssef El Kachati,attackers,2026-09-18T23:58:55+08:00,FotMob teams
9837,Reims,2008019,Arone Gadou,attackers,2026-09-18T23:58:55+08:00,FotMob teams
9837,Reims,2130487,Amine Kashi,attackers,2026-09-18T23:58:55+08:00,FotMob teams
9837,Reims,1479743,Ikechukwu Orazi,attackers,2026-09-18T23:58:55+08:00,FotMob teams
9837,Reims,1676541,Quentin Paris,attackers,2026-09-18T23:58:55+08:00,FotMob teams
9837,Reims,1703386,Hafiz Ibrahim,attackers,2026-09-18T23:58:55+08:00,FotMob teams
9837,Reims,1123587,Sambou Soumano,attackers,2026-09-18T23:58:55+08:00,FotMob teams
9855,Grenoble,678767,Alexandre Olliero,keepers,2026-09-18T23:58:55+08:00,FotMob teams
9855,Grenoble,427000,Bobby Allain,keepers,2026-09-18T23:58:55+08:00,FotMob teams
9855,Grenoble,1230494,Farouq Limouri,defenders,2026-09-18T23:58:55+08:00,FotMob teams
9855,Grenoble,1078287,Clément Vidal,defenders,2026-09-18T23:58:55+08:00,FotMob teams
9855,Grenoble,968952,Allan Tchaptchet,defenders,2026-09-18T23:58:55+08:00,FotMob teams
9855,Grenoble,1669441,Christ-Owen Kouassi,defenders,2026-09-18T23:58:55+08:00,FotMob teams
9855,Grenoble,1526613,Ange-Loïc N’Gatta,defenders,2026-09-18T23:58:55+08:00,FotMob teams
9855,Grenoble,1255850,Matthéo Xantippe,defenders,2026-09-18T23:58:55+08:00,FotMob teams
9855,Grenoble,1460533,Aurélien Pelon,defenders,2026-09-18T23:58:55+08:00,FotMob teams
9855,Grenoble,1692048,Sakhalou Niakaté,defenders,2026-09-18T23:58:55+08:00,FotMob teams
9855,Grenoble,1131254,Yvann Maçon,defenders,2026-09-18T23:58:55+08:00,FotMob teams
9855,Grenoble,951972,Yohann Magnin,midfielders,2026-09-18T23:58:55+08:00,FotMob teams
9855,Grenoble,1170864,Lucas Bernadou,midfielders,2026-09-18T23:58:55+08:00,FotMob teams
9855,Grenoble,1310262,Baptiste Mouazan,midfielders,2026-09-18T23:58:55+08:00,FotMob teams
9855,Grenoble,1244902,Mamady Bangré,midfielders,2026-09-18T23:58:55+08:00,FotMob teams
9855,Grenoble,754621,Maël Corboz,midfielders,2026-09-18T23:58:55+08:00,FotMob teams
9855,Grenoble,1276328,Nesta Zahui,midfielders,2026-09-18T23:58:55+08:00,FotMob teams
9855,Grenoble,1383394,Samba Diba,midfielders,2026-09-18T23:58:55+08:00,FotMob teams
9855,Grenoble,1633682,Owen Martinez-Jullien,midfielders,2026-09-18T23:58:55+08:00,FotMob teams
9855,Grenoble,1797589,Jules Mouton,midfielders,2026-09-18T23:58:55+08:00,FotMob teams
9855,Grenoble,1356322,Ze Leite,attackers,2026-09-18T23:58:55+08:00,FotMob teams
9855,Grenoble,949712,Moussa Djitté,attackers,2026-09-18T23:58:55+08:00,FotMob teams
9855,Grenoble,1526207,Arthur Lallias,attackers,2026-09-18T23:58:55+08:00,FotMob teams
9855,Grenoble,815766,Ugo Bonnet,attackers,2026-09-18T23:58:55+08:00,FotMob teams
9855,Grenoble,1226850,Leonardo Cerri,attackers,2026-09-18T23:58:55+08:00,FotMob teams
9855,Grenoble,1098784,Dillon Hoogewerf,attackers,2026-09-18T23:58:55+08:00,FotMob teams
9855,Grenoble,1602137,Mohamed Bechikh,attackers,2026-09-18T23:58:55+08:00,FotMob teams
9855,Grenoble,2130473,Kyliann Fofana,attackers,2026-09-18T23:58:55+08:00,FotMob teams
9855,Grenoble,1468976,Jean-Guy Akpa Akpro,attackers,2026-09-18T23:58:55+08:00,FotMob teams
